0,0,0,0.0121466980184518,0,0,0,0,-0.0273319050658192,0,0,-1,0,-0.311107694212366,0,0
0.01,6.08899684264681e-07,0.000121936415187145,0.0122405850189772,0,0,-1.36377225539307e-06,-0.000272472151288827,-0.0271625251919461,0,0,-1.00001551548668,-0.00309910753292334,-0.308713812372302,0,0
0.02,2.44185787042708e-06,0.000244811700379544,0.0123344720195026,0,0,-5.44379702998076e-06,-0.000543250503838923,-0.0269931453180731,0,0,-1.0000619023546,-0.00617427624744604,-0.306319930532239,0,0
0.03,5.50826325853974e-06,0.000368625855577197,0.012428359020028,0,0,-1.22231363363758e-05,-0.000812335057650289,-0.0268237654442001,0,0,-1.00013892121557,-0.00922550614356811,-0.303926048692176,0,0
0.04,9.8175045486552e-06,0.000493378880780104,0.0125222460205534,0,0,-2.16848521871908e-05,-0.00107972581272292,-0.026654385570327,0,0,-1.00024633268141,-0.0122527972212896,-0.301532166852112,0,0
0.05,1.5378970440826e-05,0.000619070775988265,0.0126161330210788,0,0,-3.38120065950385e-05,-0.00134542276905683,-0.026485005696454,0,0,-1.00038389736393,-0.0152561494806104,-0.299138285012049,0,0
0.06,2.22020496351047e-05,0.000745701541201679,0.0127100200216042,0,0,-4.85876615725316e-05,-0.001609425926652,-0.026315625822581,0,0,-1.00055137587496,-0.0182355629215305,-0.296744403171986,0,0
0.07,3.02961308315437e-05,0.000873271176420348,0.0128039070221296,0,0,-6.59948791322828e-05,-0.00187173528550845,-0.0261462459487079,0,0,-1.0007485288263,-0.0211910375440501,-0.294350521331922,0,0
0.08,3.96706027301958e-05,0.00100177968164427,0.012897794022655,0,0,-8.60167212869048e-05,-0.00213235084562616,-0.0259768660748349,0,0,-1.00097511682978,-0.024122573348169,-0.291956639491859,0,0
0.09,5.03348540311134e-05,0.00113122705687345,0.0129916810231803,0,0,-0.00010863625004901,-0.00239127260700515,-0.0258074862009619,0,0,-1.0012309004972,-0.0270301703338873,-0.289562757651796,0,0
0.1,6.22982734343489e-05,0.00126161330210788,0.0130855680237057,0,0,-0.000133836527431212,-0.0026485005696454,-0.0256381063270888,0,0,-1.00151564044039,-0.0299138285012049,-0.287168875811732,0,0
0.11,7.55702496399551e-05,0.00139293841734756,0.0131794550242311,0,0,-0.000161600615446123,-0.00290403473354692,-0.0254687264532158,0,0,-1.00182909727117,-0.0327735478501219,-0.284774993971669,0,0
0.12,9.01601713479844e-05,0.0015252024025925,0.0132733420247565,0,0,-0.000191911576106355,-0.00315787509870972,-0.0252993465793428,0,0,-1.00217103160134,-0.0356093283806383,-0.282381112131606,0,0
0.13,0.000106077427258489,0.00165840525784269,0.0133672290252819,0,0,-0.000224752471424521,-0.00341002166513378,-0.0251299667054697,0,0,-1.00254120404272,-0.038421170092754,-0.279987230291542,0,0
0.14,0.000123331406071522,0.00179254698309814,0.0134611160258073,0,0,-0.000260106363413234,-0.00366047443281911,-0.0249605868315967,0,0,-1.00293937520713,-0.0412090729864691,-0.277593348451479,0,0
0.15,0.000141931496487136,0.00192762757835884,0.0135550030263327,0,0,-0.000297956314085107,-0.00390923340176571,-0.0247912069577237,0,0,-1.00336530570639,-0.0439730370617836,-0.275199466611416,0,0
0.16,0.000161887087205383,0.00206364704362479,0.0136488900268581,0,0,-0.000338285385452753,-0.00415629857197358,-0.0246218270838506,0,0,-1.0038187561523,-0.0467130623186974,-0.272805584771353,0,0
0.17,0.000183207566926316,0.002200605378896,0.0137427770273835,0,0,-0.000381076639528783,-0.00440166994344272,-0.0244524472099776,0,0,-1.0042994871567,-0.0494291487572106,-0.270411702931289,0,0
0.18,0.000205902324349988,0.00233850258417246,0.0138366640279089,0,0,-0.000426313138325812,-0.00464534751617314,-0.0242830673361046,0,0,-1.00480725933139,-0.0521212963773232,-0.268017821091226,0,0
0.19,0.00022998074817645,0.00247733865945418,0.0139305510284343,0,0,-0.00047397794385645,-0.00488733129016482,-0.0241136874622315,0,0,-1.00534183328818,-0.0547895051790352,-0.265623939251163,0,0
0.2,0.000255452227105755,0.00261711360474115,0.0140244380289597,0,0,-0.000524054118133312,-0.00512762126541777,-0.0239443075883585,0,0,-1.00590296963891,-0.0574337751623465,-0.263230057411099,0,0
0.21,0.000282326149837957,0.00275782742003337,0.0141183250294851,0,0,-0.00057652472316901,-0.00536621744193199,-0.0237749277144855,0,0,-1.00649042899537,-0.0600541063272572,-0.260836175571036,0,0
0.22,0.000310611905073107,0.00289948010533085,0.0142122120300105,0,0,-0.000631372820976156,-0.00560311981970748,-0.0236055478406124,0,0,-1.00710397196939,-0.0626504986737672,-0.258442293730973,0,0
0.23,0.000340318881511258,0.00304207166063358,0.0143060990305358,0,0,-0.000688581473567364,-0.00583832839874423,-0.0234361679667394,0,0,-1.00774335917278,-0.0652229522018766,-0.256048411890909,0,0
0.24,0.000371456467852463,0.00318560208594157,0.0143999860310612,0,0,-0.000748133742955245,-0.00607184317904226,-0.0232667880928664,0,0,-1.00840835121737,-0.0677714669115854,-0.253654530050846,0,0
0.25,0.000404034052796774,0.00333007138125481,0.0144938730315866,0,0,-0.000810012691152413,-0.00630366416060156,-0.0230974082189933,0,0,-1.00909870871495,-0.0702960428028935,-0.251260648210783,0,0
0.26,0.000438061025044243,0.0034754795465733,0.014587760032112,0,0,-0.000874201380171481,-0.00653379134342213,-0.0229280283451203,0,0,-1.00981419227736,-0.072796679875801,-0.248866766370719,0,0
0.27,0.000473546773294924,0.00362182658189705,0.0146816470326374,0,0,-0.00094068287202506,-0.00676222472750397,-0.0227586484712473,0,0,-1.01055456251641,-0.0752733781303079,-0.246472884530656,0,0
0.28,0.000510500686248868,0.00376911248722605,0.0147755340331628,0,0,-0.00100944022872576,-0.00698896431284708,-0.0225892685973742,0,0,-1.01131958004391,-0.0777261375664142,-0.244079002690593,0,0
0.29,0.000548932152606129,0.0039173372625603,0.0148694210336882,0,0,-0.00108045651228621,-0.00721401009945145,-0.0224198887235012,0,0,-1.01210900547167,-0.0801549581841198,-0.241685120850529,0,0
0.3,0.000588850561066759,0.00406650090789981,0.0149633080342136,0,0,-0.001153714784719,-0.0074373620873171,-0.0222505088496282,0,0,-1.01292259941153,-0.0825598399834248,-0.239291239010466,0,0
0.31,0.000630265300330809,0.00421660342324458,0.015057195034739,0,0,-0.00122919810803675,-0.00765902027644402,-0.0220811289757551,0,0,-1.01376012247528,-0.0849407829643291,-0.236897357170403,0,0
0.32,0.000673185759098334,0.00436764480859459,0.0151510820352644,0,0,-0.00130688954425208,-0.0078789846668322,-0.0219117491018821,0,0,-1.01462133527475,-0.0872977871268328,-0.234503475330339,0,0
0.33,0.000717621326069385,0.00451962506394986,0.0152449690357898,0,0,-0.0013867721553776,-0.00809725525848166,-0.0217423692280091,0,0,-1.01550599842176,-0.0896308524709359,-0.232109593490276,0,0
0.34,0.000763581389944015,0.00467254418931039,0.0153388560363152,0,0,-0.00146882900342592,-0.00831383205139238,-0.021572989354136,0,0,-1.01641387252811,-0.0919399789966383,-0.229715711650213,0,0
0.35,0.000811075339422277,0.00482640218467617,0.0154327430368406,0,0,-0.00155304315040965,-0.00852871504556438,-0.021403609480263,0,0,-1.01734471820563,-0.0942251667039402,-0.22732182981015,0,0
0.36,0.000860112563204223,0.0049811990500472,0.015526630037366,0,0,-0.00163939765834141,-0.00874190424099764,-0.0212342296063899,0,0,-1.01829829606613,-0.0964864155928413,-0.224927947970086,0,0
0.37,0.000910702449989905,0.00513693478542348,0.0156205170378913,0,0,-0.00172787558923381,-0.00895339963769217,-0.0210648497325169,0,0,-1.01927436672142,-0.0987237256633419,-0.222534066130023,0,0
0.38,0.000962854388479377,0.00529360939080503,0.0157144040384167,0,0,-0.00181846000509946,-0.00916320123564798,-0.0208954698586439,0,0,-1.02027269078333,-0.100937096915442,-0.22014018428996,0,0
0.39,0.00101657776737269,0.00545122286619182,0.0158082910389421,0,0,-0.00191113396795097,-0.00937130903486505,-0.0207260899847708,0,0,-1.02129302886367,-0.103126529349141,-0.217746302449896,0,0
0.4,0.0010718819753699,0.00560977521158387,0.0159021780394675,0,0,-0.00200588053980096,-0.0095777230353434,-0.0205567101108978,0,0,-1.02233514157425,-0.10529202296444,-0.215352420609833,0,0
0.41,0.00112877640117105,0.00576926642698117,0.0159960650399929,0,0,-0.00210268278266205,-0.00978244323708301,-0.0203873302370248,0,0,-1.0233987895269,-0.107433577761338,-0.21295853876977,0,0
0.42,0.00118727043347621,0.00592969651238372,0.0160899520405183,0,0,-0.00220152375854683,-0.00998546964008389,-0.0202179503631518,0,0,-1.02448373333342,-0.109551193739835,-0.210564656929706,0,0
0.43,0.00124737346098541,0.00609106546779153,0.0161838390410437,0,0,-0.00230238652946793,-0.010186802244346,-0.0200485704892787,0,0,-1.02558973360563,-0.111644870899932,-0.208170775089643,0,0
0.44,0.00130909487239872,0.0062533732932046,0.0162777260415691,0,0,-0.00240525415743795,-0.0103864410498695,-0.0198791906154057,0,0,-1.02671655095536,-0.113714609241628,-0.20577689324958,0,0
0.45,0.00137244405641619,0.00641661998862292,0.0163716130420945,0,0,-0.00251010970446952,-0.0105843860566542,-0.0197098107415326,0,0,-1.02786394599441,-0.115760408764923,-0.203383011409516,0,0
0.46,0.00143743040173786,0.00658080555404649,0.0164655000426199,0,0,-0.00261693623257524,-0.0107806372647001,-0.0195404308676596,0,0,-1.0290316793346,-0.117782269469818,-0.200989129569453,0,0
0.47,0.0015040632970638,0.00674592998947532,0.0165593870431453,0,0,-0.00272571680376773,-0.0109751946740074,-0.0193710509937866,0,0,-1.03021951158774,-0.119780191356313,-0.19859524772939,0,0
0.48,0.00157235213109405,0.00691199329490939,0.0166532740436707,0,0,-0.00283643448005959,-0.0111680582845759,-0.0192016711199135,0,0,-1.03142720336566,-0.121754174424406,-0.196201365889326,0,0
0.49,0.00164230629252867,0.00707899547034873,0.0167471610441961,0,0,-0.00294907232346345,-0.0113592280964056,-0.0190322912460405,0,0,-1.03265451528017,-0.123704218674099,-0.193807484049263,0,0
0.5,0.00171393517006771,0.00724693651579331,0.0168410480447215,0,0,-0.00306361339599191,-0.0115487041094967,-0.0188629113721675,0,0,-1.03390120794308,-0.125630324105391,-0.1914136022092,0,0
0.51,0.00178724815241122,0.00741581643124316,0.0169349350452468,0,0,-0.00318004075965759,-0.011736486323849,-0.0186935314982944,0,0,-1.03516704196621,-0.127532490718283,-0.189019720369137,0,0
0.52,0.00186225462825926,0.00758563521669825,0.0170288220457722,0,0,-0.00329833747647309,-0.0119225747394626,-0.0185241516244214,0,0,-1.03645177796138,-0.129410718512774,-0.186625838529073,0,0
0.53,0.00193896398631187,0.0077563928721586,0.0171227090462976,0,0,-0.00341848660845104,-0.0121069693563374,-0.0183547717505484,0,0,-1.03775517654041,-0.131265007488864,-0.18423195668901,0,0
0.54,0.00201738561526912,0.00792808939762421,0.017216596046823,0,0,-0.00354047121760405,-0.0122896701744735,-0.0181853918766753,0,0,-1.0390769983151,-0.133095357646554,-0.181838074848947,0,0
0.55,0.00209752890383104,0.00810072479309506,0.0173104830473484,0,0,-0.00366427436594472,-0.0124706771938709,-0.0180160120028023,0,0,-1.04041700389728,-0.134901768985843,-0.179444193008883,0,0
0.56,0.0021794032406977,0.00827429905857117,0.0174043700478738,0,0,-0.00378987911548567,-0.0126499904145296,-0.0178466321289293,0,0,-1.04177495389876,-0.136684241506732,-0.17705031116882,0,0
0.57,0.00226301801456915,0.00844881219405254,0.0174982570483992,0,0,-0.00391726852823951,-0.0128276098364495,-0.0176772522550562,0,0,-1.04315060893135,-0.13844277520922,-0.174656429328757,0,0
0.58,0.00234838261414544,0.00862426419953916,0.0175921440489246,0,0,-0.00404642566621886,-0.0130035354596307,-0.0175078723811832,0,0,-1.04454372960688,-0.140177370093307,-0.172262547488693,0,0
0.59,0.00243550642812662,0.00880065507503103,0.01768603104945,0,0,-0.00417733359143633,-0.0131777672840732,-0.0173384925073102,0,0,-1.04595407653716,-0.141888026158994,-0.16986866564863,0,0
0.6,0.00252439884521274,0.00897798482052816,0.0177799180499754,0,0,-0.00430997536590453,-0.0133503053097769,-0.0171691126334371,0,0,-1.047381410334,-0.14357474340628,-0.167474783808567,0,0
0.61,0.00261506925410386,0.00915625343603054,0.0178738050505008,0,0,-0.00444433405163607,-0.0135211495367419,-0.0169997327595641,0,0,-1.04882549160922,-0.145237521835165,-0.165080901968503,0,0
0.62,0.00270752704350004,0.00933546092153818,0.0179676920510262,0,0,-0.00458039271064357,-0.0136902999649682,-0.0168303528856911,0,0,-1.05028608097464,-0.14687636144565,-0.16268702012844,0,0
0.63,0.00280178160210131,0.00951560727705106,0.0180615790515516,0,0,-0.00471813440493964,-0.0138577565944557,-0.016660973011818,0,0,-1.05176293904207,-0.148491262237734,-0.160293138288377,0,0
0.64,0.00289784231860774,0.0096966925025692,0.0181554660520769,0,0,-0.00485754219653689,-0.0140235194252045,-0.016491593137945,0,0,-1.05325582642333,-0.150082224211417,-0.157899256448313,0,0
0.65,0.00299571858171938,0.0098787165980926,0.0182493530526023,0,0,-0.00499859914744794,-0.0141875884572146,-0.016322213264072,0,0,-1.05476450373024,-0.1516492473667,-0.15550537460825,0,0
0.66,0.00309541978013628,0.0100616795636213,0.0183432400531277,0,0,-0.00514128831968539,-0.014349963690486,-0.0161528333901989,0,0,-1.05628873157461,-0.153192331703582,-0.153111492768187,0,0
0.67,0.00319695530255849,0.0102455813991552,0.0184371270536531,0,0,-0.00528559277526186,-0.0145106451250186,-0.0159834535163259,0,0,-1.05782827056825,-0.154711477222064,-0.150717610928124,0,0
0.68,0.00330033453768606,0.0104304221046943,0.0185310140541785,0,0,-0.00543149557618996,-0.0146696327608125,-0.0158140736424529,0,0,-1.05938288132299,-0.156206683922145,-0.14832372908806,0,0
0.69,0.00340556687421906,0.0106162016802387,0.0186249010547039,0,0,-0.00557897978448231,-0.0148269265978677,-0.0156446937685798,0,0,-1.06095232445063,-0.157677951803825,-0.145929847247997,0,0
0.7,0.00351266170085752,0.0108029201257884,0.0187187880552293,0,0,-0.00572802846215152,-0.0149825266361841,-0.0154753138947068,0,0,-1.062536360563,-0.159125280867105,-0.143535965407934,0,0
0.71,0.00362162840630151,0.0109905774413433,0.0188126750557547,0,0,-0.0058786246712102,-0.0151364328757618,-0.0153059340208338,0,0,-1.06413475027191,-0.160548671111984,-0.14114208356787,0,0
0.72,0.00373247637925107,0.0111791736269035,0.0189065620562801,0,0,-0.00603075147367096,-0.0152886453166008,-0.0151365541469607,0,0,-1.06574725418918,-0.161948122538462,-0.138748201727807,0,0
0.73,0.00384521500840626,0.0113687086824689,0.0190004490568055,0,0,-0.00618439193154642,-0.015439163958701,-0.0149671742730877,0,0,-1.06737363292662,-0.16332363514654,-0.136354319887744,0,0
0.74,0.00395985368246713,0.0115591826080396,0.0190943360573309,0,0,-0.00633952910684918,-0.0155879888020625,-0.0147977943992147,0,0,-1.06901364709605,-0.164675208936217,-0.13396043804768,0,0
0.75,0.00407640179013374,0.0117505954036155,0.0191882230578563,0,0,-0.00649614606159187,-0.0157351198466853,-0.0146284145253416,0,0,-1.07066705730928,-0.166002843907493,-0.131566556207617,0,0
0.76,0.00419486872010613,0.0119429470691967,0.0192821100583817,0,0,-0.00665422585778709,-0.0158805570925694,-0.0144590346514686,0,0,-1.07233362417814,-0.167306540060369,-0.129172674367554,0,0
0.77,0.00431526386108436,0.0121362376047832,0.0193759970589071,0,0,-0.00681375155744746,-0.0160243005397147,-0.0142896547775956,0,0,-1.07401310831443,-0.168586297394845,-0.12677879252749,0,0
0.78,0.00443759660176848,0.0123304670103749,0.0194698840594324,0,0,-0.00697470622258559,-0.0161663501881213,-0.0141202749037225,0,0,-1.07570527032997,-0.169842115910919,-0.124384910687427,0,0
0.79,0.00456187633085854,0.0125256352859718,0.0195637710599578,0,0,-0.0071370729152141,-0.0163067060377891,-0.0139508950298495,0,0,-1.07740987083659,-0.171073995608593,-0.121991028847364,0,0
0.8,0.0046881124370546,0.012721742431574,0.0196576580604832,0,0,-0.00730083469734558,-0.0164453680887183,-0.0137815151559765,0,0,-1.07912667044608,-0.172281936487866,-0.1195971470073,0,0
0.81,0.00481631430905671,0.0129187884471815,0.0197515450610086,0,0,-0.00746597463099267,-0.0165823363409087,-0.0136121352821034,0,0,-1.08085542977028,-0.173465938548739,-0.117203265167237,0,0
0.82,0.00494649133556491,0.0131167733327942,0.019845432061534,0,0,-0.00763247577816796,-0.0167176107943603,-0.0134427554082304,0,0,-1.082595909421,-0.174626001791211,-0.114809383327174,0,0
0.83,0.00507865290527927,0.0133156970884122,0.0199393190620594,0,0,-0.00780032120088407,-0.0168511914490733,-0.0132733755343574,0,0,-1.08434787001004,-0.175762126215283,-0.112415501487111,0,0
0.84,0.00521280840689984,0.0135155597140354,0.0200332060625848,0,0,-0.00796949396115362,-0.0169830783050475,-0.0131039956604843,0,0,-1.08611107214924,-0.176874311820953,-0.110021619647047,0,0
0.85,0.00534896722912666,0.0137163612096639,0.0201270930631102,0,0,-0.00813997712098923,-0.0171132713622829,-0.0129346157866113,0,0,-1.0878852764504,-0.177962558608224,-0.107627737806984,0,0
0.86,0.0054871387606598,0.0139181015752976,0.0202209800636356,0,0,-0.00831175374240349,-0.0172417706207797,-0.0127652359127383,0,0,-1.08967024352534,-0.179026866577093,-0.105233855966921,0,0
0.87,0.0056273323901993,0.0141207808109366,0.020314867064161,0,0,-0.00848480688740903,-0.0173685760805377,-0.0125958560388652,0,0,-1.09146573398588,-0.180067235727562,-0.102839974126857,0,0
0.88,0.00576955750644522,0.0143243989165808,0.0204087540646864,0,0,-0.00865911961801845,-0.017493687741557,-0.0124264761649922,0,0,-1.09327150844383,-0.18108366605963,-0.100446092286794,0,0
0.89,0.0059138234980976,0.0145289558922303,0.0205026410652118,0,0,-0.00883467499624437,-0.0176171056038376,-0.0122570962911192,0,0,-1.09508732751101,-0.182076157573298,-0.0980522104467306,0,0
0.9,0.00606013975385651,0.014734451737885,0.0205965280657372,0,0,-0.0090114560840994,-0.0177388296673794,-0.0120877164172461,0,0,-1.09691295179924,-0.183044710268565,-0.0956583286066673,0,0
0.91,0.00620851566242199,0.014940886453545,0.0206904150662626,0,0,-0.00918944594359616,-0.0178588599321825,-0.0119183365433731,0,0,-1.09874814192032,-0.183989324145431,-0.093264446766604,0,0
0.92,0.00635896061249409,0.0151482600392103,0.0207843020667879,0,0,-0.00936862763674725,-0.0179771963982468,-0.0117489566695001,0,0,-1.10059265848609,-0.184909999203897,-0.0908705649265407,0,0
0.93,0.00651148399277288,0.0153565724948808,0.0208781890673133,0,0,-0.0095489842255653,-0.0180938390655725,-0.011579576795627,0,0,-1.10244626210834,-0.185806735443962,-0.0884766830864773,0,0
0.94,0.00666609519195839,0.0155658238205566,0.0209720760678387,0,0,-0.00973049877206291,-0.0182087879341594,-0.011410196921754,0,0,-1.1043087133989,-0.186679532865626,-0.086082801246414,0,0
0.95,0.0068228035987507,0.0157760140162376,0.0210659630683641,0,0,-0.0099131543382527,-0.0183220430040076,-0.0112408170478809,0,0,-1.10617977296959,-0.18752839146889,-0.0836889194063507,0,0
0.96,0.00698161860184983,0.0159871430819238,0.0211598500688895,0,0,-0.0100969339861473,-0.018433604275117,-0.0110714371740079,0,0,-1.10805920143222,-0.188353311253753,-0.0812950375662874,0,0
0.97,0.00714254958995585,0.0161992110176154,0.0212537370694149,0,0,-0.0102818207777592,-0.0185434717474877,-0.0109020573001349,0,0,-1.10994675939861,-0.189154292220216,-0.0789011557262241,0,0
0.98,0.00730560595176882,0.0164122178233121,0.0213476240699403,0,0,-0.0104677977751012,-0.0186516454211197,-0.0107326774262618,0,0,-1.11184220748056,-0.189931334368278,-0.0765072738861608,0,0
0.99,0.00747079707598878,0.0166261634990142,0.0214415110704657,0,0,-0.0106548480401858,-0.018758125296013,-0.0105632975523888,0,0,-1.11374530628991,-0.190684437697939,-0.0741133920460975,0,0
1,0.00763813235131578,0.0168410480447214,0.0215353980709911,0,0,-0.0108429546350257,-0.0188629113721675,-0.0103939176785158,0,0,-1.11565581643846,-0.1914136022092,-0.0717195102060342,0,0
1.01,0.0078076211664499,0.017056871460434,0.0216292850715165,0,0,-0.0110321006216334,-0.0189660036495833,-0.0102245378046427,0,0,-1.11757349853803,-0.19211882790206,-0.0693256283659708,0,0
1.02,0.00797927291009115,0.0172736337461518,0.0217231720720419,0,0,-0.0112222690620216,-0.0190674021282603,-0.0100551579307697,0,0,-1.11949811320044,-0.192800114776519,-0.0669317465259075,0,0
1.03,0.00815309697093961,0.0174913349018748,0.0218170590725673,0,0,-0.0114134430182028,-0.0191671068081987,-0.00988577805689668,0,0,-1.1214294210375,-0.193457462832578,-0.0645378646858442,0,0
1.04,0.00832910273769534,0.0177099749276031,0.0219109460730927,0,0,-0.0116056055521897,-0.0192651176893983,-0.00971639818302365,0,0,-1.12336718266103,-0.194090872070236,-0.0621439828457809,0,0
1.05,0.00850729959905836,0.0179295538233367,0.0220048330736181,0,0,-0.011798739725995,-0.0193614347718591,-0.00954701830915061,0,0,-1.12531115868285,-0.194700342489494,-0.0597501010057176,0,0
1.06,0.00868769694372875,0.0181500715890755,0.0220987200741435,0,0,-0.0119928286016311,-0.0194560580555813,-0.00937763843527758,0,0,-1.12726110971476,-0.195285874090351,-0.0573562191656542,0,0
1.07,0.00887030416040655,0.0183715282248195,0.0221926070746688,0,0,-0.0121878552411108,-0.0195489875405647,-0.00920825856140455,0,0,-1.12921679636859,-0.195847466872807,-0.054962337325591,0,0
1.08,0.00905513063779182,0.0185939237305689,0.0222864940751942,0,0,-0.0123838027064466,-0.0196402232268094,-0.00903887868753151,0,0,-1.13117797925615,-0.196385120836862,-0.0525684554855277,0,0
1.09,0.00924218576458461,0.0188172581063234,0.0223803810757196,0,0,-0.0125806540596512,-0.0197297651143153,-0.00886949881365848,0,0,-1.13314441898927,-0.196898835982517,-0.0501745736454644,0,0
1.1,0.00943147892948498,0.0190415313520833,0.022474268076245,0,0,-0.0127783923627371,-0.0198176132030825,-0.00870011893978544,0,0,-1.13511587617974,-0.197388612309772,-0.047780691805401,0,0
1.11,0.00962301952119296,0.0192667434678483,0.0225681550767704,0,0,-0.012977000677717,-0.019903767493111,-0.00853073906591241,0,0,-1.1370921114394,-0.197854449818625,-0.0453868099653377,0,0
1.12,0.00981681692840863,0.0194928944536187,0.0226620420772958,0,0,-0.0131764620666036,-0.0199882279844008,-0.00836135919203937,0,0,-1.13907288538005,-0.198296348509078,-0.0429929281252744,0,0
1.13,0.010012880539832,0.0197199843093942,0.0227559290778212,0,0,-0.0133767595914093,-0.0200709946769518,-0.00819197931816634,0,0,-1.14105795861352,-0.198714308381131,-0.0405990462852111,0,0
1.14,0.0102112197441632,0.0199480130351751,0.0228498160783466,0,0,-0.0135778763141468,-0.0201520675707641,-0.00802259944429331,0,0,-1.14304709175162,-0.199108329434783,-0.0382051644451478,0,0
1.15,0.0104118439301022,0.0201769806309612,0.022943703078872,0,0,-0.0137797952968288,-0.0202314466658377,-0.00785321957042028,0,0,-1.14504004540616,-0.199478411670034,-0.0358112826050845,0,0
1.16,0.0106147624863491,0.0204068870967525,0.0230375900793974,0,0,-0.0139824996014678,-0.0203091319621725,-0.00768383969654724,0,0,-1.14703658018896,-0.199824555086884,-0.0334174007650211,0,0
1.17,0.0108199848016039,0.0206377324325491,0.0231314770799228,0,0,-0.0141859722900764,-0.0203851234597686,-0.00751445982267421,0,0,-1.14903645671183,-0.200146759685334,-0.0310235189249579,0,0
1.18,0.0110275202645668,0.020869516638351,0.0232253640804482,0,0,-0.0143901964246673,-0.020459421158626,-0.00734507994880117,0,0,-1.1510394355866,-0.200445025465383,-0.0286296370848945,0,0
1.19,0.0112373782639376,0.0211022397141581,0.0233192510809736,0,0,-0.0145951550672531,-0.0205320250587447,-0.00717570007492814,0,0,-1.15304527742508,-0.200719352427032,-0.0262357552448312,0,0
1.2,0.0114495681884166,0.0213359016599705,0.0234131380814989,0,0,-0.0148008312798464,-0.0206029351601246,-0.0070063202010551,0,0,-1.15505374283908,-0.20096974057028,-0.0238418734047679,0,0
1.21,0.0116640994267037,0.0215705024757881,0.0235070250820243,0,0,-0.0150072081244598,-0.0206721514627658,-0.00683694032718207,0,0,-1.15706459244042,-0.201196189895127,-0.0214479915647046,0,0
1.22,0.0118809813674991,0.0218060421616109,0.0236009120825497,0,0,-0.0152142686631059,-0.0207396739666682,-0.00666756045330903,0,0,-1.15907758684092,-0.201398700401574,-0.0190541097246412,0,0
1.23,0.0121002233995026,0.0220425207174391,0.0236947990830751,0,0,-0.0154219959577974,-0.0208055026718319,-0.006498180579436,0,0,-1.16109248665239,-0.20157727208962,-0.016660227884578,0,0
1.24,0.0123218349114145,0.0222799381432725,0.0237886860836005,0,0,-0.0156303730705468,-0.0208696375782569,-0.00632880070556296,0,0,-1.16310905248665,-0.201731904959266,-0.0142663460445145,0,0
1.25,0.0125458252919348,0.0225182944391111,0.0238825730841259,0,0,-0.0158393830633667,-0.0209320786859432,-0.00615942083168994,0,0,-1.16512704495552,-0.201862599010511,-0.0118724642044514,0,0
1.26,0.0127722039297634,0.022757589604955,0.0239764600846513,0,0,-0.0160490089982699,-0.0209928259948907,-0.0059900409578169,0,0,-1.1671462246708,-0.201969354243355,-0.00947858236438797,0,0
1.27,0.0130009802136006,0.0229978236408041,0.0240703470851767,0,0,-0.0162592339372688,-0.0210518795050995,-0.00582066108394387,0,0,-1.16916635224432,-0.202052170657798,-0.00708470052432476,0,0
1.28,0.0132321635321462,0.0232389965466585,0.0241642340857021,0,0,-0.0164700409423761,-0.0211092392165696,-0.00565128121007083,0,0,-1.1711871882879,-0.202111048253841,-0.00469081868426141,0,0
1.29,0.0134657632741004,0.0234811083225181,0.0242581210862275,0,0,-0.0166814130756044,-0.0211649051293009,-0.0054819013361978,0,0,-1.17320849341334,-0.202145987031484,-0.00229693684419807,0,0
1.3,0.0137017888281632,0.023724158968383,0.0243520080867529,0,0,-0.0168933333989663,-0.0212188772432935,-0.00531252146232477,0,0,-1.17523002823246,-0.202156986990725,9.69449958651952e-05,0,0
1.31,0.0139402495830348,0.0239681484842532,0.0244458950872783,0,0,-0.0171057849744744,-0.0212711555585474,-0.00514314158845173,0,0,-1.17725155335709,-0.202144048131566,0.00249082683592851,0,0
1.32,0.014181154927415,0.0242130768701286,0.0245397820878037,0,0,-0.0173187508641414,-0.0213217400750626,-0.0049737617145787,0,0,-1.17927282939903,-0.202107170454007,0.00488470867599185,0,0
1.33,0.014424514250004,0.0244589441260093,0.0246336690883291,0,0,-0.0175322141299799,-0.021370630792839,-0.00480438184070566,0,0,-1.18129361697011,-0.202046353958046,0.0072785905160552,0,0
1.34,0.0146703369395019,0.0247057502518952,0.0247275560888544,0,0,-0.0177461578340024,-0.0214178277118767,-0.00463500196683263,0,0,-1.18331367668213,-0.201961598643686,0.00967247235611851,0,0
1.35,0.0149186323846086,0.0249534952477864,0.0248214430893798,0,0,-0.0179605650382216,-0.0214633308321757,-0.0044656220929596,0,0,-1.18533276914692,-0.201852904510924,0.0120663541961818,0,0
1.36,0.0151694099740243,0.0252021791136828,0.0249153300899052,0,0,-0.0181754188046501,-0.0215071401537359,-0.00429624221908656,0,0,-1.18735065497629,-0.201720271559762,0.0144602360362451,0,0
1.37,0.0154226790964489,0.0254518018495845,0.0250092170904306,0,0,-0.0183907021953005,-0.0215492556765574,-0.00412686234521352,0,0,-1.18936709478206,-0.201563699790199,0.0168541178763085,0,0
1.38,0.0156784491405826,0.0257023634554914,0.025103104090956,0,0,-0.0186063982721855,-0.0215896774006402,-0.00395748247134049,0,0,-1.19138184917603,-0.201383189202236,0.0192479997163717,0,0
1.39,0.0159367294951255,0.0259538639314036,0.0251969910914814,0,0,-0.0188224900973176,-0.0216284053259842,-0.00378810259746746,0,0,-1.19339467877004,-0.201178739795872,0.0216418815564351,0,0
1.4,0.0161975295487774,0.026206303277321,0.0252908780920068,0,0,-0.0190389607327094,-0.0216654394525895,-0.00361872272359442,0,0,-1.19540534417589,-0.200950351571107,0.0240357633964984,0,0
1.41,0.0164608586902386,0.0264596814932437,0.0253847650925322,0,0,-0.0192557932403736,-0.0217007797804561,-0.00344934284972139,0,0,-1.1974136060054,-0.200698024527942,0.0264296452365617,0,0
1.42,0.016726726308209,0.0267139985791717,0.0254786520930576,0,0,-0.0194729706823227,-0.021734426309584,-0.00327996297584835,0,0,-1.19941922487039,-0.200421758666376,0.0288235270766251,0,0
1.43,0.0169951417913887,0.0269692545351049,0.025572539093583,0,0,-0.0196904761205694,-0.0217663790399731,-0.00311058310197532,0,0,-1.20142196138267,-0.200121553986409,0.0312174089166883,0,0
1.44,0.0172661145284777,0.0272254493610433,0.0256664260941084,0,0,-0.0199082926171264,-0.0217966379716235,-0.00294120322810229,0,0,-1.20342157615405,-0.199797410488042,0.0336112907567516,0,0
1.45,0.0175396539081762,0.0274825830569871,0.0257603130946338,0,0,-0.0201264032340061,-0.0218252031045351,-0.00277182335422925,0,0,-1.20541782979637,-0.199449328171274,0.036005172596815,0,0
1.46,0.0178157693191842,0.027740655622936,0.0258542000951592,0,0,-0.0203447910332213,-0.021852074438708,-0.00260244348035622,0,0,-1.20741048292142,-0.199077307036106,0.0383990544368782,0,0
1.47,0.0180944701502016,0.0279996670588902,0.0259480870956845,0,0,-0.0205634390767845,-0.0218772519741422,-0.00243306360648319,0,0,-1.20939929614103,-0.198681347082537,0.0407929362769416,0,0
1.48,0.0183757657899287,0.0282596173648497,0.0260419740962099,0,0,-0.0207823304267083,-0.0219007357108377,-0.00226368373261016,0,0,-1.21138403006701,-0.198261448310567,0.0431868181170048,0,0
1.49,0.0186596656270653,0.0285205065408144,0.0261358610967353,0,0,-0.0210014481450054,-0.0219225256487944,-0.00209430385873712,0,0,-1.21336444531118,-0.197817610720197,0.0455806999570682,0,0
1.5,0.0189461790503116,0.0287823345867844,0.0262297480972607,0,0,-0.0212207752936884,-0.0219426217880124,-0.00192492398486409,0,0,-1.21534030248535,-0.197349834311426,0.0479745817971315,0,0
1.51,0.0192353154483677,0.0290451015027596,0.0263236350977861,0,0,-0.0214402949347699,-0.0219610241284917,-0.00175554411099105,0,0,-1.21731136220134,-0.196858119084254,0.0503684636371948,0,0
1.52,0.0195270842099335,0.0293088072887401,0.0264175220983115,0,0,-0.0216599901302625,-0.0219777326702323,-0.00158616423711802,0,0,-1.21927738507097,-0.196342465038682,0.0527623454772582,0,0
1.53,0.0198214947237092,0.0295734519447259,0.0265114090988369,0,0,-0.0218798439421787,-0.0219927474132341,-0.00141678436324499,0,0,-1.22123813170606,-0.195802872174709,0.0551562273173214,0,0
1.54,0.0201185563783947,0.0298390354707169,0.0266052960993623,0,0,-0.0220998394325313,-0.0220060683574972,-0.00124740448937195,0,0,-1.22319336271841,-0.195239340492335,0.0575501091573847,0,0
1.55,0.0204182785626902,0.0301055578667131,0.0266991830998877,0,0,-0.0223199596633329,-0.0220176955030215,-0.00107802461549892,0,0,-1.22514283871984,-0.194651869991561,0.0599439909974481,0,0
1.56,0.0207206706652957,0.0303730191327146,0.0267930701004131,0,0,-0.022540187696596,-0.0220276288498071,-0.000908644741625887,0,0,-1.22708632032218,-0.194040460672386,0.0623378728375114,0,0
1.57,0.0210257420749112,0.0306414192687214,0.0268869571009385,0,0,-0.0227605065943332,-0.022035868397854,-0.000739264867752851,0,0,-1.22902356813723,-0.193405112534811,0.0647317546775747,0,0
1.58,0.0213335021802368,0.0309107582747334,0.0269808441014639,0,0,-0.0229808994185573,-0.0220424141471622,-0.000569884993879815,0,0,-1.23095434277681,-0.192745825578835,0.067125636517638,0,0
1.59,0.0216439603699725,0.0311810361507507,0.0270747311019893,0,0,-0.0232013492312807,-0.0220472660977316,-0.000400505120006779,0,0,-1.23287840485274,-0.192062599804458,0.0695195183577014,0,0
1.6,0.0219571260328185,0.0314522528967732,0.0271686181025147,0,0,-0.0234218390945161,-0.0220504242495623,-0.000231125246133742,0,0,-1.23479551497684,-0.191355435211681,0.0719134001977647,0,0
1.61,0.0222730085574747,0.031724408512801,0.02726250510304,0,0,-0.0236423520702761,-0.0220518886026543,-6.1745372260716e-05,0,0,-1.23670543376092,-0.190624331800503,0.0743072820378279,0,0
1.62,0.0225916173326412,0.031997502998834,0.0273563921035654,0,0,-0.0238628712205734,-0.0220516591570075,0.000107634501612324,0,0,-1.23860792181679,-0.189869289570924,0.0767011638778913,0,0
1.63,0.022912961747018,0.0322715363548723,0.0274502791040908,0,0,-0.0240833796074205,-0.0220497359126221,0.000277014375485356,0,0,-1.24050273975627,-0.189090308522945,0.0790950457179546,0,0
1.64,0.0232370511893053,0.0325465085809158,0.0275441661046162,0,0,-0.02430386029283,-0.0220461188694978,0.000446394249358391,0,0,-1.24238964819119,-0.188287388656565,0.0814889275580179,0,0
1.65,0.023563895048203,0.0328224196769646,0.0276380531051416,0,0,-0.0245242963388146,-0.0220408080276349,0.000615774123231423,0,0,-1.24426840773334,-0.187460529971785,0.0838828093980812,0,0
1.66,0.0238935027124113,0.0330992696430186,0.027731940105667,0,0,-0.0247446708073869,-0.0220338033870332,0.000785153997104458,0,0,-1.24613877899456,-0.186609732468603,0.0862766912381445,0,0
1.67,0.0242258835706301,0.0333770584790779,0.0278258271061924,0,0,-0.0249649667605595,-0.0220251049476928,0.00095453387097749,0,0,-1.24800052258665,-0.185734996147022,0.0886705730782078,0,0
1.68,0.0245610470115595,0.0336557861851425,0.0279197141067178,0,0,-0.025185167260345,-0.0220147127096137,0.00112391374485052,0,0,-1.24985339912144,-0.184836321007039,0.0910644549182712,0,0
1.69,0.0248990024238996,0.0339354527612123,0.0280136011072432,0,0,-0.025405255368756,-0.0220026266727958,0.00129329361872356,0,0,-1.25169716921073,-0.183913707048656,0.0934583367583344,0,0
1.7,0.0252397591963505,0.0342160582072873,0.0281074881077686,0,0,-0.0256252141478051,-0.0219888468372392,0.00146267349259659,0,0,-1.25353159346635,-0.182967154271873,0.0958522185983978,0,0
1.71,0.025583326717612,0.0344976025233676,0.028201375108294,0,0,-0.025845026659505,-0.0219733732029439,0.00163205336646962,0,0,-1.25535643250011,-0.181996662676688,0.0982461004384611,0,0
1.72,0.0259297143763845,0.0347800857094532,0.0282952621088194,0,0,-0.0260646759658682,-0.0219562057699098,0.00180143324034266,0,0,-1.25717144692382,-0.181002232263103,0.100639982278524,0,0
1.73,0.0262789315613678,0.035063507765544,0.0283891491093448,0,0,-0.0262841451289074,-0.021937344538137,0.0019708131142157,0,0,-1.25897639734931,-0.179983863031118,0.103033864118588,0,0
1.74,0.026630987661262,0.0353478686916401,0.0284830361098702,0,0,-0.0265034172106351,-0.0219167895076255,0.00214019298808872,0,0,-1.26077104438838,-0.178941554980732,0.105427745958651,0,0
1.75,0.0269858920647673,0.0356331684877414,0.0285769231103955,0,0,-0.0267224752730641,-0.0218945406783752,0.00230957286196176,0,0,-1.26255514865286,-0.177875308111945,0.107821627798714,0,0
1.76,0.0273436541605836,0.035919407153848,0.0286708101109209,0,0,-0.0269413023782068,-0.0218705980503863,0.00247895273583479,0,0,-1.26432847075456,-0.176785122424757,0.110215509638778,0,0
1.77,0.0277042833374109,0.0362065846899599,0.0287646971114463,0,0,-0.027159881588076,-0.0218449616236585,0.00264833260970783,0,0,-1.2660907713053,-0.175670997919169,0.112609391478841,0,0
1.78,0.0280677889839494,0.036494701096077,0.0288585841119717,0,0,-0.0273781959646842,-0.0218176313981921,0.00281771248358087,0,0,-1.26784181091688,-0.174532934595181,0.115003273318904,0,0
1.79,0.0284341804888992,0.0367837563721993,0.0289524711124971,0,0,-0.0275962285700441,-0.0217886073739869,0.00298709235745389,0,0,-1.26958135020114,-0.173370932452791,0.117397155158968,0,0
1.8,0.0288034672409601,0.0370737505183269,0.0290463581130225,0,0,-0.0278139624661682,-0.021757889551043,0.00315647223132693,0,0,-1.27130914976988,-0.172184991492001,0.119791036999031,0,0
1.81,0.0291756586288324,0.0373646835344597,0.0291402451135479,0,0,-0.0280313807150691,-0.0217254779293604,0.00332585210519997,0,0,-1.27302497023492,-0.170975111712811,0.122184918839094,0,0
1.82,0.029550764041216,0.0376565554205978,0.0292341321140733,0,0,-0.0282484663787596,-0.021691372508939,0.003495231979073,0,0,-1.27472857220807,-0.169741293115219,0.124578800679157,0,0
1.83,0.029928792866811,0.0379493661767412,0.0293280191145987,0,0,-0.0284652025192521,-0.0216555732897789,0.00366461185294603,0,0,-1.27641971630116,-0.168483535699227,0.126972682519221,0,0
1.84,0.0303097544943175,0.0382431158028898,0.0294219061151241,0,0,-0.0286815721985594,-0.0216180802718801,0.00383399172681907,0,0,-1.278098163126,-0.167201839464835,0.129366564359284,0,0
1.85,0.0306936583124355,0.0385378042990437,0.0295157931156495,0,0,-0.0288975584786939,-0.0215788934552425,0.0040033716006921,0,0,-1.2797636732944,-0.165896204412042,0.131760446199347,0,0
1.854,0.0308480457561227,0.0386559425811067,0.0295533479158596,0,0,-0.0289838418448702,-0.0215627444649407,0.00407112355024131,0,0,-1.280426201475,-0.165367247521772,0.132717998935373,0,0
1.864,0.0312360200251301,0.0389326288004061,0.0257838959440155,-0,0,-0.0291992318334268,-0.0215118632548439,0.00610511846910384,0,0,-1.2820732494872,-0.164043498611655,0.132031783087983,-0,0
1.874,0.0316265726837318,0.039171620499987,0.0220144439721718,-0,0,-0.0294140113101365,-0.0214406420955586,0.00813911338796622,0,0,-1.2837070943211,-0.162726611860013,0.131345567240593,-0,0
1.884,0.0320193267867307,0.0393729176798495,0.0182449920003285,-0,0,-0.0296279768755073,-0.0213490809870846,0.0101731083068285,0,0,-1.28532780459826,-0.161416587266844,0.130659351393204,-0,0
1.894,0.0324139053889297,0.0395365203399936,0.0144755400284849,-0,0,-0.0298409251300475,-0.021237179929422,0.0122071032256909,0,0,-1.28693544894029,-0.160113424832149,0.129973135545815,-0,0
1.904,0.0328099315451316,0.0396624284804192,0.0107060880566414,-0,0,-0.0300526526742652,-0.0211049389225708,0.0142410981445533,0,0,-1.28853009596877,-0.158817124555927,0.129286919698425,-0,0
1.914,0.033207028310139,0.0397506421011264,0.00693663608479795,-0,0,-0.0302629561086683,-0.020952357966531,0.0162750930634156,0,0,-1.29011181430527,-0.15752768643818,0.128600703851036,-0,0
1.924,0.033604818738755,0.0398011612021152,0.00316718411295448,-0,0,-0.0304716320337651,-0.0207794370613025,0.018309087982278,0,0,-1.29168067257139,-0.156245110478907,0.127914488003647,-0,0
1.934,0.0340029258857823,0.0398139857833855,-0.000602267858888985,-0,0,-0.0306784770500637,-0.0205861762068854,0.0203430829011402,0,0,-1.29323673938871,-0.154969396678107,0.127228272156258,-0,0
1.944,0.0344009728060237,0.0397891158449374,-0.00437171983073251,-0,0,-0.0308832877580722,-0.0203725754032797,0.0223770778200026,0,0,-1.29478008337882,-0.153700545035781,0.126542056308868,-0,0
1.954,0.034798582554282,0.0397265513867708,-0.00814117180257599,-0,0,-0.0310858607582987,-0.0201386346504853,0.0244110727388649,0,0,-1.29631077316329,-0.15243855555193,0.125855840461479,-0,0
1.964,0.03519537818536,0.0396262924088859,-0.0119106237744196,-0,0,-0.0312859926512513,-0.0198843539485024,0.0264450676577273,0,0,-1.29782887736372,-0.151183428226552,0.12516962461409,-0,0
1.974,0.0355909827540606,0.0394883389112825,-0.015680075746263,-0,0,-0.0314834800374381,-0.0196097332973308,0.0284790625765896,0,0,-1.29933446460168,-0.149935163059648,0.1244834087667,-0,0
1.984,0.0359850193151866,0.0393126908939606,-0.0194495277181064,-0,0,-0.0316781195173673,-0.0193147726969706,0.030513057495452,0,0,-1.30082760349877,-0.148693760051218,0.123797192919311,-0,0
1.994,0.0363771109235408,0.0390993483569203,-0.0232189796899499,-0,0,-0.0318697076915469,-0.0189994721474218,0.0325470524143143,0,0,-1.30230836267657,-0.147459219201262,0.123110977071922,-0,0
2.004,0.036766880633926,0.0388483113001616,-0.0269884316617934,-0,0,-0.0320580411604851,-0.0186638316486843,0.0345810473331766,0,0,-1.30377681075666,-0.146231540509779,0.122424761224532,-0,0
2.014,0.037153951501145,0.0385595797236845,-0.0307578836336369,-0,0,-0.03224291652469,-0.0183078512007582,0.036615042252039,0,0,-1.30523301636063,-0.145010723976771,0.121738545377143,-0,0
2.024,0.0375379465800006,0.0382331536274889,-0.0345273356054804,-0,0,-0.0324241303846696,-0.0179315308036435,0.0386490371709013,0,0,-1.30667704811006,-0.143796769602237,0.121052329529754,-0,0
2.034,0.0379184889252957,0.0378690330115748,-0.038296787577324,-0,0,-0.0326014793409322,-0.0175348704573402,0.0406830320897637,0,0,-1.30810897462653,-0.142589677386176,0.120366113682364,-0,0
2.044,0.038295201591833,0.0374672178759424,-0.0420662395491674,-0,0,-0.0327747599939858,-0.0171178701618483,0.042717027008626,0,0,-1.30952886453164,-0.141389447328589,0.119679897834975,-0,0
2.054,0.0386677076344155,0.0370277082205915,-0.0458356915210109,-0,0,-0.0329437689443386,-0.0166805299171677,0.0447510219274884,0,0,-1.31093678644697,-0.140196079429476,0.118993681987586,-0,0
2.064,0.0390356301078458,0.0365505040455222,-0.0496051434928543,-0,0,-0.0331083027924985,-0.0162228497232985,0.0467850168463506,0,0,-1.31233280899409,-0.139009573688838,0.118307466140196,-0,0
2.074,0.0393985920669268,0.0360356053507344,-0.0533745954646979,-0,0,-0.0332681581389739,-0.0157448295802407,0.048819011765213,0,0,-1.3137170007946,-0.137829930106672,0.117621250292807,-0,0
2.084,0.0397562165664614,0.0354830121362282,-0.0571440474365413,-0,0,-0.0334231315842727,-0.0152464694879942,0.0508530066840753,0,0,-1.31508943047009,-0.136657148682981,0.116935034445418,-0,0
2.094,0.0401081266612524,0.0348927244020036,-0.0609134994083849,-0,0,-0.0335730197289031,-0.0147277694465592,0.0528870016029377,0,0,-1.31645016664213,-0.135491229417764,0.116248818598029,-0,0
2.104,0.0404539454061024,0.0342647421480605,-0.0646829513802283,-0,0,-0.0337176191733733,-0.0141887294559355,0.0549209965218,0,0,-1.3177992779323,-0.134332172311021,0.115562602750639,-0,0
2.114,0.0407932958558145,0.033599065374399,-0.0684524033520717,-0,0,-0.0338567265181912,-0.0136293495161232,0.0569549914406623,0,0,-1.31913683296221,-0.133179977362751,0.11487638690325,-0,0
2.124,0.0411258010651913,0.0328956940810191,-0.0722218553239152,-0,0,-0.0339901383638651,-0.0130496296271222,0.0589889863595247,0,0,-1.32046290035342,-0.132034644572956,0.114190171055861,-0,0
2.134,0.0414510840890358,0.0321546282679207,-0.0759913072957588,-0,0,-0.034117651310903,-0.0124495697889327,0.0610229812783871,0,0,-1.32177754872753,-0.130896173941634,0.113503955208471,-0,0
2.144,0.0417687679821507,0.0313758679351039,-0.0797607592676022,-0,0,-0.0342390619598131,-0.0118291700015545,0.0630569761972493,0,0,-1.32308084670612,-0.129764565468786,0.112817739361082,-0,0
2.154,0.0420784757993388,0.0305594130825687,-0.0835302112394456,-0,0,-0.0343541669111035,-0.0111884302649877,0.0650909711161116,0,0,-1.32437286291077,-0.128639819154412,0.112131523513693,-0,0
2.164,0.042379830595403,0.029705263710315,-0.0872996632112892,-0,0,-0.0344627627652823,-0.0105273505792323,0.0671249660349741,0,0,-1.32565366596306,-0.127521934998512,0.111445307666303,-0,0
2.174,0.0426724554251461,0.0288134198183429,-0.0910691151831326,-0,0,-0.0345646461228575,-0.00984593094428822,0.0691589609538363,0,0,-1.3269233244846,-0.126410913001086,0.110759091818914,-0,0
2.184,0.0429559733433708,0.0278838814066523,-0.0948385671549762,-0,0,-0.0346596135843374,-0.00914417136015554,0.0711929558726987,0,0,-1.32818190709695,-0.125306753162134,0.110072875971525,-0,0
2.194,0.04323000740488,0.0269166484752433,-0.0986080191268196,-0,0,-0.03474746175023,-0.00842207182683422,0.073226950791561,0,0,-1.3294294824217,-0.124209455481656,0.109386660124135,-0,0
2.204,0.0434941806644766,0.0259117210241159,-0.102377471098663,-0,0,-0.0348279872210435,-0.00767963234432431,0.0752609457104234,0,0,-1.33066611908044,-0.123119019959651,0.108700444276746,-0,0
2.214,0.0437481161769633,0.0248690990532701,-0.106146923070507,-0,0,-0.0349009865972859,-0.00691685291262576,0.0772949406292857,0,0,-1.33189188569476,-0.122035446596121,0.108014228429357,-0,0
2.224,0.043991436997143,0.0237887825627058,-0.10991637504235,-0,0,-0.0349662564794653,-0.00613373353173858,0.0793289355481481,0,0,-1.33310685088623,-0.120958735391064,0.107328012581967,-0,0
2.234,0.0442237661798184,0.0226707715524231,-0.113685827014194,-0,0,-0.03502359346809,-0.0053302742016628,0.0813629304670104,0,0,-1.33431108327644,-0.119888886344482,0.106641796734578,-0,0
2.244,0.0444447267797924,0.0215150660224219,-0.117455278986037,-0,0,-0.035072794163668,-0.00450647492239838,0.0833969253858728,0,0,-1.33550465148698,-0.118825899456373,0.105955580887189,-0,0
2.254,0.0446539418518677,0.0203216659727024,-0.121224730957881,-0,0,-0.0351136551667073,-0.00366233569394536,0.0854309203047351,0,0,-1.33668762413943,-0.117769774726738,0.105269365039799,-0,0
2.264,0.0448510344508473,0.0190905714032643,-0.124994182929724,-0,0,-0.0351459730777162,-0.00279785651630367,0.0874649152235974,0,0,-1.33786006985537,-0.116720512155577,0.10458314919241,-0,0
2.274,0.045035627631534,0.0178217823141079,-0.128763634901568,-0,0,-0.0351695444972028,-0.00191303738947339,0.0894989101424598,0,0,-1.3390220572564,-0.11567811174289,0.103896933345021,-0,0
2.284,0.0452073444487304,0.0165152987052329,-0.132533086873411,-0,0,-0.0351841660256751,-0.00100787831345447,0.0915329050613221,0,0,-1.34017365496409,-0.114642573488677,0.103210717497631,-0,0
2.294,0.0453658079572396,0.0151711205766397,-0.136302538845255,-0,0,-0.0351896342636413,-8.23792882469851e-05,0.0935668999801844,0,0,-1.34131493160004,-0.113613897392937,0.102524501650242,-0,0
2.304,0.0455106412118642,0.0137892479283279,-0.140071990817098,-0,0,-0.0351857458116094,0.000863459686149213,0.0956008948990468,0,0,-1.34244595578581,-0.112592083455672,0.101838285802853,-0,0
2.314,0.0456414672674071,0.0123696807602977,-0.143841442788942,-0,0,-0.0351722972700876,0.00182963860973399,0.0976348898179091,0,0,-1.34356679614301,-0.11157713167688,0.101152069955464,-0,0
2.324,0.0457579091786711,0.0109124190725491,-0.147610894760785,-0,0,-0.0351490852395841,0.00281615748250738,0.0996688847367715,0,0,-1.34467752129321,-0.110569042056562,0.100465854108074,-0,0
2.334,0.045859590000459,0.009417462865082,-0.151380346732628,-0,0,-0.0351159063206069,0.0038230163044694,0.101702879655634,0,0,-1.345778199858,-0.109567814594719,0.0997796382606848,-0,0
2.344,0.0459461327875737,0.00788481213789647,-0.155149798704472,-0,0,-0.0350725571136641,0.00485021507562007,0.103736874574496,0,0,-1.34686890045897,-0.108573449291349,0.0990934224132956,-0,0
2.354,0.0460171605948178,0.00631446689099255,-0.158919250676315,-0,0,-0.0350188342192638,0.00589775379595932,0.105770869493358,0,0,-1.34794969171769,-0.107585946146453,0.0984072065659062,-0,0
2.364,0.0460722964769944,0.00470642712437024,-0.162688702648159,-0,0,-0.0349545342379143,0.00696563246548717,0.107804864412221,0,0,-1.34902064225576,-0.106605305160031,0.097720990718517,-0,0
2.374,0.0461111634889062,0.00306069283802935,-0.166458154620002,-0,0,-0.0348794537701235,0.00805385108420375,0.109838859331083,0,0,-1.35008182069476,-0.105631526332082,0.0970347748711276,-0,0
2.384,0.046133384685356,0.00137726403197009,-0.170227606591846,-0,0,-0.0347933894163995,0.00916240965210892,0.111872854249946,0,0,-1.35113329565626,-0.104664609662608,0.0963485590237382,-0,0
2.394,0.0461385831211465,-0.000343859293807548,-0.173997058563689,-0,0,-0.0346961377772506,0.0102913081692027,0.113906849168808,0,0,-1.35217513576187,-0.103704555151608,0.095662343176349,-0,0
2.404,0.0461263818510808,-0.00210267713930361,-0.177766510535533,-0,0,-0.0345874954531849,0.011440546635485,0.11594084408767,0,0,-1.35320740963316,-0.102751362799081,0.0949761273289597,-0,0
2.414,0.0460964039299614,-0.00389918950451819,-0.181535962507376,-0,0,-0.0344672590447103,0.0126101250509561,0.117974839006532,0,0,-1.35423018589171,-0.101805032605028,0.0942899114815703,-0,0
2.424,0.0460482724125913,-0.00573339638945121,-0.18530541447922,-0,0,-0.0343352251523351,0.0138000434156157,0.120008833925395,0,0,-1.35524353315912,-0.10086556456945,0.0936036956341811,-0,0
2.434,0.0459816103537733,-0.00760529779410259,-0.189074866451063,-0,0,-0.0341911903765674,0.0150103017294639,0.122042828844257,0,0,-1.35624752005696,-0.0999329586923447,0.0929174797867917,-0,0
2.444,0.0458960408083102,-0.00951489371847241,-0.192844318422907,-0,0,-0.0340349513179152,0.0162408999925008,0.124076823763119,0,0,-1.35724221520683,-0.0990072149737137,0.0922312639394024,-0,0
2.454,0.0457911868310048,-0.0114621841625607,-0.19661377039475,-0,0,-0.0338663045768867,0.0174918382047263,0.126110818681982,0,0,-1.3582276872303,-0.0980883334135566,0.0915450480920131,-0,0
2.464,0.0456666714766599,-0.0134471691263674,-0.200383222366594,-0,0,-0.03368504675399,0.0187631163661404,0.128144813600844,0,0,-1.35920400474896,-0.0971763140118735,0.0908588322446238,-0,0
2.474,0.0455221178000784,-0.0154698486098926,-0.204152674338437,-0,0,-0.0334909744497333,0.0200547344767432,0.130178808519707,0,0,-1.3601712363844,-0.0962711567686642,0.0901726163972344,-0,0
2.484,0.045357148856063,-0.0175302226131362,-0.207922126310281,-0,0,-0.0332838842646246,0.0213666925365346,0.132212803438569,0,0,-1.3611294507582,-0.0953728616839288,0.0894864005498452,-0,0
2.494,0.0451713876994166,-0.0196282911360982,-0.211691578282124,-0,0,-0.033063572799172,0.0226989905455146,0.134246798357431,0,0,-1.36207871649194,-0.0944814287576673,0.0888001847024558,-0,0
2.504,0.044964457384942,-0.0217640541787787,-0.215461030253968,-0,0,-0.0328298366538836,0.0240516285036832,0.136280793276293,0,0,-1.36301910220721,-0.0935968579898797,0.0881139688550665,-0,0
2.514,0.044735980967442,-0.0239375117411776,-0.219230482225811,-0,0,-0.0325824724292677,0.0254246064110405,0.138314788195156,0,0,-1.3639506765256,-0.092719149380566,0.0874277530076772,-0,0
2.524,0.0444855815017194,-0.0261486638232949,-0.222999934197655,-0,0,-0.0323212767258322,0.0268179242675863,0.140348783114018,0,0,-1.36487350806868,-0.0918483029297261,0.0867415371602878,-0,0
2.534,0.044212882042577,-0.0283975104251307,-0.226769386169498,-0,0,-0.0320460461440853,0.0282315820733209,0.142382778032881,0,0,-1.36578766545805,-0.0909843186373602,0.0860553213128985,-0,0
2.544,0.0439175056448177,-0.0306840515466849,-0.230538838141342,-0,0,-0.0317565772845352,0.029665579828244,0.144416772951743,0,0,-1.36669321731529,-0.0901271965034682,0.0853691054655092,-0,0
2.554,0.0435990753632442,-0.0330082871879575,-0.234308290113185,-0,0,-0.0314526667476898,0.0311199175323557,0.146450767870605,0,0,-1.36759023226198,-0.08927693652805,0.0846828896181199,-0,0
2.564,0.0432572142526595,-0.0353702173489486,-0.238077742085029,-0,0,-0.0311341111340574,0.0325945951856561,0.148484762789468,0,0,-1.36847877891971,-0.0884335387111058,0.0839966737707306,-0,0
2.574,0.0428915453678662,-0.0377698420296581,-0.241847194056872,-0,0,-0.0308007070441461,0.034089612788145,0.15051875770833,0,0,-1.36935892591007,-0.0875970030526354,0.0833104579233413,-0,0
2.584,0.0425016917636673,-0.0402071612300859,-0.245616646028716,-0,0,-0.0304522510784639,0.0356049703398226,0.152552752627192,0,0,-1.37023074185463,-0.086767329552639,0.0826242420759519,-0,0
2.594,0.0420872764948655,-0.0426821749502324,-0.249386098000559,-0,0,-0.030088539837519,0.037140667840689,0.154586747546055,0,0,-1.37109429537498,-0.0859445182111164,0.0819380262285626,-0,0
2.604,0.0416479226162635,-0.0451948831900972,-0.253155549972403,-0,0,-0.0297093699218195,0.0386967052907438,0.156620742464917,0,0,-1.37194965509271,-0.0851285690280677,0.0812518103811733,-0,0
2.614,0.0411832531826644,-0.0477452859496804,-0.256925001944246,-0,0,-0.0293145379318735,0.0402730826899872,0.158654737383779,0,0,-1.3727968896294,-0.0843194820034929,0.080565594533784,-0,0
2.624,0.0406928912488709,-0.0503333832289821,-0.26069445391609,-0,0,-0.0289038404681891,0.0418698000384193,0.160688732302642,0,0,-1.37363606760664,-0.083517257137392,0.0798793786863947,-0,0
2.634,0.0401764598696857,-0.0529591750280023,-0.264463905887933,-0,0,-0.0284770741312745,0.0434868573360401,0.162722727221504,0,0,-1.37446725764601,-0.0827218944297649,0.0791931628390053,-0,0
2.644,0.0396335820999118,-0.0556226613467407,-0.268233357859777,-0,0,-0.0280340355216377,0.0451242545828494,0.164756722140366,0,0,-1.3752905283691,-0.0819333938806119,0.078506946991616,-0,0
2.654,0.0390638809943519,-0.0583238421851977,-0.27200280983162,-0,0,-0.0275745212397869,0.0467819917788473,0.166790717059229,0,0,-1.37610594839749,-0.0811517554899327,0.0778207311442267,-0,0
2.664,0.0384669796078088,-0.0610627175433732,-0.275772261803464,-0,0,-0.0270983278862301,0.048460068924034,0.168824711978091,0,0,-1.37691358635276,-0.0803769792577274,0.0771345152968374,-0,0
2.674,0.0378425009950853,-0.0638392874212671,-0.279541713775307,-0,0,-0.0266052520614755,0.0501584860184093,0.170858706896953,0,0,-1.3777135108565,-0.0796090651839959,0.076448299449448,-0,0
2.684,0.0371900682109844,-0.0666535518188793,-0.28331116574715,-0,0,-0.0260950903660313,0.051877243061973,0.172892701815816,0,0,-1.3785057905303,-0.0788480132687384,0.0757620836020587,-0,0
2.694,0.0365093043103087,-0.06950551073621,-0.287080617718994,-0,0,-0.0255676394004055,0.0536163400547255,0.174926696734678,0,0,-1.37929049399574,-0.0780938235119548,0.0750758677546694,-0,0
2.704,0.0357998323478611,-0.0723951641732592,-0.290850069690838,-0,0,-0.0250226957651061,0.0553757769966666,0.17696069165354,0,0,-1.3800676898744,-0.077346495913645,0.0743896519072801,-0,0
2.714,0.0350612753784444,-0.0753225121300268,-0.294619521662681,-0,0,-0.0244600560606415,0.0571555538877963,0.178994686572403,0,0,-1.38083744678788,-0.0766060304738092,0.0737034360598908,-0,0
2.724,0.0342932564568615,-0.0782875546065128,-0.298388973634524,-0,0,-0.0238795168875196,0.0589556707281147,0.181028681491265,0,0,-1.38159983335774,-0.0758724271924472,0.0730172202125015,-0,0
2.734,0.0334953986379151,-0.0812902916027172,-0.302158425606368,-0,0,-0.0232808748462486,0.0607761275176216,0.183062676410127,0,0,-1.38235491820559,-0.0751456860695592,0.0723310043651122,-0,0
2.744,0.0326673249764081,-0.0843307231186403,-0.305927877578211,-0,0,-0.0226639265373365,0.0626169242563173,0.18509667132899,0,0,-1.38310276995299,-0.074425807105145,0.0716447885177228,-0,0
2.754,0.0318086585271432,-0.0874088491542816,-0.309697329550055,-0,0,-0.0220284685612916,0.0644780609442014,0.187130666247852,0,0,-1.38384345722155,-0.0737127902992047,0.0709585726703335,-0,0
2.764,0.0309190223449234,-0.0905246697096413,-0.313466781521898,-0,0,-0.0213742975186218,0.0663595375812742,0.189164661166714,0,0,-1.38457704863284,-0.0730066356517383,0.0702723568229442,-0,0
2.774,0.0299980394845514,-0.0936781847847195,-0.317236233493742,-0,0,-0.0207012100098355,0.0682613541675357,0.191198656085577,0,0,-1.38530361280845,-0.0723073431627458,0.0695861409755549,-0,0
2.784,0.0290453330008299,-0.0968693943795162,-0.321005685465585,-0,0,-0.0200090026354405,0.0701835107029858,0.193232651004439,0,0,-1.38602321836996,-0.0716149128322272,0.0688999251281655,-0,0
2.794,0.028060525948562,-0.100098298494031,-0.324775137437429,-0,0,-0.0192974719959451,0.0721260071876244,0.195266645923301,0,0,-1.38673593393895,-0.0709293446601825,0.0682137092807762,-0,0
2.804,0.0270432413825503,-0.103364897128265,-0.328544589409272,-0,0,-0.0185664146918574,0.0740888436214519,0.197300640842164,0,0,-1.38744182813702,-0.0702506386466117,0.0675274934333869,-0,0
2.814,0.0259931023575976,-0.106669190282217,-0.332314041381116,-0,0,-0.0178156273236855,0.0760720200044677,0.199334635761026,0,0,-1.38814096958575,-0.0695787947915147,0.0668412775859976,-0,0
2.824,0.0249097319285068,-0.110011177955887,-0.336083493352959,-0,0,-0.0170449064919374,0.0780755363366723,0.201368630679888,0,0,-1.38883342690671,-0.0689138130948918,0.0661550617386083,-0,0
2.834,0.0237927531500809,-0.113390860149276,-0.339852945324803,-0,0,-0.0162540487971214,0.0800993926180655,0.203402625598751,0,0,-1.38951926872151,-0.0682556935567426,0.065468845891219,-0,0
2.844,0.0226417890771223,-0.116808236862383,-0.343622397296646,-0,0,-0.0154428508397455,0.0821435888486474,0.205436620517613,0,0,-1.39019856365171,-0.0676044361770674,0.0647826300438296,-0,0
2.854,0.0214564627644341,-0.120263308095209,-0.34739184926849,-0,0,-0.0146111092203178,0.0842081250284178,0.207470615436475,0,0,-1.39087138031891,-0.066960040955866,0.0640964141964403,-0,0
2.864,0.0202363972668191,-0.123756073847753,-0.351161301240333,-0,0,-0.0137586205393465,0.0862930011573769,0.209504610355338,0,0,-1.39153778734469,-0.0663225078931385,0.063410198349051,-0,0
2.874,0.01898121563908,-0.127286534120015,-0.354930753212177,-0,0,-0.0128851813973397,0.0883982172355245,0.2115386052742,0,0,-1.39219785335063,-0.0656918369888849,0.0627239825016617,-0,0
2.884,0.0176905409360197,-0.130854688911997,-0.35870020518402,-0,0,-0.0119905883948054,0.090523773262861,0.213572600193062,0,0,-1.39285164695833,-0.0650680282431053,0.0620377666542723,-0,0
2.894,0.016363996212441,-0.134460538223696,-0.362469657155864,-0,0,-0.0110746381322518,0.0926696692393858,0.215606595111925,0,0,-1.39349923678936,-0.0644510816557996,0.061351550806883,-0,0
2.904,0.0150012045231467,-0.138104082055114,-0.366239109127707,-0,0,-0.010137127210187,0.0948359051650994,0.217640590030787,0,0,-1.39414069146531,-0.0638409972269676,0.0606653349594937,-0,0
2.914,0.0136017889229397,-0.14178532040625,-0.370008561099551,-0,0,-0.00917785222911922,0.0970224810400015,0.219674584949649,0,0,-1.39477607960776,-0.0632377749566096,0.0599791191121044,-0,0
2.924,0.0121653724666226,-0.145504253277105,-0.373778013071394,-0,0,-0.00819660978955634,0.0992293968640924,0.221708579868512,0,0,-1.3954054698383,-0.0626414148447255,0.0592929032647151,-0,0
2.934,0.0106915782089985,-0.149260880667678,-0.377547465043238,-0,0,-0.0071931964920067,0.101456652637372,0.223742574787374,0,0,-1.39602893077851,-0.0620519168913153,0.0586066874173258,-0,0
2.944,0.00918002920487007,-0.153055202577969,-0.381316917015081,-0,0,-0.00616740893697834,0.10370424835984,0.225776569706236,0,0,-1.39664653104999,-0.0614692810963791,0.0579204715699365,-0,0
2.954,0.00763034850904,-0.156887219007979,-0.385086368986925,-0,0,-0.00511904372497927,0.105972184031496,0.227810564625099,0,0,-1.3972583392743,-0.0608935074599167,0.0572342557225471,-0,0
2.964,0.00604215917631134,-0.160756929957708,-0.388855820958768,-0,0,-0.00404789745651771,0.108260459652342,0.229844559543961,0,0,-1.39786442407305,-0.0603245959819281,0.0565480398751578,-0,0
2.974,0.00441508426148687,-0.164664335427155,-0.392625272930612,-0,0,-0.00295376673210183,0.110569075222376,0.231878554462823,0,0,-1.3984648540678,-0.0597625466624135,0.0558618240277685,-0,0
2.984,0.00274874681936925,-0.16860943541632,-0.396394724902455,-0,0,-0.00183644815223962,0.112898030741598,0.233912549381686,0,0,-1.39905969788016,-0.0592073595013727,0.0551756081803792,-0,0
2.994,0.00104276990476141,-0.172592229925204,-0.400164176874299,-0,0,-0.00069573831743925,0.115247326210009,0.235946544300548,0,0,-1.39964902413169,-0.0586590344988059,0.0544893923329898,-0,0
3.004,-0.000703223427533948,-0.176612718953806,-0.403933628846142,-0,0,0.000468566171791241,0.117616961627609,0.237980539219411,0,0,-1.40023290144399,-0.0581175716547129,0.0538031764856005,-0,0
3.014,-0.00248961012271379,-0.180670902502127,-0.407703080817986,-0,0,0.00165666871494357,0.120006936994398,0.240014534138273,0,0,-1.40081139843865,-0.0575829709690938,0.0531169606382112,-0,0
3.024,-0.00431676712597548,-0.184766780570166,-0.411472532789829,-0,0,0.00286877271150979,0.122417252310375,0.242048529057135,0,0,-1.40138458373724,-0.0570552324419487,0.052430744790822,-0,0
3.034,-0.00618507138251619,-0.188900353157923,-0.415241984761673,-0,0,0.00410508156098171,0.12484790757554,0.244082523975997,0,0,-1.40195252596135,-0.0565343560732774,0.0517445289434326,-0,0
3.044,-0.00809489983753306,-0.193071620265399,-0.419011436733516,-0,0,0.00536579866285125,0.127298902789895,0.24611651889486,0,0,-1.40251529373257,-0.05602034186308,0.0510583130960433,-0,0
3.054,-0.0100466294362233,-0.197280581892594,-0.42278088870536,-0,0,0.00665112741661026,0.129770237953438,0.248150513813722,0,0,-1.40307295567247,-0.0555131898113565,0.0503720972486539,-0,0
3.064,-0.012040637123784,-0.201527238039506,-0.426550340677203,-0,0,0.00796127122175059,0.132261913066169,0.250184508732584,0,0,-1.40362558040265,-0.055012899918107,0.0496858814012646,-0,0
3.074,-0.0140772998454124,-0.205811588706138,-0.430319792649047,-0,0,0.00929643347776423,0.134773928128089,0.252218503651447,0,0,-1.4041732365447,-0.0545194721833313,0.0489996655538752,-0,0
3.084,-0.0161569945463058,-0.210133633892487,-0.43408924462089,-0,0,0.010656817584143,0.137306283139198,0.254252498570309,0,0,-1.40471599272018,-0.0540329066070295,0.048313449706486,-0,0
3.094,-0.0182800981716613,-0.214493373598556,-0.437858696592734,-0,0,0.0120426269403789,0.139858978099495,0.256286493489172,0,0,-1.4052539175507,-0.0535532031892016,0.0476272338590967,-0,0
3.104,-0.0204469876666759,-0.218890807824342,-0.441628148564577,-0,0,0.0134540649459635,0.142432013008981,0.258320488408034,0,0,-1.40578707965783,-0.0530803619298475,0.0469410180117074,-0,0
3.114,-0.0226580399765471,-0.223325936569847,-0.445397600536421,-0,0,0.0148913350003891,0.145025387867656,0.260354483326896,0,0,-1.40631554766316,-0.0526143828289674,0.046254802164318,-0,0
3.124,-0.024913632046472,-0.227798759835071,-0.449167052508264,-0,0,0.0163546405031473,0.147639102675519,0.262388478245759,0,0,-1.40683939018827,-0.0521552658865612,0.0455685863169287,-0,0
3.134,-0.0272141408216477,-0.232309277620013,-0.452936504480108,-0,0,0.0178441848537302,0.150273157432571,0.264422473164621,0,0,-1.40735867585475,-0.0517030111026289,0.0448823704695394,-0,0
3.144,-0.0295599432472713,-0.236857489924673,-0.456705956451951,-0,0,0.0193601714516294,0.152927552138812,0.266456468083483,0,0,-1.40787347328418,-0.0512576184771703,0.0441961546221501,-0,0
3.154,-0.0319514162685402,-0.241443396749051,-0.460475408423794,-0,0,0.020902803696337,0.155602286794241,0.268490463002346,0,0,-1.40838385109815,-0.0508190880101858,0.0435099387747608,-0,0
3.164,-0.0343889368306513,-0.246066998093148,-0.464244860395638,-0,0,0.0224722849873448,0.158297361398859,0.270524457921208,0,0,-1.40888987791825,-0.0503874197016751,0.0428237229273714,-0,0
3.174,-0.0368728818788022,-0.250728293956964,-0.468014312367481,-0,0,0.0240688187241448,0.161012775952665,0.27255845284007,0,0,-1.40939162236605,-0.0499626135516384,0.0421375070799821,-0,0
3.184,-0.0394036283581897,-0.255427284340498,-0.471783764339325,-0,0,0.0256926083062287,0.16374853045566,0.274592447758933,0,0,-1.40988915306314,-0.0495446695600755,0.0414512912325929,-0,0
3.194,-0.0419815532140111,-0.260163969243751,-0.475553216311168,-0,0,0.0273438571330885,0.166504624907844,0.276626442677795,0,0,-1.41038253863111,-0.0491335877269866,0.0407650753852035,-0,0
3.204,-0.0446070333914638,-0.264938348666722,-0.479322668283012,-0,0,0.0290227686042163,0.169281059309216,0.278660437596657,0,0,-1.41087184769154,-0.0487293680523714,0.0400788595378142,-0,0
3.214,-0.0472804458357447,-0.269750422609411,-0.483092120254855,-0,0,0.0307295461191036,0.172077833659777,0.28069443251552,0,0,-1.41135714886602,-0.0483320105362302,0.0393926436904248,-0,0
3.224,-0.0500021674920511,-0.274600191071819,-0.486861572226699,-0,0,0.0324643930772424,0.174894947959526,0.282728427434382,0,0,-1.41183851077613,-0.047941515178563,0.0387064278430355,-0,0
3.234,-0.0527725753055801,-0.279487654053945,-0.490631024198542,-0,0,0.0342275128781247,0.177732402208465,0.284762422353244,0,0,-1.41231600204345,-0.0475578819793696,0.0380202119956462,-0,0
3.244,-0.055592046221529,-0.284412811555789,-0.494400476170386,-0,0,0.0360191089212423,0.180590196406591,0.286796417272107,0,0,-1.41278969128958,-0.04718111093865,0.0373339961482569,-0,0
3.254,-0.0584609571850951,-0.289375663577353,-0.498169928142229,-0,0,0.0378393846060872,0.183468330553907,0.288830412190969,0,0,-1.41325964713609,-0.0468112020564044,0.0366477803008676,-0,0
3.264,-0.0613796851414751,-0.294376210118634,-0.501939380114073,-0,0,0.0396885433321511,0.186366804650411,0.290864407109831,0,0,-1.41372593820457,-0.0464481553326327,0.0359615644534782,-0,0
3.274,-0.0643486070358666,-0.299414451179634,-0.505708832085916,-0,0,0.0415667884989259,0.189285618696103,0.292898402028694,0,0,-1.4141886331166,-0.0460919707673349,0.0352753486060889,-0,0
3.284,-0.0673680998134669,-0.304490386760353,-0.50947828405776,-0,0,0.0434743235059039,0.192224772690985,0.294932396947556,0,0,-1.41464780049378,-0.0457426483605109,0.0345891327586996,-0,0
3.294,-0.0704385404194728,-0.309604016860789,-0.513247736029603,-0,0,0.0454113517525763,0.195184266635054,0.296966391866418,0,0,-1.41510350895767,-0.0454001881121609,0.0339029169113102,-0,0
3.304,-0.0735603057990818,-0.314755341480944,-0.517017188001447,-0,0,0.0473780766384355,0.198164100528313,0.299000386785281,0,0,-1.41555582712988,-0.0450645900222847,0.033216701063921,-0,0
3.314,-0.0767337728974908,-0.319944360620818,-0.52078663997329,-0,0,0.0493747015629732,0.20116427437076,0.301034381704143,0,0,-1.41600482363198,-0.0447358540908824,0.0325304852165317,-0,0
3.324,-0.0799593186598972,-0.32517107428041,-0.524556091945134,-0,0,0.0514014299256813,0.204184788162396,0.303068376623005,0,0,-1.41645056708556,-0.0444139803179541,0.0318442693691423,-0,0
3.334,-0.083237320031498,-0.330435482459721,-0.528325543916977,-0,0,0.0534584651260517,0.20722564190322,0.305102371541868,0,0,-1.4168931261122,-0.0440989687034996,0.031158053521753,-0,0
3.344,-0.0865681539574906,-0.33573758515875,-0.532094995888821,-0,0,0.0555460105635764,0.210286835593233,0.30713636646073,0,0,-1.41733256933349,-0.043790819247519,0.0304718376743637,-0,0
3.354,-0.0899521973830721,-0.341077382377497,-0.535864447860664,-0,0,0.057664269637747,0.213368369232435,0.309170361379592,0,0,-1.41776896537101,-0.0434895319500124,0.0297856218269743,-0,0
3.364,-0.0933898272534397,-0.346454874115963,-0.539633899832508,-0,0,0.0598134457480557,0.216470242820825,0.311204356298455,0,0,-1.41820238284635,-0.0431951068109795,0.029099405979585,-0,0
3.374,-0.0968814205137904,-0.351870060374147,-0.543403351804351,-0,0,0.0619937422939942,0.219592456358404,0.313238351217317,0,0,-1.4186328903811,-0.0429075438304206,0.0284131901321957,-0,0
3.384,-0.100427354109322,-0.35732294115205,-0.547172803776195,-0,0,0.0642053626750545,0.222735009845171,0.315272346136179,0,0,-1.41906055659682,-0.0426268430083355,0.0277269742848064,-0,0
3.394,-0.10402800498523,-0.362813516449671,-0.550942255748038,-0,0,0.0664485102907282,0.225897903281127,0.317306341055042,0,0,-1.41948545011512,-0.0423530043447244,0.0270407584374171,-0,0
3.404,-0.107683750086714,-0.368341786267011,-0.554711707719882,-0,0,0.0687233885405076,0.229081136666272,0.319340335973904,0,0,-1.41990763955758,-0.0420860278395872,0.0263545425900277,-0,0
3.414,-0.11139496635897,-0.373907750604069,-0.558481159691725,-0,0,0.0710302008238843,0.232284710000606,0.321374330892766,0,0,-1.42032719354578,-0.0418259134929239,0.0256683267426384,-0,0
3.424,-0.115162030747195,-0.379511409460845,-0.562250611663569,-0,0,0.0733691505403503,0.235508623284127,0.323408325811629,0,0,-1.4207441807013,-0.0415726613047344,0.0249821108952492,-0,0
3.434,-0.118985320196586,-0.38515276283734,-0.566020063635412,-0,0,0.0757404410893975,0.238752876516838,0.325442320730491,0,0,-1.42115866964573,-0.041326271275019,0.0242958950478598,-0,0
3.444,-0.122865211652341,-0.390831810733554,-0.569789515607256,-0,0,0.0781442758705178,0.242017469698737,0.327476315649353,0,0,-1.42157072900066,-0.0410867434037772,0.0236096792004705,-0,0
3.454,-0.126802082059656,-0.396548553149485,-0.573558967579099,-0,0,0.0805808582832029,0.245302402829825,0.329510310568216,0,0,-1.42198042738767,-0.0408540776910095,0.0229234633530812,-0,0
3.464,-0.130796308363729,-0.402302990085136,-0.577328419550943,-0,0,0.083050391726945,0.248607675910102,0.331544305487078,0,0,-1.42238783342834,-0.0406282741367157,0.0222372475056918,-0,0
3.474,-0.134848267509758,-0.408095121540504,-0.581097871522786,-0,0,0.0855530796012355,0.251933288939567,0.33357830040594,0,0,-1.42279301574427,-0.0404093327408957,0.0215510316583025,-0,0
3.484,-0.138958336442938,-0.413924947515591,-0.584867323494629,-0,0,0.0880891253055667,0.25527924191822,0.335612295324803,0,0,-1.42319604295702,-0.0401972535035496,0.0208648158109131,-0,0
3.494,-0.143126892108469,-0.419792468010397,-0.588636775466473,-0,0,0.0906587322394306,0.258645534846063,0.337646290243665,0,0,-1.4235969836882,-0.0399920364246775,0.0201785999635238,-0,0
3.504,-0.147354311451545,-0.425697683024921,-0.592406227438317,-0,0,0.0932621038023187,0.262032167723094,0.339680285162527,0,0,-1.42399590655938,-0.0397936815042792,0.0194923841161346,-0,0
3.514,-0.151640971417366,-0.431640592559163,-0.59617567941016,-0,0,0.095899443393723,0.265439140549313,0.34171428008139,0,0,-1.42439288019215,-0.0396021887423547,0.0188061682687452,-0,0
3.524,-0.155987248951128,-0.437621196613124,-0.599945131382003,-0,0,0.0985709544131355,0.268866453324721,0.343748275000252,0,0,-1.42478797320809,-0.0394175581389042,0.0181199524213559,-0,0
3.534,-0.160393520998028,-0.443639495186803,-0.603714583353847,-0,0,0.101276840260048,0.272314106049318,0.345782269919114,0,0,-1.42518125422879,-0.0392397896939276,0.0174337365739666,-0,0
3.544,-0.164860164503263,-0.449695488280201,-0.60748403532569,-0,0,0.104017304333953,0.275782098723104,0.347816264837977,0,0,-1.42557279187583,-0.0390688834074249,0.0167475207265772,-0,0
3.554,-0.169387556412031,-0.455789175893317,-0.611253487297534,-0,0,0.106792550034341,0.279270431346078,0.349850259756839,0,0,-1.4259626547708,-0.0389048392793961,0.0160613048791879,-0,0
3.564,-0.173976073669528,-0.461920558026152,-0.615022939269377,-0,0,0.109602780760705,0.282779103918241,0.351884254675701,0,0,-1.42635091153528,-0.0387476573098412,0.0153750890317988,-0,0
3.574,-0.178626093220953,-0.468089634678705,-0.618792391241221,-0,0,0.112448199912536,0.286308116439592,0.353918249594564,0,0,-1.42673763079085,-0.0385973374987601,0.0146888731844093,-0,0
3.584,-0.183337992011501,-0.474296405850976,-0.622561843213064,-0,0,0.115329010889327,0.289857468910132,0.355952244513426,0,0,-1.42712288115911,-0.0384538798461529,0.01400265733702,-0,0
3.594,-0.188112146986371,-0.480540871542966,-0.626331295184908,-0,0,0.11824541709057,0.29342716132986,0.357986239432288,0,0,-1.42750673126164,-0.0383172843520197,0.0133164414896306,-0,0
3.604,-0.19294893509076,-0.486823031754674,-0.630100747156751,-0,0,0.121197621915755,0.297017193698778,0.360020234351151,0,0,-1.42788924972002,-0.0381875510163603,0.0126302256422413,-0,0
3.614,-0.197848733269864,-0.493142886486101,-0.633870199128595,-0,0,0.124185828764376,0.300627566016884,0.362054229270013,0,0,-1.42827050515583,-0.0380646798391748,0.0119440097948522,-0,0
3.624,-0.202811918468881,-0.499500435737246,-0.637639651100438,-0,0,0.127210241035923,0.304258278284178,0.364088224188875,0,0,-1.42865056619066,-0.0379486708204633,0.0112577939474629,-0,0
3.634,-0.207838867633008,-0.50589567950811,-0.641409103072282,-0,0,0.13027106212989,0.307909330500661,0.366122219107738,0,0,-1.4290295014461,-0.0378395239602256,0.0105715781000735,-0,0
3.644,-0.212929957707442,-0.512328617798692,-0.645178555044125,-0,0,0.133368495445767,0.311580722666333,0.3681562140266,0,0,-1.42940737954373,-0.0377372392584619,0.00988536225268418,-0,0
3.654,-0.218085565637381,-0.518799250608992,-0.648948007015969,-0,0,0.136502744383047,0.315272454781193,0.370190208945463,0,0,-1.42978426910513,-0.0376418167151719,0.00919914640529472,-0,0
3.664,-0.223306068368021,-0.525307577939011,-0.652717458987812,-0,0,0.139674012341222,0.318984526845242,0.372224203864325,0,0,-1.43016023875189,-0.0375532563303559,0.00851293055790564,-0,0
3.674,-0.22859184284456,-0.531853599788748,-0.656486910959656,-0,0,0.142882502719783,0.322716938858479,0.374258198783187,0,0,-1.4305353571056,-0.0374715581040138,0.00782671471051617,-0,0
3.684,-0.233943266012195,-0.538437316158204,-0.660256362931499,-0,0,0.146128418918222,0.326469690820906,0.376292193702049,0,0,-1.43090969278783,-0.0373967220361456,0.00714049886312681,-0,0
3.694,-0.239360714816123,-0.545058727047379,-0.664025814903343,-0,0,0.149411964336031,0.330242782732521,0.378326188620912,0,0,-1.43128331442018,-0.0373287481267513,0.00645428301573759,-0,0
3.704,-0.244844566201542,-0.551717832456271,-0.667795266875186,-0,0,0.152733342372703,0.334036214593324,0.380360183539774,0,0,-1.43165629062423,-0.0372676363758309,0.00576806716834826,-0,0
3.714,-0.250395197113648,-0.558414632384882,-0.67156471884703,-0,0,0.156092756427729,0.337849986403316,0.382394178458637,0,0,-1.43202869002156,-0.0372133867833843,0.00508185132095878,-0,0
3.724,-0.256012984497638,-0.565149126833212,-0.675334170818873,-0,0,0.1594904099006,0.341684098162497,0.384428173377499,0,0,-1.43240058123376,-0.0371659993494117,0.00439563547356969,-0,0
3.734,-0.261698305298711,-0.57192131580126,-0.679103622790717,-0,0,0.162926506190809,0.345538549870866,0.386462168296361,0,0,-1.43277203288241,-0.037125474073913,0.00370941962618036,-0,0
3.744,-0.267451536462063,-0.578731199289026,-0.68287307476256,-0,0,0.166401248697848,0.349413341528424,0.388496163215224,0,0,-1.4331431135891,-0.0370918109568881,0.00302320377879102,-0,0
3.75,-0.270936228943169,-0.582835222751151,-0.685134745945666,-0,0,0.168504729000338,0.351747979698569,0.389716560166541,0,0,-1.43336561250755,-0.0370749069227406,0.00261147427035737,-0,0
3.76,-0.276798674389861,-0.589637514775327,-0.675323658889658,0,0,0.172041606602704,0.355618738511775,0.384435202474554,-0,0,-1.43373622992225,-0.0370484679362952,0.00267632301873545,0,0
3.77,-0.282728652202441,-0.596341695928944,-0.66551257183365,0,0,0.175616927725317,0.35943668374806,0.379153844782568,-0,0,-1.43410657970465,-0.0370213804623659,0.00274117176711298,0,0
3.78,-0.288725181272204,-0.602947766212,-0.655701484777642,0,0,0.179230164232408,0.363201815407426,0.373872487090582,-0,0,-1.43447665536987,-0.0369936445009529,0.00280602051549138,0,0
3.79,-0.294787280490446,-0.609455725624496,-0.645890397721634,0,0,0.182880787988209,0.366914133489872,0.368591129398595,-0,0,-1.43484645043304,-0.0369652600520561,0.0028708692638697,0,0
3.8,-0.300913968748459,-0.615865574166433,-0.636079310665627,0,0,0.18656827085695,0.370573637995398,0.363309771706609,-0,0,-1.43521595840929,-0.0369362271156755,0.00293571801224733,0,0
3.81,-0.307104264937539,-0.622177311837809,-0.626268223609619,0,0,0.190292084702861,0.374180328924004,0.358028414014622,-0,0,-1.43558517281373,-0.0369065456918111,0.00300056676062565,0,0
3.82,-0.31335718794898,-0.628390938638625,-0.616457136553611,0,0,0.194051701390173,0.37773420627569,0.352747056322636,-0,0,-1.4359540871615,-0.036876215780463,0.00306541550900368,0,0
3.83,-0.319671756674076,-0.634506454568881,-0.606646049497603,0,0,0.197846592783118,0.381235270050457,0.34746569863065,-0,0,-1.43632269496772,-0.0368452373816311,0.00313026425738158,0,0
3.84,-0.326046990004122,-0.640523859628577,-0.596834962441595,0,0,0.201676230745926,0.384683520248303,0.342184340938664,-0,0,-1.43669098974751,-0.0368136104953154,0.00319511300575961,0,0
3.85,-0.332481906830413,-0.646443153817713,-0.587023875385587,0,0,0.205540087142828,0.38807895686923,0.336902983246677,-0,0,-1.437058965016,-0.0367813351215159,0.00325996175413793,0,0
3.86,-0.338975526044241,-0.652264337136289,-0.577212788329579,0,0,0.209437633838054,0.391421579913237,0.331621625554691,-0,0,-1.43742661428831,-0.0367484112602326,0.00332481050251595,0,0
3.87,-0.345526866536903,-0.657987409584305,-0.567401701273571,0,0,0.213368342695836,0.394711389380324,0.326340267862704,-0,0,-1.43779393107958,-0.0367148389114656,0.00338965925089387,0,0
3.88,-0.352134947199692,-0.66361237116176,-0.557590614217563,0,0,0.217331685580404,0.397948385270491,0.321058910170718,-0,0,-1.43816090890492,-0.0366806180752147,0.0034545079992719,0,0
3.89,-0.358798786923903,-0.669139221868656,-0.547779527161555,0,0,0.22132713435599,0.401132567583738,0.315777552478732,-0,0,-1.43852754127946,-0.0366457487514801,0.00351935674765021,0,0
3.9,-0.36551740460083,-0.674567961704991,-0.537968440105547,0,0,0.225354160886823,0.404263936320066,0.310496194786746,-0,0,-1.43889382171832,-0.0366102309402617,0.00358420549602823,0,0
3.91,-0.372289819121768,-0.679898590670767,-0.528157353049539,0,0,0.229412237037134,0.407342491479473,0.305214837094759,-0,0,-1.43925974373664,-0.0365740646415595,0.00364905424440616,0,0
3.92,-0.37911504937801,-0.685131108765982,-0.518346265993532,0,0,0.233500834671156,0.410368233061961,0.299933479402773,-0,0,-1.43962530084953,-0.0365372498553736,0.00371390299278417,0,0
3.93,-0.385992114260852,-0.690265515990638,-0.508535178937524,0,0,0.237619425653117,0.413341161067529,0.294652121710786,-0,0,-1.43999048657212,-0.0364997865817038,0.00377875174116249,0,0
3.94,-0.392920032661588,-0.695301812344733,-0.498724091881516,0,0,0.24176748184725,0.416261275496176,0.2893707640188,-0,0,-1.44035529441954,-0.0364616748205503,0.0038436004895405,0,0
3.95,-0.399897823471512,-0.700239997828268,-0.488913004825508,0,0,0.245944475117784,0.419128576347905,0.284089406326814,-0,0,-1.44071971790691,-0.036422914571913,0.00390844923791843,0,0
3.96,-0.406924505581918,-0.705080072441243,-0.4791019177695,0,0,0.250149877328952,0.421943063622713,0.278808048634828,-0,0,-1.44108375054935,-0.0363835058357919,0.00397329798629646,0,0
3.97,-0.413999097884102,-0.709822036183658,-0.469290830713492,0,0,0.254383160344982,0.424704737320601,0.273526690942841,-0,0,-1.441447385862,-0.0363434486121871,0.00403814673467437,0,0
3.98,-0.421120619269356,-0.714465889055513,-0.459479743657484,0,0,0.258643796030107,0.42741359744157,0.268245333250855,-0,0,-1.44181061735997,-0.0363027429010985,0.00410299548305279,0,0
3.99,-0.428288088628977,-0.719011631056808,-0.449668656601476,0,0,0.262931256248557,0.430069643985618,0.262963975558868,-0,0,-1.44217343855839,-0.0362613887025261,0.00416784423143071,0,0
4,-0.435500524854257,-0.723459262187542,-0.439857569545469,0,0,0.267245012864563,0.432672876952747,0.257682617866882,-0,0,-1.4425358429724,-0.0362193860164699,0.00423269297980873,0,0
4.01,-0.442756946836492,-0.727808782447717,-0.430046482489461,0,0,0.271584537742356,0.435223296342956,0.252401260174896,-0,0,-1.4428978241171,-0.03617673484293,0.00429754172818676,0,0
4.02,-0.450056373466976,-0.732060191837331,-0.420235395433453,0,0,0.275949302746166,0.437720902156245,0.24711990248291,-0,0,-1.44325937550763,-0.0361334351819061,0.00436239047656477,0,0
4.03,-0.457397823637004,-0.736213490356386,-0.410424308377444,0,0,0.280338779740224,0.440165694392614,0.241838544790923,-0,0,-1.44362049065911,-0.0360894870333987,0.004427239224943,0,0
4.04,-0.464780316237869,-0.74026867800488,-0.400613221321437,0,0,0.284752440588762,0.442557673052063,0.236557187098937,-0,0,-1.44398116308667,-0.0360448903974073,0.00449208797332101,0,0
4.05,-0.472202870160866,-0.744225754782815,-0.390802134265429,0,0,0.289189757156009,0.444896838134593,0.231275829406951,-0,0,-1.44434138630544,-0.0359996452739321,0.00455693672169904,0,0
4.06,-0.47966450429729,-0.748084720690189,-0.380991047209421,0,0,0.293650201306197,0.447183189640202,0.225994471714965,-0,0,-1.44470115383053,-0.0359537516629733,0.00462178547007706,0,0
4.07,-0.487164237538435,-0.751845575727003,-0.371179960153413,0,0,0.298133244903557,0.449416727568892,0.220713114022978,-0,0,-1.44506045917707,-0.0359072095645306,0.00468663421845527,0,0
4.08,-0.494701088775595,-0.755508319893257,-0.361368873097405,0,0,0.302638359812319,0.451597451920662,0.215431756330992,-0,0,-1.44541929586019,-0.0358600189786042,0.0047514829668333,0,0
4.09,-0.502274076900065,-0.759072953188951,-0.351557786041397,0,0,0.307165017896714,0.453725362695512,0.210150398639005,-0,0,-1.44577765739502,-0.0358121799051939,0.00481633171521131,0,0
4.1,-0.509882220803138,-0.762539475614085,-0.34174669898539,0,0,0.311712691020972,0.455800459893442,0.204869040947019,-0,0,-1.44613553729667,-0.0357636923443,0.00488118046358934,0,0
4.11,-0.517524539376111,-0.765907887168659,-0.331935611929381,0,0,0.316280851049326,0.457822743514452,0.199587683255033,-0,0,-1.44649292908028,-0.0357145562959221,0.00494602921196755,0,0
4.12,-0.525200051510277,-0.769178187852673,-0.322124524873373,0,0,0.320868969846005,0.459792213558543,0.194306325563046,-0,0,-1.44684982626096,-0.0356647717600607,0.00501087796034557,0,0
4.13,-0.532907776096929,-0.772350377666127,-0.312313437817366,0,0,0.32547651927524,0.461708870025713,0.18902496787106,-0,0,-1.44720622235385,-0.0356143387367153,0.0050757267087236,0,0
4.14,-0.540646732027364,-0.77542445660902,-0.302502350761358,0,0,0.330102971201263,0.463572712915964,0.183743610179074,-0,0,-1.44756211087407,-0.0355632572258862,0.00514057545710163,0,0
4.15,-0.548415938192875,-0.778400424681354,-0.29269126370535,0,0,0.334747797488304,0.465383742229295,0.178462252487087,-0,0,-1.44791748533675,-0.0355115272275733,0.00520542420547984,0,0
4.16,-0.556214413484756,-0.781278281883127,-0.282880176649342,0,0,0.339410470000593,0.467141957965706,0.173180894795101,-0,0,-1.448272339257,-0.0354591487417765,0.00527027295385767,0,0
4.17,-0.564041176794302,-0.78405802821434,-0.273069089593334,0,0,0.344090460602361,0.468847360125197,0.167899537103115,-0,0,-1.44862666614996,-0.0354061217684961,0.00533512170223568,0,0
4.18,-0.571895247012807,-0.786739663674994,-0.263258002537327,0,0,0.34878724115784,0.470499948707768,0.162618179411129,-0,0,-1.44898045953075,-0.0353524463077319,0.0053999704506139,0,0
4.19,-0.579775643031567,-0.789323188265087,-0.253446915481318,0,0,0.35350028353126,0.472099723713419,0.157336821719142,-0,0,-1.44933371291449,-0.0352981223594837,0.00546481919899192,0,0
4.2,-0.587681383741874,-0.79180860198462,-0.24363582842531,0,0,0.358229059586852,0.473646685142151,0.152055464027156,-0,0,-1.44968641981631,-0.035243149923752,0.00552966794736994,0,0
4.21,-0.595611488035024,-0.794195904833593,-0.233824741369303,0,0,0.362973041188847,0.475140832993962,0.14677410633517,-0,0,-1.45003857375134,-0.0351875290005364,0.00559451669574796,0,0
4.22,-0.60356497480231,-0.796485096812006,-0.224013654313295,0,0,0.367731700201475,0.476582167268854,0.141492748643183,-0,0,-1.4503901682347,-0.035131259589837,0.00565936544412599,0,0
4.23,-0.611540862935029,-0.798676177919859,-0.214202567257286,0,0,0.372504508488968,0.477970687966826,0.136211390951197,-0,0,-1.45074119678151,-0.0350743416916538,0.0057242141925042,0,0
4.24,-0.619538171324473,-0.800769148157152,-0.204391480201279,0,0,0.377290937915555,0.479306395087878,0.13093003325921,-0,0,-1.4510916529069,-0.035016775305987,0.00578906294088222,0,0
4.25,-0.627555918861936,-0.802764007523885,-0.194580393145271,0,0,0.382090460345468,0.48058928863201,0.125648675567224,-0,0,-1.451441530126,-0.0349585604328362,0.00585391168926024,0,0
4.26,-0.635593124438715,-0.804660756020057,-0.184769306089263,0,0,0.386902547642939,0.481819368599223,0.120367317875238,-0,0,-1.45179082195394,-0.0348996970722018,0.00591876043763826,0,0
4.27,-0.643648806946102,-0.80645939364567,-0.174958219033256,0,0,0.391726671672196,0.482996634989515,0.115085960183252,-0,0,-1.45213952190582,-0.0348401852240834,0.00598360918601629,0,0
4.28,-0.651721985275393,-0.808159920400722,-0.165147131977247,0,0,0.396562304297473,0.484121087802888,0.109804602491265,-0,0,-1.45248762349679,-0.0347800248884815,0.0060484579343945,0,0
4.29,-0.659811678317882,-0.809762336285215,-0.155336044921239,0,0,0.401408917382998,0.48519272703934,0.104523244799279,-0,0,-1.45283512024197,-0.0347192160653956,0.00611330668277252,0,0
4.3,-0.667916904964862,-0.811266641299147,-0.145524957865232,0,0,0.406265982793003,0.486211552698873,0.0992418871072927,-0,0,-1.45318200565648,-0.0346577587548259,0.00617815543115055,0,0
4.31,-0.67603668410763,-0.812672835442519,-0.135713870809223,0,0,0.411132972391719,0.487177564781486,0.0939605294153061,-0,0,-1.45352827325544,-0.0345956529567727,0.00624300417952856,0,0
4.32,-0.684170034637478,-0.813980918715332,-0.125902783753215,0,0,0.416009358043377,0.488090763287179,0.0886791717233198,-0,0,-1.45387391655399,-0.0345328986712353,0.00630785292790658,0,0
4.33,-0.692315975445701,-0.815190891117584,-0.116091696697208,0,0,0.420894611612206,0.488951148215953,0.0833978140313336,-0,0,-1.45421892906724,-0.0344694958982145,0.00637270167628471,0,0
4.34,-0.700473525423594,-0.816302752649276,-0.1062806096412,0,0,0.425788204962439,0.489758719567806,0.0781164563393474,-0,0,-1.45456330431033,-0.0344054446377097,0.00643755042466283,0,0
4.35,-0.708641703462451,-0.817316503310408,-0.0964695225851922,0,0,0.430689609958306,0.49051347734274,0.0728350986473612,-0,0,-1.45490703579837,-0.0343407448897212,0.00650239917304085,0,0
4.36,-0.716819528453567,-0.81823214310098,-0.0866584355291837,0,0,0.435598298464038,0.491215421540753,0.0675537409553745,-0,0,-1.45525011704649,-0.0342753966542489,0.00656724792141887,0,0
4.37,-0.725006019288236,-0.819049672020992,-0.076847348473176,0,0,0.440513742343865,0.491864552161847,0.0622723832633883,-0,0,-1.45559254156983,-0.0342093999312929,0.00663209666979699,0,0
4.38,-0.733200194857752,-0.819769090070443,-0.0670362614171683,0,0,0.445435413462018,0.492460869206021,0.0569910255714021,-0,0,-1.4559343028835,-0.0341427547208529,0.00669694541817501,0,0
4.39,-0.741401074053409,-0.820390397249335,-0.0572251743611606,0,0,0.450362783682728,0.493004372673275,0.0517096678794159,-0,0,-1.45627539450262,-0.0340754610229292,0.00676179416655313,0,0
4.4,-0.749607675766503,-0.820913593557667,-0.047414087305152,0,0,0.455295324870227,0.493495062563609,0.0464283101874292,-0,0,-1.45661580994233,-0.0340075188375219,0.00682664291493114,0,0
4.41,-0.757819018888328,-0.821338678995438,-0.0376030002491443,0,0,0.460232508888744,0.493932938877024,0.041146952495443,-0,0,-1.45695554271775,-0.0339389281646308,0.00689149166330917,0,0
4.42,-0.766034122310176,-0.821665653562649,-0.0277919131931367,0,0,0.465173807602511,0.494318001613518,0.0358655948034568,-0,0,-1.457294586344,-0.0338696890042557,0.00695634041168729,0,0
4.43,-0.774252004923345,-0.821894517259301,-0.017980826137129,0,0,0.470118692875758,0.494650250773093,0.0305842371114706,-0,0,-1.45763293433621,-0.0337998013563968,0.00702118916006531,0,0
4.44,-0.782471685619128,-0.822025270085392,-0.00816973908112045,0,0,0.475066636572717,0.494929686355748,0.0253028794194839,-0,0,-1.4579705802095,-0.0337292652210545,0.00708603790844338,0,0
4.45,-0.790692183288818,-0.822057912040923,0.00164134797488729,0,0,0.480017110557617,0.495156308361482,0.0200215217274977,-0,0,-1.458307517479,-0.0336580805982281,0.00715088665682145,0,0
4.46,-0.798912516823711,-0.821992443125894,0.011452435030895,0,0,0.48496958669469,0.495330116790297,0.0147401640355115,-0,0,-1.45864373965984,-0.0335862474879179,0.00721573540519952,0,0
4.47,-0.8071317051151,-0.821828863340305,0.0212635220869027,0,0,0.489923536848166,0.495451111642193,0.00945880634352526,-0,0,-1.45897924026714,-0.033513765890124,0.00728058415357757,0,0
4.48,-0.815348767054282,-0.821567172684156,0.0310746091429112,0,0,0.494878432882278,0.495519292917168,0.00417744865153858,-0,0,-1.45931401281602,-0.0334406358048463,0.00734543290195563,0,0
4.49,-0.823562721532549,-0.821207371157447,0.0408856961989189,0,0,0.499833746661253,0.495534660615223,-0.00110390904044761,-0,0,-1.45964805082161,-0.0333668572320849,0.00741028165033369,0,0
4.5,-0.831772587441195,-0.820749458760178,0.0506967832549266,0,0,0.504788950049325,0.495497214736359,-0.00638526673243383,-0,0,-1.45998134779903,-0.0332924301718398,0.00747513039871175,0,0
4.51,-0.839977383671517,-0.820193435492349,0.0605078703109343,0,0,0.509743514910724,0.495406955280575,-0.01166662442442,-0,0,-1.46031389726342,-0.0332173546241108,0.00753997914708981,0,0
4.52,-0.848176129114807,-0.819539301353959,0.070318957366942,0,0,0.51469691310968,0.495263882247871,-0.0169479821164063,-0,0,-1.46064569272989,-0.033141630588898,0.00760482789546787,0,0
4.53,-0.856367842662361,-0.81878705634501,0.0801300444229505,0,0,0.519648616510425,0.495067995638247,-0.0222293398083929,-0,0,-1.46097672771357,-0.0330652580662015,0.00766967664384594,0,0
4.54,-0.864551543205472,-0.8179367004655,0.0899411314789582,0,0,0.524598096977189,0.494819295451703,-0.0275106975003792,-0,0,-1.46130699572959,-0.032988237056021,0.00773452539222398,0,0
4.55,-0.872726249635436,-0.816988233715431,0.0997522185349659,0,0,0.529544826374203,0.494517781688239,-0.0327920551923654,-0,0,-1.46163649029307,-0.0329105675583571,0.00779937414060206,0,0
4.56,-0.880890980843545,-0.815941656094801,0.109563305590974,0,0,0.534488276565697,0.494163454347856,-0.0380734128843515,-0,0,-1.46196520491913,-0.0328322495732091,0.00786422288898013,0,0
4.57,-0.889044755721097,-0.814796967603611,0.119374392646982,0,0,0.539427919415904,0.493756313430552,-0.0433547705763383,-0,0,-1.46229313312291,-0.0327532831005774,0.00792907163735819,0,0
4.58,-0.897186593159383,-0.813554168241861,0.12918547970299,0,0,0.544363226789052,0.493296358936329,-0.0486361282683244,-0,0,-1.46262026841952,-0.0326736681404617,0.00799392038573622,0,0
4.59,-0.905315512049698,-0.812213258009551,0.138996566758998,0,0,0.549293670549374,0.492783590865185,-0.0539174859603106,-0,0,-1.46294660432409,-0.0325934046928625,0.00805876913411433,0,0
4.6,-0.913430531283338,-0.810774236906681,0.148807653815005,0,0,0.554218722561099,0.492218009217122,-0.0591988436522969,-0,0,-1.46327213435175,-0.0325124927577796,0.00812361788249235,0,0
4.61,-0.921530669751597,-0.809237104933251,0.158618740871014,0,0,0.55913785468846,0.49159961399214,-0.0644802013442835,-0,0,-1.46359685201762,-0.0324309323352126,0.00818846663087038,0,0
4.62,-0.929614946345768,-0.807601862089261,0.168429827927022,0,0,0.564050538795686,0.490928405190237,-0.0697615590362697,-0,0,-1.46392075083683,-0.032348723425162,0.0082533153792485,0,0
4.63,-0.937682379957147,-0.805868508374711,0.178240914983029,0,0,0.568956246747008,0.490204382811414,-0.075042916728256,-0,0,-1.4642438243245,-0.0322658660276277,0.00831816412762652,0,0
4.64,-0.945731989477027,-0.8040370437896,0.188052002039037,0,0,0.573854450406658,0.489427546855672,-0.0803242744202422,-0,0,-1.46456606599576,-0.0321823601426096,0.00838301287600463,0,0
4.65,-0.953762793796704,-0.80210746833393,0.197863089095045,0,0,0.578744621638865,0.488597897323009,-0.0856056321122289,-0,0,-1.46488746936573,-0.0320982057701076,0.00844786162438266,0,0
4.66,-0.961773811807471,-0.800079782007699,0.207674176151053,0,0,0.583626232307862,0.487715434213427,-0.0908869898042151,-0,0,-1.46520802794954,-0.032013402910122,0.00851271037276068,0,0
4.67,-0.969764062400622,-0.797953984810909,0.217485263207061,0,0,0.588498754277877,0.486780157526925,-0.0961683474962013,-0,0,-1.46552773526231,-0.0319279515626526,0.0085775591211388,0,0
4.68,-0.977732564467453,-0.795730076743558,0.227296350263069,0,0,0.593361659413143,0.485792067263503,-0.101449705188187,-0,0,-1.46584658481916,-0.0318418517276992,0.00864240786951692,0,0
4.69,-0.985678336899258,-0.793408057805647,0.237107437319076,0,0,0.598214419577891,0.484751163423161,-0.106731062880174,-0,0,-1.46616457013523,-0.0317551034052622,0.00870725661789494,0,0
4.7,-0.993600398587331,-0.790987927997177,0.246918524375085,0,0,0.60305650663635,0.4836574460059,-0.11201242057216,-0,0,-1.46648168472564,-0.0316677065953413,0.00877210536627296,0,0
4.71,-1.00149776842297,-0.788469687318145,0.256729611431092,0,0,0.607887392452753,0.482510915011718,-0.117293778264146,-0,0,-1.46679792210552,-0.0315796612979367,0.00883695411465097,0,0
4.72,-1.00936946529746,-0.785853335768555,0.2665406984871,0,0,0.612706548891328,0.481311570440617,-0.122575135956133,-0,0,-1.46711327578998,-0.0314909675130482,0.008901802863029,0,0
4.73,-1.0172145081021,-0.783138873348403,0.276351785543109,0,0,0.617513447816309,0.480059412292595,-0.127856493648119,-0,0,-1.46742773929415,-0.031401625240676,0.00896665161140721,0,0
4.74,-1.02503191572819,-0.780326300057693,0.286162872599116,0,0,0.622307561091924,0.478754440567654,-0.133137851340106,-0,0,-1.46774130613317,-0.0313116344808201,0.00903150035978524,0,0
4.75,-1.03282070706702,-0.777415615896421,0.295973959655124,0,0,0.627088360582405,0.477396655265794,-0.138419209032092,-0,0,-1.46805396982214,-0.0312209952334803,0.00909634910816326,0,0
4.76,-1.04057990100989,-0.77440682086459,0.305785046711132,0,0,0.631855318151983,0.475986056387012,-0.143700566724078,-0,0,-1.46836572387621,-0.0311297074986569,0.00916119785654128,0,0
4.77,-1.04830851644808,-0.771299914962199,0.315596133767139,0,0,0.636607905664889,0.474522643931312,-0.148981924416064,-0,0,-1.46867656181049,-0.0310377712763496,0.00922604660491931,0,0
4.78,-1.05600557227289,-0.768094898189247,0.325407220823148,0,0,0.641345594985353,0.473006417898691,-0.154263282108051,-0,0,-1.46898647714011,-0.0309451865665584,0.00929089535329752,0,0
4.79,-1.06367008737563,-0.764791770545736,0.335218307879156,0,0,0.646067857977607,0.471437378289151,-0.159544639800037,-0,0,-1.4692954633802,-0.0308519533692836,0.00935574410167555,0,0
4.8,-1.07130108064757,-0.761390532031664,0.345029394935163,0,0,0.65077416650588,0.469815525102691,-0.164825997492023,-0,0,-1.46960351404587,-0.030758071684525,0.00942059285005356,0,0
4.81,-1.07889757098003,-0.757891182647032,0.354840481991171,0,0,0.655463992434404,0.46814085833931,-0.17010735518401,-0,0,-1.46991062265226,-0.0306635415122825,0.00948544159843159,0,0
4.82,-1.08645857726428,-0.754293722391841,0.36465156904718,0,0,0.66013680762741,0.46641337799901,-0.175388712875996,-0,0,-1.47021678271449,-0.0305683628525563,0.0095502903468096,0,0
4.83,-1.09398311839163,-0.750598151266089,0.374462656103187,0,0,0.664792083949127,0.46463308408179,-0.180670070567983,-0,0,-1.47052198774769,-0.0304725357053463,0.00961513909518782,0,0
4.84,-1.10147021325337,-0.746804469269777,0.384273743159195,0,0,0.669429293263789,0.462799976587651,-0.185951428259969,-0,0,-1.47082623126698,-0.0303760600706525,0.00967998784356584,0,0
4.85,-1.10891888074079,-0.742912676402905,0.394084830215203,0,0,0.674047907435624,0.460914055516591,-0.191232785951955,-0,0,-1.47112950678748,-0.030278935948475,0.00974483659194367,0,0
4.86,-1.11632813974519,-0.738922772665473,0.403895917271211,0,0,0.678647398328864,0.458975320868611,-0.196514143643942,-0,0,-1.47143180782432,-0.0301811633388137,0.00980968534032188,0,0
4.87,-1.12369700915786,-0.734834758057481,0.413707004327219,0,0,0.68322723780774,0.456983772643712,-0.201795501335928,-0,0,-1.47173312789263,-0.0300827422416686,0.00987453408869991,0,0
4.88,-1.1310245078701,-0.730648632578928,0.423518091383227,0,0,0.687786897736482,0.454939410841893,-0.207076859027914,-0,0,-1.47203346050753,-0.0299836726570398,0.00993938283707792,0,0
4.89,-1.13830965477321,-0.726364396229816,0.433329178439234,0,0,0.692325849979321,0.452842235463154,-0.2123582167199,-0,0,-1.47233279918415,-0.029883954584927,0.010004231585456,0,0
4.9,-1.14555146875846,-0.721982049010144,0.443140265495243,0,0,0.696843566400489,0.450692246507495,-0.217639574411887,-0,0,-1.4726311374376,-0.0297835880253305,0.0100690803338342,0,0
4.91,-1.15274896871717,-0.717501590919911,0.452951352551251,0,0,0.701339518864215,0.448489443974916,-0.222920932103873,-0,0,-1.47292846878303,-0.0296825729782503,0.0101339290822122,0,0
4.92,-1.15990117354063,-0.712923021959119,0.462762439607258,0,0,0.705813179234731,0.446233827865418,-0.228202289795859,-0,0,-1.47322478673554,-0.0295809094436864,0.0101987778305902,0,0
4.93,-1.16700710212012,-0.708246342127766,0.472573526663266,0,0,0.710264019376267,0.443925398178999,-0.233483647487845,-0,0,-1.47352008481028,-0.0294785974216385,0.0102636265789682,0,0
4.94,-1.17406577334695,-0.703471551425853,0.482384613719275,0,0,0.714691511153055,0.441564154915661,-0.238765005179832,-0,0,-1.47381435652235,-0.0293756369121069,0.0103284753273464,0,0
4.95,-1.1810762061124,-0.69859864985338,0.492195700775282,0,0,0.719095126429324,0.439150098075402,-0.244046362871818,-0,0,-1.47410759538689,-0.0292720279150916,0.0103933240757245,0,0
4.96,-1.18803741930778,-0.693627637410348,0.50200678783129,0,0,0.723474337069306,0.436683227658224,-0.249327720563805,-0,0,-1.47439979491903,-0.0291677704305925,0.0104581728241025,0,0
4.97,-1.19494843182437,-0.688558514096755,0.511817874887298,0,0,0.727828614937232,0.434163543664126,-0.254609078255791,-0,0,-1.47469094863388,-0.0290628644586095,0.0105230215724805,0,0
4.98,-1.20180826255348,-0.683391279912602,0.521628961943306,0,0,0.732157431897332,0.431591046093108,-0.259890435947778,-0,0,-1.47498105004657,-0.0289573099991428,0.0105878703208587,0,0
4.99,-1.20861593038639,-0.678125934857889,0.531440048999314,0,0,0.736460259813838,0.428965734945171,-0.265171793639764,-0,0,-1.47527009267224,-0.0288511070521924,0.0106527190692367,0,0
5,-1.2153704542144,-0.672762478932616,0.541251136055322,0,0,0.740736570550979,0.426287610220313,-0.27045315133175,-0,0,-1.47555807002599,-0.0287442556177582,0.0107175678176148,0,0
5.01,-1.22207085292881,-0.667300912136782,0.551062223111329,0,0,0.744985835972988,0.423556671918536,-0.275734509023736,-0,0,-1.47584497562297,-0.0286367556958401,0.0107824165659928,0,0
5.02,-1.2287161454209,-0.661741234470389,0.560873310167337,0,0,0.749207527944093,0.420772920039839,-0.281015866715722,-0,0,-1.47613080297829,-0.0285286072864382,0.0108472653143708,0,0
5.03,-1.23530535058198,-0.656083445933435,0.570684397223346,0,0,0.753401118328528,0.417936354584221,-0.286297224407709,-0,0,-1.47641554560707,-0.0284198103895526,0.010912114062749,0,0
5.04,-1.24183748730334,-0.650327546525922,0.580495484279353,0,0,0.757566078990522,0.415046975551684,-0.291578582099695,-0,0,-1.47669919702445,-0.0283103650051834,0.010976962811127,0,0
5.05,-1.24831157447626,-0.644473536247849,0.590306571335361,0,0,0.761701881794305,0.412104782942227,-0.296859939791681,-0,0,-1.47698175074555,-0.0282002711333302,0.0110418115595051,0,0
5.06,-1.25472663099206,-0.638521415099215,0.600117658391369,0,0,0.765807998604109,0.409109776755851,-0.302141297483668,-0,0,-1.47726320028549,-0.0280895287739932,0.0111066603078831,0,0
5.07,-1.26108167574201,-0.632471183080021,0.609928745447377,0,0,0.769883901284166,0.406061956992554,-0.307422655175654,-0,0,-1.47754353915941,-0.0279781379271725,0.0111715090562613,0,0
5.08,-1.26737572761742,-0.626322840190267,0.619739832503385,0,0,0.773929061698705,0.402961323652337,-0.312704012867641,-0,0,-1.47782276088241,-0.0278660985928679,0.0112363578046393,0,0
5.09,-1.27360780550958,-0.620076386429954,0.629550919559393,0,0,0.777942951711956,0.399807876735201,-0.317985370559627,-0,0,-1.47810085896964,-0.0277534107710797,0.0113012065530173,0,0
5.1,-1.27977692830979,-0.61373182179908,0.6393620066154,0,0,0.781925043188152,0.396601616241145,-0.323266728251613,-0,0,-1.47837782693621,-0.0276400744618076,0.0113660553013954,0,0
5.11,-1.28588211490933,-0.607289146297645,0.649173093671409,0,0,0.785874807991523,0.393342542170169,-0.3285480859436,-0,0,-1.47865365829725,-0.0275260896650518,0.0114309040497736,0,0
5.12,-1.2919223841995,-0.600748359925651,0.658984180727416,0,0,0.789791717986299,0.390030654522273,-0.333829443635586,-0,0,-1.47892834656788,-0.0274114563808122,0.0114957527981516,0,0
5.13,-1.29789675507161,-0.594109462683097,0.668795267783424,0,0,0.793675245036711,0.386665953297457,-0.339110801327572,-0,0,-1.47920188526324,-0.0272961746090888,0.0115606015465296,0,0
5.14,-1.30380424641693,-0.587372454569983,0.678606354839432,0,0,0.797524861006992,0.383248438495722,-0.344392159019558,-0,0,-1.47947426789844,-0.0271802443498816,0.0116254502949076,0,0
5.15,-1.30964387712677,-0.580537335586308,0.688417441895441,0,0,0.80134003776137,0.379778110117066,-0.349673516711545,-0,0,-1.47974548798861,-0.0270636656031906,0.0116902990432859,0,0
5.16,-1.31541466609242,-0.573604105732074,0.698228528951448,0,0,0.805120247164077,0.376254968161491,-0.354954874403531,-0,0,-1.48001553904888,-0.0269464383690158,0.0117551477916639,0,0
5.17,-1.32111563220518,-0.566572765007279,0.708039616007456,0,0,0.808864961079343,0.372679012628995,-0.360236232095517,-0,0,-1.48028441459437,-0.0268285626473573,0.0118199965400419,0,0
5.18,-1.32674579435633,-0.559443313411925,0.717850703063464,0,0,0.8125736513714,0.36905024351958,-0.365517589787503,-0,0,-1.4805521081402,-0.026710038438215,0.0118848452884199,0,0
5.19,-1.33230417143718,-0.55221575094601,0.727661790119472,0,0,0.816245789904478,0.365368660833245,-0.37079894747949,-0,0,-1.48081861320151,-0.0265908657415889,0.0119496940367977,0,0
5.2,-1.33778978233902,-0.544890077609536,0.73747287717548,0,0,0.819880848542808,0.361634264569991,-0.376080305171476,-0,0,-1.48108392329341,-0.026471044557479,0.0120145427851762,0,0
5.21,-1.34320164595314,-0.537466293402501,0.747283964231487,0,0,0.823478299150622,0.357847054729816,-0.381361662863463,-0,0,-1.48134803193103,-0.0263505748858854,0.0120793915335538,0,0
5.22,-1.34853878117083,-0.529944398324906,0.757095051287495,0,0,0.827037613592148,0.354007031312721,-0.386643020555449,-0,0,-1.4816109326295,-0.026229456726808,0.0121442402819322,0,0
5.23,-1.3538002068834,-0.522324392376751,0.766906138343504,0,0,0.83055826373162,0.350114194318707,-0.391924378247436,-0,0,-1.48187261890394,-0.0261076900802468,0.0122090890303104,0,0
5.24,-1.35898494198213,-0.514606275558036,0.776717225399511,0,0,0.834039721433266,0.346168543747772,-0.397205735939422,-0,0,-1.48213308426948,-0.0259852749462018,0.0122739377786881,0,0
5.25,-1.36409200535832,-0.506790047868761,0.786528312455519,0,0,0.837481458561319,0.342170079599918,-0.402487093631408,-0,0,-1.48239232224124,-0.025862211324673,0.0123387865270665,0,0
5.26,-1.3691205249658,-0.498908428066245,0.789795648047595,0,0,0.840883080254137,0.338158784113789,-0.39977200359442,0,0,-1.48265033140047,-0.0257400190526297,0.0120996678815923,-0,0
5.27,-1.37407006500846,-0.490994134907809,0.79306298363967,0,0,0.844244724746596,0.33417463952803,-0.397056913557431,0,0,-1.48290713059292,-0.0256202179670412,0.0118605492361182,-0,0
5.28,-1.37894029875277,-0.483047168393451,0.796330319231745,0,0,0.847566663547699,0.330217645842641,-0.394341823520442,0,0,-1.48316274373044,-0.0255028080679073,0.011621430590644,-0,0
5.29,-1.38373089946515,-0.475067528523174,0.799597654823821,0,0,0.85084916816645,0.326287803057621,-0.391626733483454,0,0,-1.4834171947249,-0.0253877893552283,0.0113823119451699,-0,0
5.3,-1.38844154041204,-0.467055215296975,0.802864990415896,0,0,0.854092510111853,0.322385111172972,-0.388911643446465,0,0,-1.48367050748816,-0.025275161829004,0.0111431932996958,-0,0
5.31,-1.3930718948599,-0.459010228714856,0.806132326007971,0,0,0.857296960892911,0.318509570188692,-0.386196553409477,0,0,-1.4839227059321,-0.0251649254892344,0.0109040746542217,-0,0
5.32,-1.39762163607515,-0.450932568776816,0.809399661600048,0,0,0.860462792018628,0.314661180104782,-0.383481463372488,0,0,-1.48417381396857,-0.0250570803359195,0.0106649560087475,-0,0
5.33,-1.40209043732425,-0.442822235482855,0.812666997192122,0,0,0.863590274998007,0.310839940921242,-0.380766373335499,0,0,-1.48442385550944,-0.0249516263690594,0.010425837363273,-0,0
5.34,-1.40647797187362,-0.434679228832973,0.815934332784198,0,0,0.866679681340054,0.307045852638072,-0.378051283298511,0,0,-1.48467285446657,-0.0248485635886541,0.0101867187177989,-0,0
5.35,-1.41078391298972,-0.426503548827171,0.819201668376273,0,0,0.86973128255377,0.303278915255272,-0.375336193261522,0,0,-1.48492083475183,-0.0247478919947035,0.0099476000723248,-0,0
5.36,-1.41500793393898,-0.418295195465448,0.822469003968349,0,0,0.87274535014816,0.299539128772842,-0.372621103224534,0,0,-1.48516782027709,-0.0246496115872076,0.00970848142685063,-0,0
5.37,-1.41914970798784,-0.410054168747804,0.825736339560424,0,0,0.875722155632228,0.295826493190781,-0.369906013187545,0,0,-1.4854138349542,-0.0245537223661664,0.00946936278137652,-0,0
5.38,-1.42320890840275,-0.401780468674239,0.8290036751525,0,0,0.878661970514977,0.292141008509091,-0.367190923150557,0,0,-1.48565890269503,-0.02446022433158,0.00923024413590241,-0,0
5.39,-1.42718520845014,-0.393474095244754,0.832271010744575,0,0,0.881565066305411,0.28848267472777,-0.364475833113568,0,0,-1.48590304741145,-0.0243691174834484,0.0089911254904283,-0,0
5.4,-1.43107828139646,-0.385135048459348,0.835538346336651,0,0,0.884431714512534,0.284851491846819,-0.361760743076579,0,0,-1.48614629301532,-0.0242804018217714,0.00875200684495413,-0,0
5.41,-1.43488780050814,-0.376763328318021,0.838805681928726,0,0,0.887262186645349,0.281247459866238,-0.359045653039591,0,0,-1.48638866341851,-0.0241940773465493,0.00851288819948002,-0,0
5.42,-1.43861343905163,-0.368358934820773,0.842073017520801,0,0,0.89005675421286,0.277670578786028,-0.356330563002602,0,0,-1.48663018253287,-0.0241101440577818,0.00827376955400592,-0,0
5.43,-1.44225487029337,-0.359921867967605,0.845340353112876,0,0,0.892815688724071,0.274120848606187,-0.353615472965614,0,0,-1.48687087427029,-0.0240286019554692,0.00803465090853181,-0,0
5.44,-1.4458117674998,-0.351452127758515,0.848607688704952,0,0,0.895539261687985,0.270598269326715,-0.350900382928625,0,0,-1.48711076254261,-0.0239494510396112,0.00779553226305762,-0,0
5.45,-1.44928380393736,-0.342949714193506,0.851875024297027,0,0,0.898227744613606,0.267102840947614,-0.348185292891636,0,0,-1.4873498712617,-0.0238726913102081,0.00755641361758352,-0,0
5.46,-1.45267065287248,-0.334414627272575,0.855142359889103,0,0,0.900881409009938,0.263634563468882,-0.345470202854648,0,0,-1.48758822433943,-0.0237983227672596,0.00731729497210941,-0,0
5.47,-1.45597198757162,-0.325846866995724,0.858409695481178,0,0,0.903500526385985,0.260193436890521,-0.342755112817659,0,0,-1.48782584568767,-0.0237263454107658,0.0070781763266353,-0,0
5.48,-1.45918748130121,-0.317246433362951,0.861677031073254,0,0,0.90608536825075,0.256779461212529,-0.340040022780671,0,0,-1.48806275921827,-0.0236567592407269,0.00683905768116113,-0,0
5.49,-1.46231680732769,-0.308613326374259,0.864944366665329,0,0,0.908636206113237,0.253392636434907,-0.337324932743682,0,0,-1.4882989888431,-0.0235895642571426,0.00659993903568702,-0,0
5.5,-1.46535963891751,-0.299947546029645,0.868211702257404,0,0,0.911153311482449,0.250032962557656,-0.334609842706694,0,0,-1.48853455847403,-0.0235247604600131,0.00636082039021291,-0,0
5.51,-1.4683156493371,-0.291249092329111,0.87147903784948,0,0,0.913636955867391,0.246700439580774,-0.331894752669705,0,0,-1.48876949202292,-0.0234623478493384,0.00612170174473881,-0,0
5.52,-1.47118451185291,-0.282517965272656,0.874746373441555,0,0,0.916087410777066,0.243395067504262,-0.329179662632717,0,0,-1.48900381340164,-0.0234023264251183,0.0058825830992647,-0,0
5.53,-1.47396589973137,-0.273754164860279,0.878013709033631,0,0,0.918504947720478,0.240116846328119,-0.326464572595728,0,0,-1.48923754652205,-0.0233446961873531,0.00564346445379052,-0,0
5.54,-1.47665948623893,-0.264957691091983,0.881281044625707,0,0,0.92088983820663,0.236865776052347,-0.323749482558739,0,0,-1.48947071529601,-0.0232894571360425,0.00540434580831642,-0,0
5.55,-1.47926494464202,-0.256128543967766,0.884548380217782,0,0,0.923242353744526,0.233641856676945,-0.321034392521751,0,0,-1.48970334363539,-0.0232366092711867,0.00516522716284231,-0,0
5.56,-1.48178194820709,-0.247266723487628,0.887815715809857,0,0,0.92556276584317,0.230445088201912,-0.318319302484762,0,0,-1.48993545545205,-0.0231861525927856,0.0049261085173682,-0,0
5.57,-1.48421017020059,-0.238372229651568,0.891083051401932,0,0,0.927851346011565,0.227275470627249,-0.315604212447773,0,0,-1.49016707465787,-0.0231380871008394,0.00468698987189402,-0,0
5.58,-1.48654928388894,-0.229445062459589,0.894350386994008,0,0,0.930108365758716,0.224133003952956,-0.312889122410785,0,0,-1.49039822516469,-0.0230924127953478,0.00444787122641991,-0,0
5.59,-1.48879896253859,-0.220485221911688,0.897617722586083,0,0,0.932334096593626,0.221017688179034,-0.310174032373796,0,0,-1.4906289308844,-0.023049129676311,0.0042087525809458,-0,0
5.6,-1.49095887941599,-0.211492708007867,0.900885058178159,0,0,0.934528810025298,0.217929523305481,-0.307458942336808,0,0,-1.49085921572884,-0.0230082377437288,0.0039696339354717,-0,0
5.61,-1.49302870778756,-0.202467520748125,0.904152393770234,0,0,0.936692777562737,0.214868509332297,-0.304743852299819,0,0,-1.49108910360989,-0.0229697369976015,0.00373051528999752,-0,0
5.62,-1.49500812091976,-0.193409660132462,0.90741972936231,0,0,0.938826270714945,0.211834646259484,-0.302028762262831,0,0,-1.49131861843941,-0.0229336274379289,0.00349139664452341,-0,0
5.63,-1.49689679207903,-0.184319126160879,0.910687064954385,0,0,0.940929560990927,0.208827934087041,-0.299313672225842,0,0,-1.49154778412927,-0.0228999090647111,0.00325227799904931,-0,0
5.64,-1.49869439453179,-0.175195918833375,0.91395440054646,0,0,0.943002919899687,0.205848372814967,-0.296598582188853,0,0,-1.49177662459133,-0.022868581877948,0.0030131593535752,-0,0
5.65,-1.50040060154451,-0.166040038149949,0.917221736138536,0,0,0.945046618950228,0.202895962443264,-0.293883492151865,0,0,-1.49200516373745,-0.0228396458776396,0.00277404070810102,-0,0
5.66,-1.50201508638361,-0.156851484110604,0.920489071730611,0,0,0.947060929651554,0.19997070297193,-0.291168402114876,0,0,-1.4922334254795,-0.022813101063786,0.00253492206262691,-0,0
5.67,-1.50353752231553,-0.147630256715337,0.923756407322686,0,0,0.949046123512668,0.197072594400966,-0.288453312077888,0,0,-1.49246143372935,-0.022788947436387,0.00229580341715261,-0,0
5.68,-1.50496758260673,-0.13837635596415,0.927023742914762,0,0,0.951002472042574,0.194201636730372,-0.285738222040899,0,0,-1.49268921239885,-0.0227671849954429,0.00205668477167851,-0,0
5.69,-1.50630494052363,-0.129089781857042,0.930291078506837,0,0,0.952930246750277,0.191357829960148,-0.28302313200391,0,0,-1.49291678539988,-0.0227478137409534,0.00181756612620432,-0,0
5.7,-1.50754926933268,-0.119770534394013,0.933558414098913,0,0,0.954829719144778,0.188541174090294,-0.280308041966922,0,0,-1.49314417664429,-0.0227308336729188,0.00157844748073022,-0,0
5.71,-1.50870024230032,-0.110418613575064,0.936825749690988,0,0,0.956701160735084,0.18575166912081,-0.277592951929933,0,0,-1.49337141004396,-0.0227162447913388,0.00133932883525611,-0,0
5.72,-1.509757532693,-0.101034019400194,0.940093085283064,0,0,0.958544843030196,0.182989315051695,-0.274877861892945,0,0,-1.49359850951074,-0.0227040470962137,0.00110021018978201,-0,0
5.73,-1.51072081377714,-0.0916167518694023,0.943360420875139,0,0,0.960361037539119,0.180254111882951,-0.272162771855956,0,0,-1.49382549895651,-0.0226942405875433,0.000861091544307825,-0,0
5.74,-1.5115897588192,-0.0821668109826906,0.946627756467215,0,0,0.962150015770856,0.177546059614576,-0.269447681818967,0,0,-1.49405240229311,-0.0226868252653275,0.000621972898833718,-0,0
5.75,-1.51236404108561,-0.0726841967400583,0.94989509205929,0,0,0.963912049234412,0.174865158246572,-0.266732591781979,0,0,-1.49427924343243,-0.0226818011295666,0.000382854253359611,-0,0
5.76,-1.51304333384281,-0.0631689091415052,0.953162427651365,0,0,0.965647409438789,0.172211407778937,-0.26401750174499,0,0,-1.49450604628633,-0.0226791681802604,0.000143735607885505,-0,0
5.77,-1.51362731035725,-0.0536209481870314,0.95642976324344,0,0,0.967356367892992,0.169584808211672,-0.261302411708002,0,0,-1.49473283476666,-0.0226789264174088,-9.5383037588602e-05,-0,0
5.78,-1.51411564389537,-0.044040313876636,0.959697098835516,0,0,0.969039196106024,0.166985359544777,-0.258587321671013,0,0,-1.4949596327853,-0.0226810758410122,-0.000334501683062783,-0,0
5.79,-1.5145080077236,-0.0344270062103206,0.962964434427591,0,0,0.970696165586888,0.164413061778251,-0.255872231634025,0,0,-1.4951864642541,-0.0226856164510702,-0.00057362032853689,-0,0
5.8,-1.51480407510839,-0.0247810251880846,0.966231770019667,0,0,0.97232754784459,0.161867914912096,-0.253157141597036,0,0,-1.49541335308494,-0.0226925482475828,-0.000812738974010994,-0,0
5.81,-1.51500351931617,-0.0151023708099269,0.969499105611743,0,0,0.973933614388132,0.159349918946311,-0.250442051560047,0,0,-1.49564032318968,-0.0227018712305502,-0.00105185761948518,-0,0
5.82,-1.5151060136134,-0.00539104307584936,0.972766441203818,0,0,0.975514636726517,0.156859073880895,-0.247726961523059,0,0,-1.49586739848017,-0.0227135853999727,-0.00129097626495928,-0,0
5.83,-1.5151112312665,0.00435295801414907,0.976033776795893,0,0,0.977070886368751,0.15439537971585,-0.24501187148607,0,0,-1.4960946028683,-0.0227276907558495,-0.00153009491043339,-0,0
5.84,-1.51501884554193,0.0141296324600683,0.979301112387968,0,0,0.978602634823835,0.151958836451174,-0.242296781449082,0,0,-1.49632196026591,-0.0227441872981812,-0.00176921355590759,-0,0
5.85,-1.51482852970612,0.023938980261908,0.982568447980044,0,0,0.980110153600775,0.149549444086868,-0.239581691412093,0,0,-1.49654949458488,-0.0227630750269678,-0.0020083322013817,-0,0
5.86,-1.5145399570255,0.0337810014196696,0.98583578357212,0,0,0.981593714208574,0.147167202622932,-0.236866601375104,0,0,-1.49677722973707,-0.0227843539422088,-0.00224745084685588,-0,0
5.87,-1.51415280076654,0.0436556959333509,0.989103119164195,0,0,0.983053588156235,0.144812112059366,-0.234151511338116,0,0,-1.49700518963435,-0.0228080240439047,-0.00248656949232999,-0,0
5.88,-1.51366673419565,0.0535630638029531,0.99237045475627,0,0,0.984490046952763,0.14248417239617,-0.231436421301127,0,0,-1.49723339818857,-0.0228340853320555,-0.00272568813780409,-0,0
5.89,-1.51308143057929,0.0635031050284758,0.995637790348346,0,0,0.98590336210716,0.140183383633343,-0.228721331264139,0,0,-1.49746187931161,-0.0228625378066609,-0.0029648067832782,-0,0
5.9,-1.5123965631839,0.0734758196099204,0.998905125940421,0,0,0.987293805128431,0.137909745770887,-0.22600624122715,0,0,-1.49769065691533,-0.0228933814677209,-0.00320392542875238,-0,0
5.91,-1.51161180527591,0.0834812075472848,1.0021724615325,0,0,0.988661647525579,0.1356632588088,-0.223291151190162,0,0,-1.49791975491159,-0.0229266163152359,-0.00344304407422649,-0,0
5.92,-1.51072683012176,0.0935192688405699,1.00543979712457,0,0,0.990007160807608,0.133443922747084,-0.220576061153173,0,0,-1.49814919721225,-0.0229622423492056,-0.00368216271970064,-0,0
5.93,-1.50974131098791,0.103590003489776,1.00870713271665,0,0,0.991330616483522,0.131251737585737,-0.217860971116185,0,0,-1.49837900772919,-0.0230002595696298,-0.00392128136517475,-0,0
5.94,-1.50865492114078,0.113693411494903,1.01197446830872,0,0,0.992632286062324,0.12908670332476,-0.215145881079196,0,0,-1.49860921037427,-0.0230406679765091,-0.00416040001064893,-0,0
5.95,-1.50746733384682,0.123829492855951,1.0152418039008,0,0,0.993912441053018,0.126948819964153,-0.212430791042207,0,0,-1.49883982905934,-0.023083467569843,-0.00439951865612304,-0,0
5.96,-1.50617822237248,0.133998247572919,1.01850913949287,0,0,0.995171352964608,0.124838087503916,-0.209715701005219,0,0,-1.49907088769628,-0.0231286583496316,-0.00463863730159717,-0,0
5.97,-1.50478725998418,0.144199675645808,1.02177647508495,0,0,0.996409293306098,0.122754505944049,-0.20700061096823,0,0,-1.49930241019696,-0.0231762403158748,-0.0048777559470713,-0,0
5.98,-1.50329411994837,0.154433777074618,1.02504381067702,0,0,0.99762653358649,0.120698075284551,-0.204285520931241,0,0,-1.49953442047322,-0.0232262134685729,-0.00511687459254544,-0,0
5.99,-1.5016984755315,0.164700551859349,1.0283111462691,0,0,0.99882334531479,0.118668795525424,-0.201570430894253,0,0,-1.49976694243695,-0.0232785778077258,-0.00535599323801956,-0,0
6,-1.5,0.175,1.03157848186118,0,0,1,0.116666666666666,-0.198855340857264,0,0,-1.5,-0.0233333333333332,-0.00559511188349369,-0,0
6.01,-1.49819836662031,0.185332121496572,1.03484581745325,0,0,1.00115676915112,0.114691688708278,-0.196140250820276,0,0,-1.50023361707424,-0.0233904800453955,-0.00583423052896782,-0,0
6.02,-1.49629324865888,0.195696916349064,1.03811315304533,0,0,1.00229392427717,0.112743861650261,-0.193425160783287,0,0,-1.50046781757153,-0.0234500179439127,-0.00607334917444194,-0,0
6.03,-1.49428431938215,0.206094384557479,1.0413804886374,0,0,1.00341173688713,0.110823185492613,-0.190710070746298,0,0,-1.50070262540374,-0.0235119470288843,-0.00631246781991608,-0,0
6.04,-1.49217125205655,0.216524526121813,1.04464782422948,0,0,1.00451047849002,0.108929660235335,-0.18799498070931,0,0,-1.50093806448273,-0.0235762673003109,-0.00655158646539021,-0,0
6.05,-1.48995371994852,0.226987341042068,1.04791515982155,0,0,1.00559042059484,0.107063285878426,-0.185279890672321,0,0,-1.50117415872037,-0.0236429787581922,-0.00679070511086435,-0,0
6.06,-1.48763139632452,0.237482829318243,1.05118249541363,0,0,1.00665183471059,0.105224062421888,-0.182564800635333,0,0,-1.50141093202851,-0.0237120814025283,-0.00702982375633845,-0,0
6.07,-1.48520395445097,0.248010990950341,1.0544498310057,0,0,1.00769499234628,0.10341198986572,-0.179849710598344,0,0,-1.50164840831904,-0.0237835752333192,-0.00726894240181263,-0,0
6.08,-1.48267106759433,0.258571825938358,1.05771716659778,0,0,1.00872016501091,0.101627068209921,-0.177134620561356,0,0,-1.5018866115038,-0.0238574602505646,-0.00750806104728674,-0,0
6.09,-1.48003240902102,0.269165334282296,1.06098450218985,0,0,1.00972762421348,0.0998692974544927,-0.174419530524367,0,0,-1.50212556549467,-0.0239337364542648,-0.00774717969276089,-0,0
6.1,-1.47728765199749,0.279791515982155,1.06425183778193,0,0,1.010717641463,0.0981386775994341,-0.171704440487379,0,0,-1.50236529420351,-0.0240124038444197,-0.007986298338235,-0,0
6.11,-1.47443646979019,0.290450371037935,1.067519173374,0,0,1.01169048826847,0.0964352086447451,-0.16898935045039,0,0,-1.50260582154218,-0.0240934624210295,-0.00822541698370918,-0,0
6.12,-1.47147853566555,0.301141899449635,1.07078650896608,0,0,1.01264643613889,0.0947588905904262,-0.166274260413401,0,0,-1.50284717142255,-0.024176912184094,-0.00846453562918329,-0,0
6.13,-1.46841352289001,0.311866101217256,1.07405384455816,0,0,1.01358575658328,0.0931097234364772,-0.163559170376413,0,0,-1.50308936775648,-0.0242627531336132,-0.00870365427465739,-0,0
6.14,-1.46524110473002,0.322622976340798,1.07732118015023,0,0,1.01450872111062,0.0914877071828979,-0.160844080339424,0,0,-1.50333243445584,-0.0243509852695871,-0.0089427729201315,-0,0
6.15,-1.46196095445201,0.333412524820261,1.08058851574231,0,0,1.01541560122994,0.0898928418296887,-0.158128990302435,0,0,-1.5035763954325,-0.0244416085920158,-0.00918189156560568,-0,0
6.16,-1.45857274532243,0.344234746655645,1.08385585133438,0,0,1.01630666845022,0.0883251273768492,-0.155413900265447,0,0,-1.50382127459831,-0.0245346231008993,-0.00942101021107979,-0,0
6.17,-1.45507615060771,0.355089641846948,1.08712318692646,0,0,1.01718219428047,0.0867845638243797,-0.152698810228458,0,0,-1.50406709586514,-0.0246300287962373,-0.00966012885655399,-0,0
6.18,-1.4514708435743,0.365977210394173,1.09039052251853,0,0,1.01804245022971,0.0852711511722802,-0.14998372019147,0,0,-1.50431388314485,-0.0247278256780302,-0.0098992475020281,-0,0
6.19,-1.44775649748864,0.376897452297319,1.09365785811061,0,0,1.01888770780692,0.0837848894205504,-0.147268630154481,0,0,-1.50456166034932,-0.0248280137462778,-0.0101383661475022,-0,0
6.2,-1.44393278561717,0.387850367556386,1.09692519370268,0,0,1.01971823852112,0.0823257785691905,-0.144553540117493,0,0,-1.5048104513904,-0.0249305930009802,-0.0103774847929764,-0,0
6.21,-1.43999938122632,0.398835956171373,1.10019252929476,0,0,1.02053431388131,0.0808938186182005,-0.141838450080504,0,0,-1.50506028017996,-0.0250355634421374,-0.0106166034384505,-0,0
6.22,-1.43595595758255,0.409854218142281,1.10345986488683,0,0,1.02133620539648,0.0794890095675804,-0.139123360043516,0,0,-1.50531117062986,-0.0251429250697493,-0.0108557220839246,-0,0
6.23,-1.43180218795229,0.42090515346911,1.10672720047891,0,0,1.02212418457566,0.0781113514173301,-0.136408270006527,0,0,-1.50556314665198,-0.025252677883816,-0.0110948407293988,-0,0
6.24,-1.42753774560198,0.431988762151859,1.10999453607099,0,0,1.02289852292783,0.0767608441674499,-0.133693179969538,0,0,-1.50581623215816,-0.0253648218843373,-0.0113339593748729,-0,0
6.25,-1.42316230379807,0.443105044190529,1.11326187166306,0,0,1.02365949196201,0.0754374878179394,-0.13097808993255,0,0,-1.50607045106028,-0.0254793570713134,-0.011573078020347,-0,0
6.26,-1.41867553580699,0.45425399958512,1.11652920725514,0,0,1.02440736318719,0.0741412823687989,-0.128262999895561,0,0,-1.50632582727021,-0.0255962834447442,-0.0118121966658211,-0,0
6.27,-1.41407711489518,0.465435628335632,1.11979654284721,0,0,1.02514240811239,0.0728722278200283,-0.125547909858573,0,0,-1.5065823846998,-0.0257156010046298,-0.0120513153112952,-0,0
6.28,-1.40936671432909,0.476649930442065,1.12306387843929,0,0,1.02586489824659,0.0716303241716273,-0.122832819821584,0,0,-1.50684014726092,-0.0258373097509701,-0.0122904339567694,-0,0
6.29,-1.40454400737515,0.487896905904418,1.12633121403136,0,0,1.02657510509882,0.0704155714235965,-0.120117729784595,0,0,-1.50709913886544,-0.0259614096837651,-0.0125295526022435,-0,0
6.3,-1.39960866729981,0.499176554722692,1.12959854962344,0,0,1.02727330017807,0.0692279695759355,-0.117402639747607,0,0,-1.50735938342522,-0.026087900803015,-0.0127686712477176,-0,0
6.31,-1.39456036736951,0.510488876896886,1.13286588521551,0,0,1.02795975499334,0.0680675186286444,-0.114687549710618,0,0,-1.50762090485212,-0.0262167831087195,-0.0130077898931917,-0,0
6.32,-1.38939878085069,0.521833872427002,1.13613322080759,0,0,1.02863474105364,0.0669342185817231,-0.111972459673629,0,0,-1.50788372705802,-0.0263480566008788,-0.0132469085386659,-0,0
6.33,-1.38412358100979,0.533211541313038,1.13940055639966,0,0,1.02929852986798,0.0658280694351717,-0.109257369636641,0,0,-1.50814787395476,-0.0264817212794929,-0.01348602718414,-0,0
6.34,-1.37873444111324,0.544621883554995,1.14266789199174,0,0,1.02995139294535,0.0647490711889903,-0.106542279599652,0,0,-1.50841336945423,-0.0266177771445617,-0.0137251458296143,-0,0
6.35,-1.3732310344275,0.556064899152873,1.14593522758381,0,0,1.03059360179476,0.0636972238431788,-0.103827189562664,0,0,-1.50868023746828,-0.0267562241960852,-0.0139642644750884,-0,0
6.36,-1.367613034219,0.567540588106672,1.14920256317589,0,0,1.03122542792521,0.062672527397737,-0.101112099525675,0,0,-1.50894850190877,-0.0268970624340634,-0.0142033831205626,-0,0
6.37,-1.36188011375418,0.579048950416391,1.15246989876797,0,0,1.03184714284571,0.0616749818526653,-0.0983970094886866,0,0,-1.50921818668758,-0.0270402918584964,-0.0144425017660367,-0,0
6.38,-1.35603194629948,0.590589986082031,1.15573723436004,0,0,1.03245901806527,0.0607045872079633,-0.0956819194516981,0,0,-1.50948931571656,-0.0271859124693841,-0.0146816204115108,-0,0
6.39,-1.35006820512135,0.602163695103591,1.15900456995212,0,0,1.03306132509287,0.0597613434636313,-0.0929668294147096,0,0,-1.50976191290759,-0.0273339242667266,-0.0149207390569849,-0,0
6.4,-1.34398856348623,0.613770077481074,1.16227190554419,0,0,1.03365433543754,0.058845250619669,-0.0902517393777209,0,0,-1.51003600217252,-0.0274843272505239,-0.0151598577024591,-0,0
6.41,-1.33779269466054,0.625409133214476,1.16553924113627,0,0,1.03423832060827,0.0579563086760769,-0.0875366493407323,0,0,-1.51031160742322,-0.0276371214207758,-0.0153989763479332,-0,0
6.42,-1.33148027191075,0.637080862303798,1.16880657672834,0,0,1.03481355211406,0.0570945176328545,-0.0848215593037438,0,0,-1.51058875257156,-0.0277923067774825,-0.0156380949934073,-0,0
6.43,-1.32505096850328,0.648785264749042,1.17207391232042,0,0,1.03538030146393,0.056259877490002,-0.0821064692667553,0,0,-1.51086746152939,-0.027949883320644,-0.0158772136388814,-0,0
6.44,-1.31850445770458,0.660522340550207,1.17534124791249,0,0,1.03593884016686,0.0554523882475194,-0.0793913792297664,0,0,-1.51114775820859,-0.0281098510502601,-0.0161163322843556,-0,0
6.45,-1.31184041278109,0.672292089707292,1.17860858350457,0,0,1.03648943973188,0.0546720499054066,-0.0766762891927779,0,0,-1.51142966652102,-0.0282722099663311,-0.0163554509298297,-0,0
6.46,-1.30505850699925,0.684094512220298,1.18187591909664,0,0,1.03703237166797,0.0539188624636638,-0.0739611991557894,0,0,-1.51171321037854,-0.0284369600688567,-0.0165945695753038,-0,0
6.47,-1.2981584136255,0.695929608089225,1.18514325468872,0,0,1.03756790748415,0.0531928259222909,-0.0712461091188008,0,0,-1.51199841369302,-0.0286041013578371,-0.0168336882207779,-0,0
6.48,-1.29113980592628,0.707797377314073,1.1884105902808,0,0,1.03809631868942,0.0524939402812877,-0.0685310190818121,0,0,-1.51228530037632,-0.0287736338332723,-0.0170728068662521,-0,0
6.49,-1.28400235716803,0.719697819894841,1.19167792587287,0,0,1.03861787679278,0.0518222055406547,-0.0658159290448236,0,0,-1.5125738943403,-0.0289455574951622,-0.0173119255117262,-0,0
6.5,-1.2767457406172,0.73163093583153,1.19494526146495,0,0,1.03913285330323,0.0511776217003913,-0.0631008390078351,0,0,-1.51286421949684,-0.0291198723435068,-0.0175510441572003,-0,0
6.51,-1.26936962954022,0.74359672512414,1.19821259705702,0,0,1.03964151972979,0.0505601887604979,-0.0603857489708465,0,0,-1.5131562997578,-0.0292965783783062,-0.0177901628026744,-0,0
6.52,-1.26187369720353,0.75559518777267,1.2014799326491,0,0,1.04014414758145,0.0499699067209744,-0.057670658933858,0,0,-1.51345015903503,-0.0294756755995602,-0.0180292814481485,-0,0
6.53,-1.25425761687358,0.767626323777122,1.20474726824117,0,0,1.04064100836721,0.0494067755818208,-0.0549555688968693,0,0,-1.51374582124041,-0.0296571640072691,-0.0182684000936227,-0,0
6.54,-1.2465210618168,0.779690133137494,1.20801460383325,0,0,1.04113237359608,0.048870795343037,-0.0522404788598807,0,0,-1.5140433102858,-0.0298410436014327,-0.0185075187390968,-0,0
6.55,-1.23866370529964,0.791786615853787,1.21128193942532,0,0,1.04161851477707,0.0483619660046231,-0.0495253888228923,0,0,-1.51434265008306,-0.030027314382051,-0.0187466373845709,-0,0
6.56,-1.23068522058854,0.803915771926,1.2145492750174,0,0,1.04209970341918,0.0478802875665791,-0.0468102987859037,0,0,-1.51464386454406,-0.0302159763491241,-0.018985756030045,-0,0
6.57,-1.22258528094993,0.816077601354135,1.21781661060947,0,0,1.0425762110314,0.047425760028905,-0.0440952087489148,0,0,-1.51494697758066,-0.030407029502652,-0.0192248746755192,-0,0
6.58,-1.21436355965027,0.82827210413819,1.22108394620155,0,0,1.04304830912276,0.0469983833916009,-0.0413801187119263,0,0,-1.51525201310473,-0.0306004738426345,-0.0194639933209933,-0,0
6.59,-1.20601972995598,0.840499280278166,1.22435128179362,0,0,1.04351626920224,0.0465981576546665,-0.0386650286749378,0,0,-1.51555899502814,-0.0307963093690719,-0.0197031119664674,-0,0
6.6,-1.19755346513352,0.852759129774062,1.2276186173857,0,0,1.04398036277885,0.0462250828181021,-0.0359499386379495,0,0,-1.51586794726274,-0.0309945360819639,-0.0199422306119415,-0,0
6.61,-1.18896443844931,0.86505165262588,1.23088595297778,0,0,1.0444408613616,0.0458791588819076,-0.0332348486009604,0,0,-1.5161788937204,-0.0311951539813107,-0.0201813492574157,-0,0
6.62,-1.18025232316981,0.877376848833618,1.23415328856985,0,0,1.04489803645949,0.0455603858460829,-0.030519758563972,0,0,-1.51649185831298,-0.0313981630671122,-0.0204204679028898,-0,0
6.63,-1.17141679256146,0.889734718397277,1.23742062416193,0,0,1.04535215958152,0.0452687637106281,-0.0278046685269837,0,0,-1.51680686495236,-0.0316035633393685,-0.0206595865483639,-0,0
6.64,-1.16245751989068,0.902125261316856,1.240687959754,0,0,1.0458035022367,0.0450042924755433,-0.0250895784899949,0,0,-1.51712393755039,-0.0318113547980795,-0.020898705193838,-0,0
6.65,-1.15337417842393,0.914548477592357,1.24395529534608,0,0,1.04625233593404,0.0447669721408282,-0.0223744884530062,0,0,-1.51744310001894,-0.0320215374432452,-0.0211378238393122,-0,0
6.66,-1.14416644142765,0.927004367223778,1.24722263093815,0,0,1.04669893218252,0.0445568027064831,-0.0196593984160175,0,0,-1.51776437626988,-0.0322341112748657,-0.0213769424847863,-0,0
6.67,-1.13483398216827,0.93949293021112,1.25048996653023,0,0,1.04714356249117,0.0443737841725078,-0.0169443083790292,0,0,-1.51808779021506,-0.032449076292941,-0.0216160611302604,-0,0
6.68,-1.12537647391224,0.952014166554382,1.2537573021223,0,0,1.04758649836897,0.0442179165389025,-0.0142292183420405,0,0,-1.51841336576636,-0.0326664324974709,-0.0218551797757349,-0,0
6.69,-1.115793589926,0.964568076253566,1.25702463771438,0,0,1.04802801132495,0.044089199805667,-0.0115141283050517,0,0,-1.51874112683563,-0.0328861798884557,-0.0220942984212091,-0,0
6.7,-1.10608500347598,0.97715465930867,1.26029197330645,0,0,1.04846837286809,0.0439876339728014,-0.00879903826806346,0,0,-1.51907109733475,-0.0331083184658951,-0.0223334170666832,-0,0
6.71,-1.09625038782864,0.989773915719695,1.26355930889853,0,0,1.0489078545074,0.0439132190403058,-0.00608394823107469,0,0,-1.51940330117557,-0.0333328482297893,-0.0225725357121573,-0,0
6.72,-1.0862894162504,1.00242584548664,1.2668266444906,0,0,1.0493467277519,0.0438659550081799,-0.00336885819408638,0,0,-1.51973776226997,-0.0335597691801382,-0.0228116543576314,-0,0
6.73,-1.07620176200772,1.01511044860951,1.27009398008268,0,0,1.04978526411057,0.0438458418764241,-0.000653768157097277,0,0,-1.5200745045298,-0.033789081316942,-0.0230507730031056,-0,0
6.74,-1.06598709836702,1.02782772508829,1.27336131567476,0,0,1.05022373509243,0.043852879645038,0.0020613218798911,0,0,-1.52041355186693,-0.0340207846402004,-0.0232898916485797,-0,0
6.75,-1.05564509859476,1.040577674923,1.27662865126683,0,0,1.05066241220647,0.0438870683140219,0.00477641191687939,0,0,-1.52075492819322,-0.0342548791499135,-0.0235290102940538,-0,0
6.76,-1.04517577042916,1.05325995658003,1.25982768013847,-0,0,1.05110150992331,0.0439312963630094,0.00406919788063218,-0,0,-1.52109864798065,-0.0344885328771961,-0.0232017351624566,0,0
6.77,-1.03458045949554,1.06577422852577,1.24302670901012,-0,0,1.05154101455993,0.0439684522716345,0.00336198384438504,-0,0,-1.5214446879416,-0.0347189138531626,-0.0228744600308592,0,0
6.78,-1.02386084589101,1.07812049076023,1.22622573788176,-0,0,1.05198085539494,0.0439985360398971,0.00265476980813806,-0,0,-1.52179301534854,-0.0349460220778133,-0.0225471848992617,0,0
6.79,-1.0130186097127,1.09029874328341,1.2094247667534,-0,0,1.05242096170693,0.0440215476677973,0.00194755577189052,-0,0,-1.52214359747398,-0.0351698575511479,-0.0222199097676643,0,0
6.8,-1.00205543105772,1.1023089860953,1.19262379562504,-0,0,1.05286126277449,0.0440374871553349,0.00124034173564337,-0,0,-1.5224964015904,-0.0353904202731665,-0.0218926346360668,0,0
6.81,-0.990972990023167,1.11415121919591,1.17582282449668,-0,0,1.05330168787623,0.0440463545025101,0.000533127699396232,-0,0,-1.52285139497027,-0.0356077102438692,-0.0215653595044694,0,0
6.82,-0.979772966706168,1.12582544258523,1.15902185336833,-0,0,1.05374216629074,0.0440481497093229,-0.000174086336851142,-0,0,-1.5232085448861,-0.0358217274632559,-0.0212380843728719,0,0
6.83,-0.968457041203832,1.13733165626327,1.14222088223997,-0,0,1.05418262729662,0.0440428727757731,-0.000881300373098281,-0,0,-1.52356781861037,-0.0360324719313266,-0.0209108092412745,0,0
6.84,-0.957026893613273,1.14866986023003,1.12541991111161,-0,0,1.05462300017246,0.0440305237018609,-0.00158851440934543,-0,0,-1.52392918341556,-0.0362399436480814,-0.0205835341096771,0,0
6.85,-0.945484204031603,1.15984005448551,1.10861893998325,-0,0,1.05506321419685,0.0440111024875862,-0.00229572844559258,-0,0,-1.52429260657416,-0.0364441426135201,-0.0202562589780793,0,0
6.86,-0.933830652555934,1.1708422390297,1.09181796885489,-0,0,1.05550319864841,0.0439846091329491,-0.00300294248183995,-0,0,-1.52465805535866,-0.036645068827643,-0.0199289838464818,0,0
6.87,-0.92206791928338,1.1816764138626,1.07501699772654,-0,0,1.05594288280571,0.0439510436379494,-0.00371015651808709,-0,0,-1.52502549704154,-0.0368427222904499,-0.0196017087148844,0,0
6.88,-0.910197684311053,1.19234257898423,1.05821602659818,-0,0,1.05638219594736,0.0439104060025873,-0.00441737055433424,-0,0,-1.52539489889529,-0.0370371030019407,-0.019274433583287,0,0
6.89,-0.898221627736067,1.20284073439457,1.04141505546982,-0,0,1.05682106735196,0.0438626962268628,-0.00512458459058138,-0,0,-1.52576622819241,-0.0372282109621156,-0.0189471584516895,0,0
6.9,-0.886141429655532,1.21317088009362,1.02461408434146,-0,0,1.0572594262981,0.0438079143107757,-0.00583179862682875,-0,0,-1.52613945220537,-0.0374160461709745,-0.018619883320092,0,0
6.91,-0.873958770166565,1.2233330160814,1.0078131132131,-0,0,1.05769720206438,0.0437460602543261,-0.0065390126630759,-0,0,-1.52651453820666,-0.0376006086285174,-0.0182926081884946,0,0
6.92,-0.861675329366276,1.23332714235789,0.991012142084746,-0,0,1.05813432392938,0.0436771340575141,-0.00724622669932305,-0,0,-1.52689145346876,-0.0377818983347444,-0.0179653330568972,0,0
6.93,-0.849292787351778,1.24315325892309,0.974211170956388,-0,0,1.05857072117172,0.0436011357203397,-0.00795344073557019,-0,0,-1.52727016526418,-0.0379599152896554,-0.0176380579252998,0,0
6.94,-0.836812824220184,1.25281136577701,0.957410199828029,-0,0,1.05900632306999,0.0435180652428027,-0.00866065477181756,-0,0,-1.52765064086539,-0.0381346594932504,-0.0173107827937023,0,0
6.95,-0.824237120068608,1.26230146291965,0.940609228699671,-0,0,1.05944105890278,0.0434279226249033,-0.0093678688080647,-0,0,-1.52803284754487,-0.0383061309455294,-0.0169835076621049,0,0
6.96,-0.811567354994163,1.27162355035101,0.923808257571313,-0,0,1.05987485794869,0.0433307078666415,-0.0100750828443119,-0,0,-1.52841675257513,-0.0384743296464925,-0.0166562325305075,0,0
6.97,-0.79880520909396,1.28077762807108,0.907007286442955,-0,0,1.06030764948631,0.0432264209680171,-0.010782296880559,-0,0,-1.52880232322863,-0.0386392555961396,-0.0163289573989101,0,0
6.98,-0.785952362465112,1.28976369607987,0.890206315314597,-0,0,1.06073936279425,0.0431150619290303,-0.0114895109168064,-0,0,-1.52918952677788,-0.0388009087944707,-0.0160016822673126,0,0
6.99,-0.773010495204733,1.29858175437737,0.873405344186238,-0,0,1.06116992715109,0.042996630749681,-0.0121967249530535,-0,0,-1.52957833049535,-0.0389592892414859,-0.0156744071357151,0,0
7,-0.759981287409936,1.30723180296359,0.856604373057881,-0,0,1.06159927183544,0.0428711274299692,-0.0129039389893007,-0,0,-1.52996870165354,-0.039114396937185,-0.0153471320041177,0,0
7.01,-0.746866419177833,1.31571384183853,0.839803401929524,-0,0,1.06202732612589,0.042738551969895,-0.0136111530255478,-0,0,-1.53036060752492,-0.0392662318815681,-0.0150198568725203,0,0
7.02,-0.733667570605536,1.32402787100218,0.823002430801166,-0,0,1.06245401930104,0.0425989043694583,-0.0143183670617949,-0,0,-1.530754015382,-0.0394147940746353,-0.0146925817409229,0,0
7.03,-0.720386421790159,1.33217389045455,0.806201459672807,-0,0,1.06287928063948,0.0424521846286591,-0.0150255810980423,-0,0,-1.53114889249724,-0.0395600835163866,-0.0143653066093254,0,0
7.04,-0.707024652828816,1.34015190019564,0.789400488544449,-0,0,1.06330303941981,0.0422983927474974,-0.0157327951342895,-0,0,-1.53154520614315,-0.0397021002068219,-0.014038031477728,0,0
7.05,-0.693583943818618,1.34796190022544,0.772599517416091,-0,0,1.06372522492062,0.0421375287259733,-0.0164400091705366,-0,0,-1.53194292359221,-0.0398408441459412,-0.0137107563461306,0,0
7.06,-0.680065974856679,1.35560389054396,0.755798546287733,-0,0,1.06414576642053,0.0419695925640866,-0.017147223206784,-0,0,-1.5323420121169,-0.0399763153337445,-0.0133834812145332,0,0
7.07,-0.666472426040109,1.3630778711512,0.738997575159374,-0,0,1.06456459319811,0.0417945842618376,-0.0178544372430311,-0,0,-1.53274243898971,-0.0401085137702318,-0.0130562060829357,0,0
7.08,-0.652804977466025,1.37038384204715,0.722196604031016,-0,0,1.06498163453196,0.041612503819226,-0.0185616512792783,-0,0,-1.53314417148314,-0.0402374394554032,-0.0127289309513382,0,0
7.09,-0.639065309231538,1.37752180323182,0.705395632902659,-0,0,1.06539681970069,0.041423351236252,-0.0192688653155254,-0,0,-1.53354717686965,-0.0403630923892585,-0.0124016558197408,0,0
7.1,-0.62525510143376,1.3844917547052,0.688594661774301,-0,0,1.06581007798288,0.0412271265129156,-0.0199760793517728,-0,0,-1.53395142242175,-0.0404854725717981,-0.0120743806881434,0,0
7.11,-0.611376034169804,1.3912936964673,0.671793690645942,-0,0,1.06622133865715,0.0410238296492167,-0.0206832933880199,-0,0,-1.53435687541192,-0.0406045800030215,-0.0117471055565459,0,0
7.12,-0.597429787536784,1.39792762851812,0.654992719517584,-0,0,1.06663053100207,0.0408134606451551,-0.0213905074242671,-0,0,-1.53476350311264,-0.040720414682929,-0.0114198304249485,0,0
7.13,-0.583418041631813,1.40439355085765,0.638191748389227,-0,0,1.06703758429625,0.0405960195007312,-0.0220977214605144,-0,0,-1.5351712727964,-0.0408329766115205,-0.0110925552933511,0,0
7.14,-0.569342476552003,1.4106914634859,0.621390777260869,-0,0,1.06744242781828,0.0403715062159449,-0.0228049354967616,-0,0,-1.5355801517357,-0.040942265788796,-0.0107652801617537,0,0
7.15,-0.555204772394465,1.41682136640287,0.60458980613251,-0,0,1.06784499084677,0.0401399207907961,-0.0235121495330087,-0,0,-1.53599010720301,-0.0410482822147555,-0.0104380050301562,0,0
7.16,-0.541006609256316,1.42278325960855,0.587788835004152,-0,0,1.0682452026603,0.0399012632252846,-0.0242193635692561,-0,0,-1.53640110647082,-0.0411510258893992,-0.0101107298985588,0,0
7.17,-0.526749667234666,1.42857714310295,0.570987863875794,-0,0,1.06864299253747,0.039655533519411,-0.0249265776055032,-0,0,-1.53681311681163,-0.0412504968127268,-0.00978345476696135,0,0
7.18,-0.512435626426628,1.43420301688607,0.554186892747436,-0,0,1.06903828975688,0.0394027316731746,-0.0256337916417504,-0,0,-1.53722610549791,-0.0413466949847383,-0.00945617963536374,0,0
7.19,-0.498066166929315,1.4396608809579,0.537385921619077,-0,0,1.06943102359713,0.0391428576865758,-0.0263410056779976,-0,0,-1.53764003980215,-0.0414396204054339,-0.00912890450376623,0,0
7.2,-0.48364296883984,1.44495073531845,0.52058495049072,-0,0,1.06982112333681,0.0388759115596147,-0.0270482197142449,-0,0,-1.53805488699684,-0.0415292730748136,-0.00880162937216882,0,0
7.21,-0.469167712255317,1.45007257996772,0.503783979362362,-0,0,1.07020851825452,0.0386018932922911,-0.027755433750492,-0,0,-1.53847061435447,-0.0416156529928773,-0.00847435424057141,0,0
7.22,-0.454642077272858,1.4550264149057,0.486983008234004,-0,0,1.07059313762886,0.0383208028846048,-0.0284626477867392,-0,0,-1.53888718914753,-0.041698760159625,-0.008147079108974,0,0
7.23,-0.440067743989573,1.4598122401324,0.470182037105645,-0,0,1.07097491073841,0.0380326403365563,-0.0291698618229866,-0,0,-1.5393045786485,-0.0417785945750567,-0.00781980397737649,0,0
7.24,-0.42544639250258,1.46443005564781,0.453381065977288,-0,0,1.07135376686179,0.0377374056481452,-0.0298770758592337,-0,0,-1.53972275012986,-0.0418551562391726,-0.00749252884577908,0,0
7.25,-0.410779702908989,1.46887986145194,0.43658009484893,-0,0,1.07172963527758,0.0374350988193716,-0.0305842898954808,-0,0,-1.54014167086411,-0.0419284451519724,-0.00716525371418167,0,0
7.26,-0.396069355305913,1.47316165754479,0.419779123720572,-0,0,1.07210244526437,0.0371257198502355,-0.031291503931728,-0,0,-1.54056130812373,-0.0419984613134563,-0.00683797858258425,0,0
7.27,-0.381317029790465,1.47727544392635,0.402978152592215,-0,0,1.07247212610078,0.0368092687407371,-0.0319987179679752,-0,0,-1.54098162918121,-0.0420652047236241,-0.00651070345098684,0,0
7.28,-0.366524406459756,1.48122122059663,0.386177181463855,-0,0,1.07283860706539,0.0364857454908759,-0.0327059320042225,-0,0,-1.54140260130903,-0.0421286753824758,-0.00618342831938933,0,0
7.29,-0.351693165410902,1.48499898755563,0.369376210335498,-0,0,1.0732018174368,0.0361551501006525,-0.0334131460404697,-0,0,-1.54182419177968,-0.042188873290012,-0.00585615318779192,0,0
7.3,-0.336824986741015,1.48860874480334,0.35257523920714,-0,0,1.0735616864936,0.0358174825700666,-0.0341203600767169,-0,0,-1.54224636786566,-0.0422457984462317,-0.00552887805619451,0,0
7.31,-0.321921550547206,1.49205049233977,0.335774268078781,-0,0,1.0739181435144,0.0354727428991182,-0.0348275741129642,-0,0,-1.54266909683944,-0.0422994508511357,-0.00520160292459701,0,0
7.32,-0.30698453692659,1.49532423016492,0.318973296950423,-0,0,1.07427111777778,0.0351209310878073,-0.0355347881492113,-0,0,-1.54309234597351,-0.0423498305047238,-0.00487432779299959,0,0
7.33,-0.292015625976279,1.49842995827878,0.302172325822065,-0,0,1.07462053856235,0.0347620471361339,-0.0362420021854586,-0,0,-1.54351608254036,-0.0423969374069957,-0.00454705266140218,0,0
7.34,-0.277016497793385,1.50136767668136,0.285371354693708,-0,0,1.0749663351467,0.0343960910440982,-0.0369492162217057,-0,0,-1.54394027381248,-0.0424407715579519,-0.00421977752980467,0,0
7.35,-0.261988832475023,1.50413738537266,0.26857038356535,-0,0,1.07530843680943,0.0340230628116999,-0.0376564302579529,-0,0,-1.54436488706235,-0.0424813329575918,-0.00389250239820726,0,0
7.36,-0.246934310118303,1.50673908435267,0.251769412436991,-0,0,1.07564677282914,0.0336429624389391,-0.0383636442942001,-0,0,-1.54478988956246,-0.0425186216059158,-0.00356522726660975,0,0
7.37,-0.23185461082034,1.5091727736214,0.234968441308633,-0,0,1.07598127248441,0.0332557899258159,-0.0390708583304474,-0,0,-1.5452152485853,-0.0425526375029242,-0.00323795213501234,0,0
7.38,-0.216751414678246,1.51143845317884,0.218167470180275,-0,0,1.07631186505385,0.0328615452723302,-0.0397780723666945,-0,0,-1.54564093140335,-0.0425833806486162,-0.00291067700341493,0,0
7.39,-0.201626401789135,1.513536123025,0.201366499051918,-0,0,1.07663847981605,0.032460228478482,-0.0404852864029417,-0,0,-1.5460669052891,-0.0426108510429923,-0.00258340187181751,0,0
7.4,-0.186481252250117,1.51546578315988,0.184565527923558,-0,0,1.07696104604962,0.0320518395442713,-0.041192500439189,-0,0,-1.54649313751504,-0.0426350486860526,-0.00225612674022001,0,0
7.41,-0.171317646158307,1.51722743358347,0.167764556795201,-0,0,1.07727949303314,0.0316363784696982,-0.0418997144754362,-0,0,-1.54691959535365,-0.0426559735777968,-0.00192885160862259,0,0
7.42,-0.156137263610819,1.51882107429578,0.150963585666843,-0,0,1.07759375004521,0.0312138452547627,-0.0426069285116834,-0,0,-1.54734624607742,-0.0426736257182251,-0.00160157647702513,0,0
7.43,-0.140941784704763,1.52024670529681,0.134162614538485,-0,0,1.07790374636443,0.0307842398994646,-0.0433141425479306,-0,0,-1.54777305695884,-0.0426880051073373,-0.00127430134542772,0,0
7.44,-0.125732889537253,1.52150432658655,0.117361643410126,-0,0,1.0782094112694,0.0303475624038039,-0.0440213565841778,-0,0,-1.5481999952704,-0.0426991117451336,-0.000947026213830264,0,0
7.45,-0.110512258205402,1.52259393816501,0.100560672281769,-0,0,1.07851067403871,0.0299038127677809,-0.044728570620425,-0,0,-1.54862702828457,-0.0427069456316138,-0.000619751082232801,0,0
7.46,-0.095281570806324,1.52351554003219,0.0837597011534108,-0,0,1.07880746395095,0.0294529909913955,-0.0454357846566722,-0,0,-1.54905412327386,-0.0427115067667783,-0.000292475950635363,0,0
7.47,-0.0800425074371303,1.52426913218808,0.0669587300250531,-0,0,1.07909971028473,0.0289950970746475,-0.0461429986929194,-0,0,-1.54948124751074,-0.0427127951506266,3.47991809620717e-05,0,0
7.48,-0.0647967481949327,1.52485471463269,0.0501577588966939,-0,0,1.07938734231865,0.0285301310175371,-0.0468502127291666,-0,0,-1.5499083682677,-0.0427108107831591,0.000362074312559531,0,0
7.49,-0.0495459731768469,1.52527228736601,0.0333567877683363,-0,0,1.07967028933128,0.0280580928200642,-0.0475574267654138,-0,0,-1.55033545281723,-0.0427055536643753,0.000689349444156966,0,0
7.5,-0.034291862479984,1.52552185038806,0.0165558166399786,-0,0,1.07994848060125,0.0275789824822287,-0.048264640801661,-0,0,-1.55076246843182,-0.0426970237942759,0.0010166245757544,0,0
7.51,-0.0190360962014573,1.52560340369881,-0.000245154488379106,-0,0,1.08022184540713,0.027092800004031,-0.0489718548379082,-0,0,-1.55118938238394,-0.0426852211728603,0.00134389970735184,0,0
7.52,-0.00378035443837918,1.52551694729829,-0.0170461256167368,-0,0,1.08049031302752,0.0265995453854707,-0.0496790688741554,-0,0,-1.5516161619461,-0.0426701458001287,0.00167117483894928,0,0
7.53,0.0114736827121382,1.52526248118648,-0.033847096745096,-0,0,1.08075381274104,0.0260992186265479,-0.0503862829104027,-0,0,-1.55204277439078,-0.0426517976760812,0.00199844997054674,0,0
7.54,0.0267243351529801,1.52484000536339,-0.0506480678734537,-0,0,1.08101227382625,0.0255918197272626,-0.0510934969466499,-0,0,-1.55246918699045,-0.0426301768007177,0.00232572510214417,0,0
7.55,0.0419699227870345,1.52424951982901,-0.0674490390018113,-0,0,1.08126562556178,0.0250773486876148,-0.0518007109828971,-0,0,-1.55289536701762,-0.0426052831740385,0.00265300023374161,0,0
7.56,0.0572087655171887,1.52349102458335,-0.084250010130169,-0,0,1.08151379722621,0.0245558055076047,-0.0525079250191442,-0,0,-1.55332128174476,-0.0425771167960431,0.00298027536533907,0,0
7.57,0.0724391832463311,1.52256451962641,-0.101050981258528,-0,0,1.08175671809813,0.024027190187232,-0.0532151390553915,-0,0,-1.55374689844437,-0.0425456776667316,0.00330755049693653,0,0
7.58,0.0876594958773464,1.52147000495818,-0.117851952386886,-0,0,1.08199431745615,0.0234915027264968,-0.0539223530916387,-0,0,-1.55417218438893,-0.0425109657861043,0.00363482562853394,0,0
7.59,0.102868023313123,1.52020748057867,-0.134652923515244,-0,0,1.08222652457886,0.0229487431253992,-0.0546295671278859,-0,0,-1.55459710685092,-0.0424729811541608,0.0039621007601314,0,0
7.6,0.118063085456548,1.51877694648788,-0.151453894643601,-0,0,1.08245326874486,0.0223989113839391,-0.0553367811641331,-0,0,-1.55502163310284,-0.0424317237709017,0.00428937589172881,0,0
7.61,0.13324300221051,1.5171784026858,-0.16825486577196,-0,0,1.08267447923274,0.0218420075021165,-0.0560439952003804,-0,0,-1.55544573041717,-0.0423871936363263,0.00461665102332632,0,0
7.62,0.148406093477894,1.51541184917244,-0.185055836900318,-0,0,1.0828900853211,0.0212780314799315,-0.0567512092366275,-0,0,-1.55586936606639,-0.0423393907504351,0.00494392615492373,0,0
7.63,0.163550679161587,1.51347728594779,-0.201856808028676,-0,0,1.08310001628853,0.0207069833173839,-0.0574584232728747,-0,0,-1.556292507323,-0.0422883151132279,0.00527120128652115,0,0
7.64,0.178675079164478,1.51137471301186,-0.218657779157034,-0,0,1.08330420141364,0.0201288630144741,-0.058165637309122,-0,0,-1.55671512145949,-0.0422339667247047,0.00559847641811856,0,0
7.65,0.193777613389455,1.50910413036465,-0.235458750285393,-0,0,1.08350256997502,0.0195436705712015,-0.0588728513453692,-0,0,-1.55713717574833,-0.0421763455848655,0.00592575154971607,0,0
7.66,0.208856601739401,1.50666553800615,-0.25225972141375,-0,0,1.08369505125127,0.0189514059875666,-0.0595800653816164,-0,0,-1.55755863746201,-0.0421154516937102,0.00625302668131348,0,0
7.67,0.223910364117206,1.50405893593638,-0.269060692542108,-0,0,1.08388157452097,0.0183520692635692,-0.0602872794178635,-0,0,-1.55797947387303,-0.0420512850512392,0.00658030181291099,0,0
7.68,0.238937220425757,1.50128432415531,-0.285861663670466,-0,0,1.08406206906274,0.0177456603992094,-0.0609944934541108,-0,0,-1.55839965225387,-0.041983845657452,0.0069075769445084,0,0
7.69,0.253935490567941,1.49834170266297,-0.302662634798823,-0,0,1.08423646415516,0.0171321793944871,-0.0617017074903579,-0,0,-1.55881913987701,-0.041913133512349,0.00723485207610581,0,0
7.7,0.268903494446646,1.49523107145934,-0.319463605927183,-0,0,1.08440468907683,0.0165116262494022,-0.0624089215266052,-0,0,-1.55923790401494,-0.0418391486159301,0.00756212720770332,0,0
7.71,0.283839551964757,1.49195243054442,-0.33626457705554,-0,0,1.08456667310634,0.0158840009639549,-0.0631161355628524,-0,0,-1.55965591194016,-0.0417618909681949,0.00788940233930073,0,0
7.72,0.298741983025163,1.48850577991823,-0.353065548183898,-0,0,1.0847223455223,0.0152493035381451,-0.0638233495990996,-0,0,-1.56007313092514,-0.0416813605691441,0.00821667747089814,0,0
7.73,0.313609107530752,1.48489111958074,-0.369866519312257,-0,0,1.0848716356033,0.0146075339719729,-0.0645305636353468,-0,0,-1.56048952824237,-0.041597557418777,0.00854395260249565,0,0
7.74,0.328439245384407,1.48110844953198,-0.386667490440615,-0,0,1.08501447262794,0.0139586922654382,-0.0652377776715941,-0,0,-1.56090507116434,-0.041510481517094,0.00887122773409306,0,0
7.75,0.343230716489019,1.47715776977193,-0.403468461568973,-0,0,1.08515078587481,0.013302778418541,-0.0659449917078412,-0,0,-1.56131972696354,-0.0414201328640952,0.00919850286569047,0,0
7.76,0.357981840747475,1.4730390803006,-0.42026943269733,-0,0,1.08528050462251,0.0126397924312814,-0.0666522057440884,-0,0,-1.56173346291245,-0.0413265114597802,0.00952577799728788,0,0
7.77,0.37269093806266,1.46875238111799,-0.437070403825688,-0,0,1.08540355814964,0.0119697343036592,-0.0673594197803355,-0,0,-1.56214624628356,-0.0412296173041494,0.00985305312888529,0,0
7.78,0.387356328337464,1.46429767222409,-0.453871374954047,-0,0,1.08551987573478,0.0112926040356746,-0.0680666338165829,-0,0,-1.56255804434936,-0.0411294503972025,0.0101803282604828,0,0
7.79,0.401976331474771,1.4596749536189,-0.470672346082405,-0,0,1.08562938665655,0.0106084016273277,-0.06877384785283,-0,0,-1.56296882438234,-0.0410260107389397,0.0105076033920802,0,0
7.8,0.416549267377471,1.45488422530244,-0.487473317210762,-0,0,1.08573202019353,0.00991712707861807,-0.0694810618890772,-0,0,-1.56337855365497,-0.040919298329361,0.0108348785236776,0,0
7.81,0.431073455948449,1.44992548727469,-0.50427428833912,-0,0,1.08582770562432,0.009218780389546,-0.0701882759253245,-0,0,-1.56378719943975,-0.0408093131684662,0.011162153655275,0,0
7.82,0.445547217090594,1.44479873953566,-0.52107525946748,-0,0,1.08591637222752,0.00851336156011152,-0.0708954899615717,-0,0,-1.56419472900917,-0.0406960552562555,0.0114894287868725,0,0
7.83,0.459968870706791,1.43950398208534,-0.537876230595837,-0,0,1.08599794928172,0.00780087059031467,-0.0716027039978188,-0,0,-1.56460110963571,-0.0405795245927288,0.0118167039184702,0,0
7.84,0.474336736699929,1.43404121492374,-0.554677201724195,-0,0,1.08607236606552,0.00708130748015515,-0.072309918034066,-0,0,-1.56500630859185,-0.0404597211778862,0.0121439790500676,0,0
7.85,0.488649134972895,1.42841043805086,-0.571478172852553,-0,0,1.08613955185752,0.00635467222963341,-0.0730171320703133,-0,0,-1.56541029315009,-0.0403366450117274,0.012471254181665,0,0
7.86,0.502904385428576,1.42261165146669,-0.588279143980912,-0,0,1.08619943593631,0.00562096483874892,-0.0737243461065605,-0,0,-1.56581303058292,-0.0402102960942528,0.0127985293132625,0,0
7.87,0.517100807969858,1.41664485517124,-0.60508011510927,-0,0,1.0862519475805,0.00488018530750207,-0.0744315601428076,-0,0,-1.56621448816281,-0.0400806744254622,0.0131258044448599,0,0
7.88,0.531236722499629,1.4105100491645,-0.621881086237627,-0,0,1.08629701606866,0.00413233363589274,-0.075138774179055,-0,0,-1.56661463316225,-0.0399477800053556,0.0134530795764573,0,0
7.89,0.545310448920777,1.40420723344649,-0.638682057365985,-0,0,1.08633457067941,0.00337740982392109,-0.0758459882153021,-0,0,-1.56701343285374,-0.0398116128339331,0.0137803547080547,0,0
7.9,0.559320307136189,1.39773640801718,-0.655483028494344,-0,0,1.08636454069134,0.00261541387158671,-0.0765532022515493,-0,0,-1.56741085450976,-0.0396721729111945,0.0141076298396522,0,0
7.91,0.57326461704875,1.3910975728766,-0.672283999622701,-0,0,1.08638685538304,0.00184634577888993,-0.0772604162877966,-0,0,-1.5678068654028,-0.0395294602371399,0.0144349049712496,0,0
7.92,0.587141698561349,1.38429072802473,-0.689084970751059,-0,0,1.08640144403312,0.00107020554583078,-0.0779676303240438,-0,0,-1.56820143280533,-0.0393834748117695,0.0147621801028471,0,0
7.93,0.600949871576873,1.37731587346158,-0.705885941879417,-0,0,1.08640823592016,0.000286993172409131,-0.078674844360291,-0,0,-1.56859452398986,-0.039234216635083,0.0150894552344445,0,0
7.94,0.61468745599821,1.37017300918714,-0.722686913007776,-0,0,1.08640716032276,-0.000503291341375111,-0.0793820583965381,-0,0,-1.56898610622886,-0.0390816857070806,0.015416730366042,0,0
7.95,0.628352771728246,1.36286213520142,-0.739487884136134,-0,0,1.08639814651953,-0.00130064799552168,-0.0800892724327855,-0,0,-1.56937614679483,-0.0389258820277622,0.0157440054976394,0,0
7.96,0.641944138669867,1.35538325150442,-0.756288855264492,-0,0,1.08638112378905,-0.00210507679003073,-0.0807964864690326,-0,0,-1.56976461296025,-0.0387668055971279,0.0160712806292368,0,0
7.97,0.655459876725962,1.34773635809613,-0.773089826392849,-0,0,1.08635602140993,-0.00291657772490222,-0.0815037005052797,-0,0,-1.5701514719976,-0.0386044564151775,0.0163985557608342,0,0
7.98,0.668898305799419,1.33992145497656,-0.789890797521208,-0,0,1.08632276866075,-0.00373515080013634,-0.0822109145415271,-0,0,-1.57053669117938,-0.0384388344819111,0.0167258308924317,0,0
7.99,0.682257745793123,1.33193854214571,-0.806691768649566,-0,0,1.08628129482012,-0.00456079601573288,-0.0829181285777743,-0,0,-1.57092023777807,-0.0382699397973288,0.0170531060240291,0,0
8,0.695536516609962,1.32378761960357,-0.823492739777924,-0,0,1.08623152916664,-0.00539351337169182,-0.0836253426140214,-0,0,-1.57130207906616,-0.0380977723614306,0.0173803811556265,0,0
8.01,0.708732938152823,1.31546868735015,-0.840293710906281,-0,0,1.08617340097889,-0.00623330286801323,-0.0843325566502686,-0,0,-1.57168218231613,-0.0379223321742163,0.017707656287224,0,0
8.02,0.721845330324594,1.30698174538544,-0.85709468203464,-0,0,1.08610683953548,-0.00708016450469714,-0.0850397706865157,-0,0,-1.57206051480047,-0.0377436192356861,0.0180349314188214,0,0
8.03,0.734872013028161,1.29832679370946,-0.873895653162997,-0,0,1.08603177411499,-0.00793409828174356,-0.0857469847227629,-0,0,-1.57243704379167,-0.0375616335458399,0.0183622065504188,0,0
8.04,0.747811306166412,1.28950383232219,-0.890696624291355,-0,0,1.08594813399604,-0.00879510419915234,-0.08645419875901,-0,0,-1.57281173656222,-0.0373763751046777,0.0186894816820162,0,0
8.05,0.760661529642235,1.28051286122363,-0.907497595419715,-0,0,1.08585584845721,-0.0096631822569238,-0.0871614127952576,-0,0,-1.57318456038459,-0.0371878439121996,0.0190167568136138,0,0
8.06,0.773421003358514,1.27135388041379,-0.924298566548073,-0,0,1.0857548467771,-0.0105383324550577,-0.0878686268315047,-0,0,-1.57355548253129,-0.0369960399684054,0.0193440319452112,0,0
8.07,0.786088047218139,1.26202688989267,-0.941099537676431,-0,0,1.08564505823431,-0.0114205547935539,-0.0885758408677519,-0,0,-1.57392447027479,-0.0368009632732953,0.0196713070768086,0,0
8.08,0.798660981123997,1.25253188966026,-0.957900508804788,-0,0,1.08552641210743,-0.0123098492724126,-0.089283054903999,-0,0,-1.57429149088758,-0.0366026138268693,0.019998582208406,0,0
8.09,0.811138124978973,1.24286887971657,-0.974701479933146,-0,0,1.08539883767506,-0.0132062158916338,-0.0899902689402462,-0,0,-1.57465651164216,-0.0364009916291273,0.0203258573400034,0,0
8.1,0.823517798685957,1.2330378600616,-0.991502451061503,-0,0,1.08526226421579,-0.0141096546512175,-0.0906974829764933,-0,0,-1.57501949981099,-0.0361960966800692,0.0206531324716009,0,0
8.11,0.835798322147833,1.22303883069534,-1.00830342218986,-0,0,1.08511662100823,-0.0150201655511636,-0.0914046970127405,-0,0,-1.57538042266659,-0.0359879289796952,0.0209804076031983,0,0
8.12,0.847978015267492,1.2128717916178,-1.02510439331822,-0,0,1.08496183733097,-0.0159377485914723,-0.092111911048988,-0,0,-1.57573924748142,-0.0357764885280053,0.0213076827347957,0,0
8.13,0.86005519794782,1.20253674282898,-1.04190536444658,-0,0,1.0847978424626,-0.0168624037721435,-0.0928191250852352,-0,0,-1.57609594152798,-0.0355617753249993,0.0216349578663933,0,0
8.14,0.872028190091702,1.19203368432887,-1.05870633557494,-0,0,1.08462456568173,-0.0177941310931771,-0.0935263391214824,-0,0,-1.57645047207875,-0.0353437893706774,0.0219622329979907,0,0
8.15,0.883895311602026,1.18136261611748,-1.07550730670329,-0,0,1.08444193626694,-0.0187329305545732,-0.0942335531577295,-0,0,-1.57680280640622,-0.0351225306650395,0.0222895081295881,0,0
8.16,0.89565488238168,1.1705235381948,-1.09230827783165,-0,0,1.08424988349683,-0.0196788021563316,-0.0949407671939766,-0,0,-1.57715291178288,-0.0348979992080856,0.0226167832611859,0,0
8.17,0.907305222333551,1.15951645056085,-1.10910924896001,-0,0,1.08404833665001,-0.0206317458984527,-0.0956479812302238,-0,0,-1.57750075548121,-0.0346701949998157,0.0229440583927833,0,0
8.18,0.918844651360526,1.1483413532156,-1.12591022008837,-0,0,1.08383722500506,-0.0215917617809361,-0.0963551952664709,-0,0,-1.5778463047737,-0.03443911804023,0.0232713335243807,0,0
8.19,0.930271489365492,1.13699824615908,-1.14271119121673,-0,0,1.08361647784059,-0.022558849803782,-0.0970624093027185,-0,0,-1.57818952693284,-0.0342047683293282,0.0235986086559781,0,0
8.2,0.941584056251336,1.12548712939127,-1.15951216234508,-0,0,1.08338602443519,-0.0235330099669904,-0.0977696233389656,-0,0,-1.57853038923112,-0.0339671458671104,0.0239258837875756,0,0
8.21,0.952780671920948,1.11380800291218,-1.17631313347344,-0,0,1.08314579406745,-0.0245142422705615,-0.0984768373752128,-0,0,-1.57886885894101,-0.0337262506535766,0.0242531589191732,0,0
8.22,0.96385965627721,1.1019608667218,-1.1931141046018,-0,0,1.08289571601597,-0.0255025467144948,-0.09918405141146,-0,0,-1.57920490333502,-0.0334820826887269,0.0245804340507706,0,0
8.23,0.974819329223012,1.08994572082014,-1.20991507573016,-0,0,1.08263571955936,-0.0264979232987906,-0.0998912654477071,-0,0,-1.57953848968562,-0.0332346419725612,0.024907709182368,0,0
8.24,0.985658010661241,1.0777625652072,-1.22671604685852,-0,0,1.0823657339762,-0.0275003720234489,-0.100598479483954,-0,0,-1.5798695852653,-0.0329839285050796,0.0252349843139654,0,0
8.25,0.996374020494785,1.06541139988297,-1.24351701798687,-0,0,1.08208568854509,-0.0285098928884697,-0.101305693520201,-0,0,-1.58019815734655,-0.0327299422862819,0.0255622594455628,0,0
8.26,1.00696608736945,1.0530148477233,-1.23579341394751,0,0,1.08179544797943,-0.0295458554539481,-0.10588681957548,-0,0,-1.58052418444908,-0.0324760574848274,0.0252147008453411,-0,0
8.27,1.01743457490272,1.04069553160402,-1.22806980990814,0,0,1.08149461873181,-0.0306276292799792,-0.110467945630758,-0,0,-1.58084769008153,-0.0322256482693751,0.0248671422451198,-0,0
8.28,1.027780255455,1.02845345152514,-1.22034620586877,0,0,1.08118274268962,-0.0317552143665632,-0.115049071686037,-0,0,-1.58116870899976,-0.031978714639925,0.0245195836448986,-0,0
8.29,1.03800390138669,1.01628860748665,-1.21262260182941,0,0,1.08085936174027,-0.0329286107136999,-0.119630197741315,-0,0,-1.58148727595962,-0.0317352565964771,0.0241720250446774,-0,0
8.3,1.0481062850582,1.00420099948855,-1.20489899779004,0,0,1.08052401777115,-0.0341478183213897,-0.124211323796595,-0,0,-1.58180342571697,-0.0314952741390314,0.0238244664444558,-0,0
8.31,1.05808817882993,0.992190627530843,-1.19717539375067,0,0,1.08017625266964,-0.035412837189632,-0.128792449851873,-0,0,-1.58211719302768,-0.031258767267588,0.0234769078442345,-0,0
8.32,1.06795035506228,0.980257491613533,-1.18945178971131,0,0,1.07981560832315,-0.0367236673184271,-0.133373575907152,-0,0,-1.58242861264761,-0.0310257359821468,0.0231293492440133,-0,0
8.33,1.07769358611567,0.968401591736617,-1.18172818567194,0,0,1.07944162661907,-0.038080308707775,-0.137954701962431,-0,0,-1.58273771933261,-0.0307961802827077,0.0227817906437921,-0,0
8.34,1.08731864435048,0.956622927900095,-1.17400458163257,0,0,1.0790538494448,-0.0394827613576756,-0.142535828017709,-0,0,-1.58304454783855,-0.0305701001692709,0.0224342320435708,-0,0
8.35,1.09682630212714,0.944921500103966,-1.16628097759321,0,0,1.07865181868772,-0.0409310252681291,-0.147116954072988,-0,0,-1.58334913292128,-0.0303474956418364,0.0220866734433496,-0,0
8.36,1.10621733180603,0.933297308348231,-1.15855737355384,0,0,1.07823507623523,-0.0424251004391353,-0.151698080128267,-0,0,-1.58365150933667,-0.0301283667004039,0.0217391148431283,-0,0
8.37,1.11549250574757,0.92175035263289,-1.15083376951448,0,0,1.07780316397473,-0.0439649868706943,-0.156279206183545,-0,0,-1.58395171184058,-0.0299127133449738,0.0213915562429071,-0,0
8.38,1.12465259631216,0.91028063295794,-1.14311016547511,0,0,1.07735562379362,-0.0455506845628065,-0.160860332238824,-0,0,-1.58424977518886,-0.0297005355755458,0.0210439976426859,-0,0
8.39,1.1336983758602,0.898888149323386,-1.13538656143574,0,0,1.07689199757928,-0.047182193515471,-0.165441458294103,-0,0,-1.58454573413738,-0.02949183339212,0.0206964390424647,-0,0
8.4,1.14263061675209,0.887572901729226,-1.12766295739638,0,0,1.0764118272191,-0.0488595137286884,-0.170022584349382,-0,0,-1.58483962344199,-0.0292866067946965,0.0203488804422434,-0,0
8.41,1.15145009134825,0.876334890175459,-1.11993935335701,0,0,1.0759146546005,-0.0505826452024586,-0.17460371040466,-0,0,-1.58513147785856,-0.0290848557832751,0.0200013218420222,-0,0
8.42,1.16015757200907,0.865174114662086,-1.11221574931764,0,0,1.07540002161085,-0.0523515879367816,-0.179184836459939,-0,0,-1.58542133214294,-0.0288865803578561,0.019653763241801,-0,0
8.43,1.16875383109496,0.854090575189107,-1.10449214527828,0,0,1.07486747013756,-0.0541663419316573,-0.183765962515217,-0,0,-1.585709221051,-0.0286917805184391,0.0193062046415797,-0,0
8.44,1.17723964096632,0.843084271756521,-1.09676854123891,0,0,1.07431654206802,-0.0560269071870858,-0.188347088570496,-0,0,-1.5859951793386,-0.0285004562650244,0.0189586460413585,-0,0
8.45,1.18561577398356,0.832155204364329,-1.08904493719954,0,0,1.07374677928962,-0.0579332837030672,-0.192928214625774,-0,0,-1.58627924176159,-0.028312607597612,0.0186110874411373,-0,0
8.46,1.19388300250707,0.821303373012529,-1.08132133316017,0,0,1.07315772368976,-0.0598854714796016,-0.197509340681054,-0,0,-1.58656144307584,-0.0281282345162017,0.0182635288409157,-0,0
8.47,1.20204209889728,0.810528777701124,-1.07359772912081,0,0,1.07254891715582,-0.0618834705166885,-0.202090466736332,-0,0,-1.5868418180372,-0.0279473370207936,0.0179159702406944,-0,0
8.48,1.21009383551456,0.799831418430113,-1.06587412508144,0,0,1.07191990157522,-0.0639272808143281,-0.206671592791611,-0,0,-1.58712040140154,-0.0277699151113878,0.0175684116404732,-0,0
8.49,1.21803898471935,0.789211295199496,-1.05815052104208,0,0,1.07127021883534,-0.0660169023725206,-0.211252718846889,-0,0,-1.58739722792471,-0.0275959687879841,0.017220853040252,-0,0
8.5,1.22587831887202,0.778668408009272,-1.05042691700271,0,0,1.07059941082357,-0.0681523351912658,-0.215833844902168,-0,0,-1.58767233236258,-0.0274254980505827,0.0168732944400307,-0,0
8.51,1.233612610333,0.768202756859442,-1.04270331296334,0,0,1.06990701942731,-0.0703335792705639,-0.220414970957446,-0,0,-1.58794574947101,-0.0272585028991836,0.0165257358398095,-0,0
8.52,1.24124263146268,0.757814341750006,-1.03497970892398,0,0,1.06919258653395,-0.0725606346104147,-0.224996097012725,-0,0,-1.58821751400585,-0.0270949833337866,0.0161781772395882,-0,0
8.53,1.24876915462147,0.747503162680963,-1.02725610488461,0,0,1.0684556540309,-0.0748335012108183,-0.229577223068004,-0,0,-1.58848766072297,-0.0269349393543919,0.015830618639367,-0,0
8.54,1.25619295216977,0.737269219652314,-1.01953250084524,0,0,1.06769576380554,-0.0771521790717746,-0.234158349123282,-0,0,-1.58875622437823,-0.0267783709609993,0.0154830600391458,-0,0
8.55,1.26351479646798,0.727112512664057,-1.01180889680588,0,0,1.06691245774526,-0.0795166681932842,-0.238739475178562,-0,0,-1.58902323972748,-0.0266252781536089,0.0151355014389242,-0,0
8.56,1.27073545987652,0.717033041716195,-1.00408529276651,0,0,1.06610527773747,-0.0819269685753462,-0.24332060123384,-0,0,-1.58928874152659,-0.0264756609322207,0.0147879428387029,-0,0
8.57,1.27785571475577,0.707030806808727,-0.996361688727143,0,0,1.06527376566955,-0.0843830802179609,-0.247901727289119,-0,0,-1.58955276453141,-0.0263295192968348,0.0144403842384817,-0,0
8.58,1.28487633346616,0.697105807941653,-0.988638084687776,0,0,1.06441746342891,-0.0868850031211285,-0.252482853344397,-0,0,-1.58981534349781,-0.0261868532474511,0.0140928256382605,-0,0
8.59,1.29179808836807,0.687258045114972,-0.98091448064841,0,0,1.06353591290293,-0.0894327372848488,-0.257063979399676,-0,0,-1.59007651318165,-0.0260476627840696,0.0137452670380392,-0,0
8.6,1.29862175182193,0.677487518328685,-0.973190876609043,0,0,1.06262865597901,-0.0920262827091219,-0.261645105454954,-0,0,-1.59033630833878,-0.0259119479066904,0.013397708437818,-0,0
8.61,1.30534809618812,0.667794227582791,-0.965467272569677,0,0,1.06169523454454,-0.0946656393939477,-0.266226231510233,-0,0,-1.59059476372507,-0.0257797086153132,0.0130501498375968,-0,0
8.62,1.31197789382705,0.658178172877292,-0.957743668530311,0,0,1.06073519048693,-0.0973508073393265,-0.270807357565511,-0,0,-1.59085191409637,-0.0256509449099384,0.0127025912373755,-0,0
8.63,1.31851191709913,0.648639354212184,-0.950020064490942,0,0,1.05974806569356,-0.100081786545258,-0.275388483620791,-0,0,-1.59110779420855,-0.0255256567905658,0.0123550326371543,-0,0
8.64,1.32495093836476,0.639177771587472,-0.942296460451576,0,0,1.05873340205182,-0.102858577011743,-0.279969609676069,-0,0,-1.59136243881747,-0.0254038442571953,0.0120074740369331,-0,0
8.65,1.33129572998435,0.629793425003153,-0.93457285641221,0,0,1.05769074144912,-0.10568117873878,-0.284550735731348,-0,0,-1.59161588267898,-0.025285507309827,0.0116599154367115,-0,0
8.66,1.33754706431829,0.620486314459228,-0.926849252372843,0,0,1.05661962577284,-0.10854959172637,-0.289131861786627,-0,0,-1.59186816054895,-0.025170645948461,0.0113123568364902,-0,0
8.67,1.343705713727,0.611256439955696,-0.919125648333477,0,0,1.05551959691039,-0.111463815974512,-0.293712987841905,-0,0,-1.59211930718324,-0.0250592601730973,0.010964798236269,-0,0
8.68,1.34977245057087,0.602103801492559,-0.911402044294111,0,0,1.05439019674915,-0.114423851483207,-0.298294113897184,-0,0,-1.5923693573377,-0.0249513499837358,0.0106172396360478,-0,0
8.69,1.35574804721032,0.593028399069815,-0.903678440254744,0,0,1.05323096717652,-0.117429698252456,-0.302875239952462,-0,0,-1.5926183457682,-0.0248469153803764,0.0102696810358265,-0,0
8.7,1.36163327600574,0.584030232687464,-0.895954836215378,0,0,1.0520414500799,-0.120481356282257,-0.307456366007741,-0,0,-1.5928663072306,-0.0247459563630192,0.00992212243560528,-0,0
8.71,1.36742890931754,0.575109302345506,-0.88823123217601,0,0,1.05082118734668,-0.123578825572611,-0.31203749206302,-0,0,-1.59311327648075,-0.0246484729316643,0.00957456383538409,-0,0
8.72,1.37313571950612,0.566265608043943,-0.880507628136643,0,0,1.04956972086425,-0.126722106123517,-0.316618618118299,-0,0,-1.59335928827452,-0.0245544650863114,0.00922700523516266,-0,0
8.73,1.37875447893188,0.557499149782773,-0.872784024097277,0,0,1.04828659252,-0.129911197934977,-0.321199744173577,-0,0,-1.59360437736776,-0.0244639328269608,0.00887944663494142,-0,0
8.74,1.38428595995524,0.548809927561998,-0.86506042005791,0,0,1.04697134420135,-0.133146101006989,-0.325780870228856,-0,0,-1.59384857851634,-0.0243768761536128,0.00853188803472018,-0,0
8.75,1.38973093493659,0.540197941381616,-0.857336816018544,0,0,1.04562351779566,-0.136426815339554,-0.330361996284135,-0,0,-1.59409192647612,-0.0242932950662664,0.00818432943449895,-0,0
8.76,1.39509017623634,0.531663191241627,-0.849613211979178,0,0,1.04424265519035,-0.139753340932671,-0.334943122339413,-0,0,-1.59433445600295,-0.0242131895649227,0.00783677083427771,-0,0
8.77,1.40036445621489,0.523205677142032,-0.841889607939811,0,0,1.04282829827281,-0.143125677786342,-0.339524248394692,-0,0,-1.59457620185271,-0.024136559649581,0.00748921223405647,-0,0
8.78,1.40555454723265,0.514825399082831,-0.834166003900445,0,0,1.04137998893042,-0.146543825900565,-0.34410537444997,-0,0,-1.59481719878123,-0.0240634053202415,0.00714165363383523,-0,0
8.79,1.41066122165002,0.506522357064024,-0.826442399861078,0,0,1.03989726905059,-0.150007785275341,-0.348686500505249,-0,0,-1.5950574815444,-0.0239937265769044,0.0067940950336138,-0,0
8.8,1.4156852518274,0.498296551085608,-0.81871879582171,0,0,1.03837968052071,-0.15351755591067,-0.353267626560528,-0,0,-1.59529708489806,-0.0239275234195692,0.00644653643339261,-0,0
8.81,1.4206274101252,0.490147981147588,-0.810995191782344,0,0,1.03682676522818,-0.157073137806552,-0.357848752615807,-0,0,-1.59553604359808,-0.0238647958482364,0.00609897783317137,-0,0
8.82,1.42548846890382,0.482076647249962,-0.803271587742978,0,0,1.03523806506038,-0.160674530962986,-0.362429878671085,-0,0,-1.59577439240031,-0.0238055438629058,0.00575141923295013,-0,0
8.83,1.43026920052366,0.474082549392729,-0.795547983703611,0,0,1.03361312190472,-0.164321735379974,-0.367011004726364,-0,0,-1.59601216606062,-0.0237497674635775,0.0054038606327287,-0,0
8.84,1.43497037734514,0.46616568757589,-0.787824379664245,0,0,1.03195147764858,-0.168014751057513,-0.371592130781642,-0,0,-1.59624939933487,-0.0236974666502512,0.00505630203250746,-0,0
8.85,1.43959277172865,0.458326061799445,-0.780100775624878,0,0,1.03025267417937,-0.171753577995606,-0.376173256836921,-0,0,-1.59648612697891,-0.0236486414229272,0.00470874343228622,-0,0
8.86,1.4441371560346,0.450563672063393,-0.772377171585512,0,0,1.02851625338447,-0.175538216194252,-0.3807543828922,-0,0,-1.59672238374861,-0.0236032917816055,0.00436118483206499,-0,0
8.87,1.44860430262338,0.442878518367735,-0.764653567546145,0,0,1.02674175715128,-0.17936866565345,-0.385335508947478,-0,0,-1.59695820439983,-0.0235614177262861,0.00401362623184375,-0,0
8.88,1.45299498385542,0.435270600712469,-0.756929963506778,0,0,1.0249287273672,-0.183244926373202,-0.389916635002758,-0,0,-1.59719362368843,-0.0235230192569686,0.00366606763162236,-0,0
8.89,1.4573099720911,0.427739919097598,-0.749206359467411,0,0,1.02307670591961,-0.187166998353506,-0.394497761058036,-0,0,-1.59742867637026,-0.0234880963736534,0.00331850903140113,-0,0
8.9,1.46155003969084,0.420286473523121,-0.741482755428045,0,0,1.02118523469592,-0.191134881594362,-0.399078887113315,-0,0,-1.59766339720118,-0.0234566490763406,0.00297095043117989,-0,0
8.91,1.46571595901503,0.412910263989038,-0.733759151388678,0,0,1.01925385558352,-0.195148576095772,-0.403660013168593,-0,0,-1.59789782093707,-0.0234286773650298,0.00262339183095865,-0,0
8.92,1.46980850242409,0.405611290495348,-0.726035547349312,0,0,1.01728211046981,-0.199208081857734,-0.408241139223872,-0,0,-1.59813198233377,-0.0234041812397215,0.00227583323073731,-0,0
8.93,1.47382844227841,0.398389553042052,-0.718311943309945,0,0,1.01526954124217,-0.203313398880249,-0.41282226527915,-0,0,-1.59836591614715,-0.0233831607004153,0.00192827463051608,-0,0
8.94,1.4777765509384,0.391245051629149,-0.710588339270579,0,0,1.013215689788,-0.207464527163317,-0.417403391334429,-0,0,-1.59859965713307,-0.0233656157471113,0.00158071603029479,-0,0
8.95,1.48165360076446,0.384177786256641,-0.702864735231213,0,0,1.0111200979947,-0.211661466706938,-0.421984517389707,-0,0,-1.59883324004738,-0.0233515463798093,0.00123315743007355,-0,0
8.96,1.485460364117,0.377187756924524,-0.695141131191845,0,0,1.00898230774966,-0.215904217511112,-0.426565643444987,-0,0,-1.59906669964595,-0.0233409525985098,0.000885598829852217,-0,0
8.97,1.48919761335642,0.370274963632803,-0.687417527152478,0,0,1.00680186094027,-0.220192779575838,-0.431146769500265,-0,0,-1.59930007068464,-0.0233338344032124,0.000538040229630954,-0,0
8.98,1.49286612084312,0.363439406381475,-0.679693923113112,0,0,1.00457829945394,-0.224527152901117,-0.435727895555544,-0,0,-1.5995333879193,-0.023330191793917,0.000190481629409691,-0,0
8.99,1.49646665893751,0.356681085170541,-0.671970319073745,0,0,1.00231116517805,-0.228907337486949,-0.440309021610823,-0,0,-1.5997666861058,-0.0233300247706241,-0.000157076970811569,-0,0
9,1.5,0.35,-0.664246715034379,0,0,1,-0.233333333333333,-0.444890147666101,-0,0,-1.6,-0.0233333333333334,-0.000504635571032832,-0,0
9.01,1.50346691639098,0.343396150869853,-0.656523110995013,0,0,0.997644345807182,-0.23780514044027,-0.44947127372138,-0,0,-1.60023336435776,-0.0233401174820449,-0.000852194171254095,-0,0
9.02,1.50686818047087,0.3368695377801,-0.648799506955646,0,0,0.995243744486993,-0.24232275880776,-0.454052399776658,-0,0,-1.60046681393493,-0.0233503772167584,-0.00119975277147536,-0,0
9.03,1.51020456460005,0.330420160730741,-0.64107590291628,0,0,0.992797737926825,-0.246886188435803,-0.458633525831937,-0,0,-1.60070038348738,-0.0233641125374743,-0.00154731137169662,-0,0
9.04,1.51347684113895,0.324048019721775,-0.633352298876913,0,0,0.990305868014075,-0.251495429324399,-0.463214651887215,-0,0,-1.60093410777096,-0.0233813234441923,-0.00189486997191788,-0,0
9.05,1.51668578244796,0.317753114753202,-0.625628694837545,0,0,0.987767676636135,-0.256150481473548,-0.467795777942495,-0,0,-1.60116802154155,-0.0234020099369127,-0.00224242857213922,-0,0
9.06,1.51983216088748,0.311535445825023,-0.617905090798179,0,0,0.985182705680402,-0.26085134488325,-0.472376903997773,-0,0,-1.60140215955499,-0.023426172015635,-0.00258998717236046,-0,0
9.07,1.52291674881792,0.305395012937238,-0.610181486758813,0,0,0.982550497034268,-0.265598019553504,-0.476958030053052,-0,0,-1.60163655656715,-0.0234538096803598,-0.00293754577258174,-0,0
9.08,1.52594031859969,0.299331816089847,-0.602457882719446,0,0,0.97987059258513,-0.27039050548431,-0.481539156108331,-0,0,-1.60187124733388,-0.0234849229310867,-0.00328510437280298,-0,0
9.09,1.52890364259319,0.293345855282849,-0.59473427868008,0,0,0.977142534220381,-0.27522880267567,-0.486120282163609,-0,0,-1.60210626661106,-0.0235195117678158,-0.00363266297302432,-0,0
9.1,1.53180749315882,0.287437130516246,-0.587010674640713,0,0,0.974365863827415,-0.280112911127582,-0.490701408218888,-0,0,-1.60234164915453,-0.0235575761905472,-0.00398022157324556,-0,0
9.11,1.53465264265698,0.281605641790036,-0.579287070601347,0,0,0.971540123293627,-0.285042830840048,-0.495282534274166,-0,0,-1.60257742972015,-0.0235991161992809,-0.00432778017346679,-0,0
9.12,1.53743986344809,0.275851389104219,-0.571563466561981,0,0,0.968664854506412,-0.290018561813065,-0.499863660329445,-0,0,-1.6028136430638,-0.0236441317940165,-0.00467533877368803,-0,0
9.13,1.54016992789253,0.270174372458795,-0.563839862522613,0,0,0.965739599353164,-0.295040104046637,-0.504444786384724,-0,0,-1.60305032394132,-0.0236926229747547,-0.00502289737390941,-0,0
9.14,1.54284360835073,0.264574591853766,-0.556116258483246,0,0,0.962763899721277,-0.300107457540761,-0.509025912440003,-0,0,-1.60328750710858,-0.0237445897414947,-0.00537045597413065,-0,0
9.15,1.54546167718308,0.259052047289131,-0.54839265444388,0,0,0.959737297498147,-0.305220622295437,-0.513607038495281,-0,0,-1.60352522732144,-0.0238000320942373,-0.00571801457435189,-0,0
9.16,1.54802490674998,0.253606738764889,-0.540669050404513,0,0,0.956659334571167,-0.310379598310666,-0.51818816455056,-0,0,-1.60376351933575,-0.0238589500329818,-0.00606557317457313,-0,0
9.17,1.55053406941184,0.24823866628104,-0.532945446365147,0,0,0.953529552827732,-0.315584385586448,-0.522769290605838,-0,0,-1.60400241790738,-0.0239213435577287,-0.00641313177479436,-0,0
9.18,1.55298993752907,0.242947829837586,-0.52522184232578,0,0,0.950347494155236,-0.320834984122783,-0.527350416661117,-0,0,-1.60424195779219,-0.0239872126684778,-0.0067606903750158,-0,0
9.19,1.55539328346206,0.237734229434525,-0.517498238286414,0,0,0.947112700441074,-0.32613139391967,-0.531931542716396,-0,0,-1.60448217374604,-0.0240565573652289,-0.00710824897523704,-0,0
9.2,1.55774487957123,0.232597865071858,-0.509774634247048,0,0,0.943824713572641,-0.33147361497711,-0.536512668771674,-0,0,-1.60472310052478,-0.0241293776479824,-0.00745580757545828,-0,0
9.21,1.56004549821697,0.227538736749583,-0.50205103020768,0,0,0.94048307543733,-0.336861647295104,-0.541093794826954,-0,0,-1.60496477288429,-0.0242056735167382,-0.00780336617567946,-0,0
9.22,1.56229591175969,0.222556844467704,-0.494327426168313,0,0,0.937087327922537,-0.34229549087365,-0.545674920882232,-0,0,-1.60520722558041,-0.0242854449714959,-0.0081509247759009,-0,0
9.23,1.56449689255979,0.217652188226217,-0.486603822128947,0,0,0.933637012915655,-0.347775145712749,-0.550256046937511,-0,0,-1.605450493369,-0.0243686920122562,-0.00849848337612213,-0,0
9.24,1.56664921297768,0.212824768025125,-0.47888021808958,0,0,0.93013167230408,-0.3533006118124,-0.554837172992789,-0,0,-1.60569461100594,-0.0244554146390185,-0.00884604197634337,-0,0
9.25,1.56875364537376,0.208074583864426,-0.471156614050214,0,0,0.926570847975206,-0.358871889172604,-0.559418299048068,-0,0,-1.60593961324707,-0.0245456128517829,-0.00919360057656461,-0,0
9.26,1.57081096210844,0.203401635744121,-0.463433010010848,0,0,0.922954081816426,-0.364488977793361,-0.563999425103346,-0,0,-1.60618553484826,-0.0246392866505497,-0.00954115917678585,-0,0
9.27,1.57282193554211,0.198805923664209,-0.455709405971481,0,0,0.919280915715136,-0.370151877674671,-0.568580551158625,-0,0,-1.60643241056537,-0.0247364360353187,-0.00988871777700709,-0,0
9.28,1.57478733803519,0.194287447624692,-0.447985801932115,0,0,0.915550891558731,-0.375860588816533,-0.573161677213903,-0,0,-1.60668027515425,-0.02483706100609,-0.0102362763772283,-0,0
9.29,1.57670794194807,0.189846207625567,-0.440262197892748,0,0,0.911763551234604,-0.381615111218949,-0.577742803269182,-0,0,-1.60692916337078,-0.0249411615628634,-0.0105838349774498,-0,0
9.3,1.57858451964117,0.185482203666836,-0.43253859385338,0,0,0.90791843663015,-0.387415444881918,-0.582323929324461,-0,0,-1.6071791099708,-0.0250487377056389,-0.0109313935776709,-0,0
9.31,1.58041784347488,0.181195435748499,-0.424814989814014,0,0,0.904015089632764,-0.393261589805439,-0.58690505537974,-0,0,-1.60743014971017,-0.0251597894344167,-0.0112789521778922,-0,0
9.32,1.58220868580961,0.176985903870556,-0.417091385774647,0,0,0.900053052129839,-0.399153545989513,-0.591486181435019,-0,0,-1.60768231734477,-0.0252743167491967,-0.0116265107781134,-0,0
9.33,1.58395781900576,0.172853608033006,-0.409367781735281,0,0,0.896031866008771,-0.405091313434139,-0.596067307490297,-0,0,-1.60793564763045,-0.0253923196499789,-0.0119740693783347,-0,0
9.34,1.58566601542373,0.16879854823585,-0.401644177695915,0,0,0.891951073156955,-0.411074892139318,-0.600648433545576,-0,0,-1.60819017532306,-0.0255137981367634,-0.0123216279785559,-0,0
9.35,1.58733404742394,0.164820724479088,-0.393920573656548,0,0,0.887810215461784,-0.41710428210505,-0.605229559600854,-0,0,-1.60844593517847,-0.02563875220955,-0.0126691865787771,-0,0
9.36,1.58896268736678,0.160920136762719,-0.386196969617182,0,0,0.883608834810652,-0.423179483331335,-0.609810685656133,-0,0,-1.60870296195253,-0.025767181868339,-0.0130167451789988,-0,0
9.37,1.59055270761266,0.157096785086744,-0.378473365577815,0,0,0.879346473090955,-0.429300495818172,-0.614391811711411,-0,0,-1.60896129040112,-0.0258990871131301,-0.01336430377922,-0,0
9.38,1.59210488052199,0.153350669451163,-0.370749761538448,0,0,0.875022672190086,-0.435467319565564,-0.618972937766691,-0,0,-1.60922095528008,-0.0260344679439233,-0.0137118623794412,-0,0
9.39,1.59361997845516,0.149681789855975,-0.363026157499081,0,0,0.870636973995442,-0.441679954573507,-0.623554063821969,-0,0,-1.60948199134529,-0.0261733243607189,-0.0140594209796624,-0,0
9.4,1.59509877377257,0.146090146301181,-0.355302553459715,0,0,0.866188920394414,-0.447938400842003,-0.628135189877248,-0,0,-1.60974443335259,-0.0263156563635166,-0.0144069795798837,-0,0
9.41,1.59654203883465,0.142575738786781,-0.347578949420348,0,0,0.8616780532744,-0.454242658371052,-0.632716315932526,-0,0,-1.61000831605784,-0.0264614639523166,-0.0147545381801049,-0,0
9.42,1.59795054600178,0.139138567312774,-0.339855345380982,0,0,0.857103914522792,-0.460592727160653,-0.637297441987805,-0,0,-1.61027367421692,-0.0266107471271187,-0.0151020967803261,-0,0
9.43,1.59932506763437,0.135778631879161,-0.332131741341615,0,0,0.852466046026985,-0.466988607210808,-0.641878568043084,-0,0,-1.61054054258567,-0.026763505887923,-0.0154496553805474,-0,0
9.44,1.60066637609283,0.132495932485942,-0.324408137302249,0,0,0.847763989674374,-0.473430298521515,-0.646459694098362,-0,0,-1.61080895591996,-0.0269197402347297,-0.0157972139807686,-0,0
9.45,1.60197524373756,0.129290469133117,-0.316684533262883,0,0,0.842997287352353,-0.479917801092775,-0.651040820153641,-0,0,-1.61107894897565,-0.0270794501675385,-0.0161447725809899,-0,0
9.46,1.60325244292896,0.126162241820684,-0.308960929223515,0,0,0.838165480948316,-0.486451114924588,-0.65562194620892,-0,0,-1.6113505565086,-0.0272426356863495,-0.0164923311812114,-0,0
9.47,1.60449874602744,0.123111250548646,-0.301237325184148,0,0,0.833268112349659,-0.493030240016954,-0.660203072264199,-0,0,-1.61162381327467,-0.0274092967911626,-0.0168398897814327,-0,0
9.48,1.6057149253934,0.120137495317001,-0.293513721144782,0,0,0.828304723443775,-0.499655176369872,-0.664784198319477,-0,0,-1.61189875402971,-0.0275794334819781,-0.0171874483816539,-0,0
9.49,1.60690175338725,0.117240976125751,-0.285790117105415,0,0,0.82327485611806,-0.506325923983343,-0.669365324374756,-0,0,-1.61217541352959,-0.0277530457587958,-0.0175350069818751,-0,0
9.5,1.60806000236938,0.114421692974893,-0.278066513066049,0,0,0.818178052259907,-0.513042482857367,-0.673946450430034,-0,0,-1.61245382653017,-0.0279301336216157,-0.0178825655820964,-0,0
9.51,1.60919044470021,0.11167964586443,-0.270342909026683,0,0,0.813013853756711,-0.519804852991944,-0.678527576485313,-0,0,-1.61273402778731,-0.0281106970704376,-0.0182301241823176,-0,0
9.52,1.61029385274014,0.10901483479436,-0.262619304987316,0,0,0.807781802495866,-0.526613034387073,-0.683108702540591,-0,0,-1.61301605205687,-0.0282947361052619,-0.0185776827825389,-0,0
9.53,1.61137099884957,0.106427259764683,-0.254895700947949,0,0,0.802481440364768,-0.533467027042755,-0.68768982859587,-0,0,-1.6132999340947,-0.0284822507260884,-0.0189252413827601,-0,0
9.54,1.6124226553889,0.103916920775401,-0.247172096908583,0,0,0.79711230925081,-0.54036683095899,-0.692270954651149,-0,0,-1.61358570865668,-0.0286732409329171,-0.0192727999829813,-0,0
9.55,1.61344959471854,0.101483817826511,-0.239448492869215,0,0,0.791673951041385,-0.547312446135779,-0.696852080706428,-0,0,-1.61387341049865,-0.0288677067257481,-0.0196203585832029,-0,0
9.56,1.6144525891989,0.0991279509180162,-0.231724888829849,0,0,0.786165907623891,-0.55430387257312,-0.701433206761707,-0,0,-1.61416307437648,-0.0290656481045812,-0.0199679171834242,-0,0
9.57,1.61543241119037,0.0968493200499144,-0.224001284790483,0,0,0.780587720885721,-0.561341110271013,-0.706014332816985,-0,0,-1.61445473504603,-0.0292670650694165,-0.0203154757836454,-0,0
9.58,1.61638983305337,0.0946479252222065,-0.216277680751116,0,0,0.77493893271427,-0.568424159229459,-0.710595458872264,-0,0,-1.61474842726315,-0.0294719576202541,-0.0206630343838666,-0,0
9.59,1.61732562714828,0.0925237664348923,-0.20855407671175,0,0,0.769219084996931,-0.575553019448458,-0.715176584927542,-0,0,-1.61504418578372,-0.0296803257570939,-0.0210105929840879,-0,0
9.6,1.61824056583553,0.0904768436879714,-0.200830472672383,0,0,0.763427719621099,-0.582727690928009,-0.719757710982821,-0,0,-1.61534204536358,-0.0298921694799358,-0.0213581515843091,-0,0
9.61,1.61913542147551,0.0885071569814446,-0.193106868633017,0,0,0.757564378474169,-0.589948173668114,-0.7243388370381,-0,0,-1.6156420407586,-0.0301074887887801,-0.0217057101845303,-0,0
9.62,1.62001096642863,0.0866147063153115,-0.185383264593651,0,0,0.751628603443535,-0.597214467668771,-0.728919963093378,-0,0,-1.61594420672465,-0.0303262836836264,-0.0220532687847516,-0,0
9.63,1.62086797305529,0.0847994916895716,-0.177659660554283,0,0,0.745619936416591,-0.604526572929983,-0.733501089148657,-0,0,-1.61624857801756,-0.0305485541644752,-0.0224008273849728,-0,0
9.64,1.62170721371589,0.0830615131042253,-0.169936056514916,0,0,0.739537919280733,-0.611884489451745,-0.738082215203936,-0,0,-1.61655518939322,-0.0307743002313259,-0.022748385985194,-0,0
9.65,1.62252946077084,0.0814007705592731,-0.16221245247555,0,0,0.733382093923354,-0.619288217234061,-0.742663341259215,-0,0,-1.61686407560748,-0.031003521884179,-0.0230959445854152,-0,0
9.66,1.62333548658054,0.0798172640547146,-0.154488848436183,0,0,0.72715200223185,-0.626737756276929,-0.747244467314493,-0,0,-1.61717527141619,-0.0312362191230343,-0.0234435031856365,-0,0
9.67,1.6241260635054,0.0783109935905493,-0.146765244396817,0,0,0.720847186093614,-0.63423310658035,-0.751825593369772,-0,0,-1.61748881157522,-0.0314723919478917,-0.0237910617858577,-0,0
9.68,1.62490196390582,0.0768819591667783,-0.13904164035745,0,0,0.714467187396041,-0.641774268144324,-0.75640671942505,-0,0,-1.61780473084044,-0.0317120403587514,-0.024138620386079,-0,0
9.69,1.6256639601422,0.0755301607834007,-0.131318036318084,0,0,0.708011548026526,-0.649361240968851,-0.760987845480329,-0,0,-1.61812306396769,-0.0319551643556133,-0.0244861789863002,-0,0
9.7,1.62641282457496,0.0742555984404166,-0.123594432278717,0,0,0.701479809872463,-0.656994025053931,-0.765568971535607,-0,0,-1.61844384571283,-0.0322017639384774,-0.0248337375865214,-0,0
9.71,1.62714932956448,0.073058272137826,-0.11587082823935,0,0,0.694871514821245,-0.664672620399564,-0.770150097590887,-0,0,-1.61876711083174,-0.0324518391073438,-0.025181296186743,-0,0
9.72,1.62787424747118,0.0719381818756294,-0.108147224199983,0,0,0.688186204760269,-0.672397027005749,-0.774731223646165,-0,0,-1.61909289408027,-0.0327053898622123,-0.0255288547869643,-0,0
9.73,1.62858835065546,0.0708953276538265,-0.100423620160617,0,0,0.681423421576928,-0.680167244872487,-0.779312349701444,-0,0,-1.61942123021427,-0.032962416203083,-0.0258764133871855,-0,0
9.74,1.62929241147773,0.069929709472417,-0.0927000161212505,0,0,0.674582707158617,-0.687983273999778,-0.783893475756723,-0,0,-1.61975215398962,-0.033222918129956,-0.0262239719874067,-0,0
9.75,1.62998720229838,0.0690413273314015,-0.0849764120818842,0,0,0.667663603392731,-0.695845114387621,-0.788474601812001,-0,0,-1.62008570016216,-0.0334868956428312,-0.026571530587628,-0,0
9.76,1.63067336500326,0.0681910388630992,-0.0850812815785747,-0,0,0.660665904277689,-0.703677132728466,-0.777929066356924,0,0,-1.62042189174213,-0.0337508250513988,-0.0262143511258953,0,0
9.77,1.63135101957999,0.06733970169983,-0.0851861510752658,-0,0,0.65359041225601,-0.71140369571476,-0.767383530901847,0,0,-1.62076070475721,-0.0340111826653491,-0.0258571716641625,0,0
9.78,1.63202015554161,0.0664873158415939,-0.0852910205719569,-0,0,0.646438181881242,-0.719024803346502,-0.75683799544677,0,0,-1.62110210348945,-0.034267968484682,-0.0254999922024296,0,0
9.79,1.63268076240117,0.0656338812883909,-0.085395890068648,-0,0,0.639210267706929,-0.726540455623695,-0.746292459991693,0,0,-1.62144605222092,-0.0345211825093977,-0.0251428127406968,0,0
9.8,1.63333282967173,0.0647793980402209,-0.0855007595653391,-0,0,0.631907724286616,-0.733950652546337,-0.735746924536614,0,0,-1.62179251523366,-0.034770824739496,-0.0247856332789648,0,0
9.81,1.63397634686633,0.063923866097084,-0.085605629062031,-0,0,0.62453160617385,-0.741255394114428,-0.725201389081537,0,0,-1.62214145680972,-0.035016895174977,-0.024428453817232,0,0
9.82,1.63461130349802,0.0630672854589803,-0.0857104985587221,-0,0,0.617082967922176,-0.748454680327968,-0.71465585362646,0,0,-1.62249284123117,-0.0352593938158406,-0.0240712743554992,0,0
9.83,1.63523768907986,0.0622096561259096,-0.0858153680554132,-0,0,0.609562864085139,-0.755548511186957,-0.704110318171382,0,0,-1.62284663278006,-0.035498320662087,-0.0237140948937664,0,0
9.84,1.63585549312489,0.0613509780978721,-0.0859202375521043,-0,0,0.601972349216286,-0.762536886691395,-0.693564782716305,0,0,-1.62320279573843,-0.035733675713716,-0.0233569154320335,0,0
9.85,1.63646470514616,0.0604912513748676,-0.0860251070487954,-0,0,0.59431247786916,-0.769419806841283,-0.683019247261228,0,0,-1.62356129438835,-0.0359654589707276,-0.0229997359703007,0,0
9.86,1.63706531465673,0.0596304759568962,-0.0861299765454865,-0,0,0.586584304597309,-0.776197271636619,-0.672473711806151,0,0,-1.62392209301187,-0.0361936704331219,-0.0226425565085679,0,0
9.87,1.63765731116965,0.0587686518439579,-0.0862348460421776,-0,0,0.578788883954277,-0.782869281077405,-0.661928176351074,0,0,-1.62428515589103,-0.036418310100899,-0.0222853770468351,0,0
9.88,1.63824068419796,0.0579057790360525,-0.0863397155388687,-0,0,0.570927270493608,-0.789435835163642,-0.651382640895995,0,0,-1.6246504473079,-0.0366393779740587,-0.0219281975851031,0,0
9.89,1.63881542325472,0.0570418575331804,-0.0864445850355598,-0,0,0.563000518768851,-0.795896933895326,-0.640837105440918,0,0,-1.62501793154453,-0.0368568740526011,-0.0215710181233699,0,0
9.9,1.63938151785298,0.0561768873353414,-0.0865494545322509,-0,0,0.55500968333355,-0.80225257727246,-0.630291569985841,0,0,-1.62538757288297,-0.0370707983365261,-0.0212138386616374,0,0
9.91,1.63993895750578,0.0553108684425354,-0.086654324028942,-0,0,0.546955818741251,-0.808502765295043,-0.619746034530764,0,0,-1.62575933560528,-0.0372811508258338,-0.0208566591999046,0,0
9.92,1.64048773172618,0.0544438008547625,-0.086759193525633,-0,0,0.538839979545499,-0.814647497963075,-0.609200499075687,0,0,-1.62613318399351,-0.0374879315205242,-0.0204994797381718,0,0
9.93,1.64102783002723,0.0535756845720228,-0.0868640630223241,-0,0,0.530663220299838,-0.820686775276556,-0.59865496362061,0,0,-1.62650908232971,-0.0376911404205972,-0.020142300276439,0,0
9.94,1.64155924192197,0.0527065195943162,-0.0869689325190152,-0,0,0.522426595557816,-0.826620597235487,-0.588109428165533,0,0,-1.62688699489594,-0.0378907775260529,-0.0197851208147066,0,0
9.95,1.64208195692346,0.0518363059216425,-0.0870738020157067,-0,0,0.514131159872978,-0.832448963839867,-0.577563892710456,0,0,-1.62726688597425,-0.0380868428368914,-0.0194279413529738,0,0
9.96,1.64259596454475,0.0509650435540019,-0.0871786715123978,-0,0,0.505777967798866,-0.838171875089697,-0.567018357255377,0,0,-1.62764871984669,-0.0382793363531124,-0.019070761891241,0,0
9.97,1.64310125429889,0.0500927324913945,-0.0872835410090889,-0,0,0.497368073889031,-0.843789330984975,-0.5564728218003,0,0,-1.62803246079533,-0.0384682580747162,-0.0187135824295081,0,0
9.98,1.64359781569893,0.0492193727338201,-0.08738841050578,-0,0,0.488902532697016,-0.849301331525703,-0.545927286345223,0,0,-1.6284180731022,-0.0386536080017026,-0.0183564029677757,0,0
9.99,1.64408563825792,0.0483449642812789,-0.0874932800024711,-0,0,0.480382398776366,-0.854707876711879,-0.535381750890145,0,0,-1.62880552104938,-0.0388353861340717,-0.0179992235060429,0,0
10,1.64456471148891,0.0474695071337708,-0.0875981494991622,-0,0,0.471808726680627,-0.860008966543505,-0.524836215435068,0,0,-1.6291947689189,-0.0390135924718235,-0.0176420440443101,0,0
10.01,1.64503502490494,0.0465930012912957,-0.0877030189958533,-0,0,0.463182570963345,-0.86520460102058,-0.514290679979991,0,0,-1.62958578099283,-0.0391882270149579,-0.0172848645825773,0,0
10.02,1.64549656801908,0.0457154467538538,-0.0878078884925444,-0,0,0.454504986178064,-0.870294780143105,-0.503745144524914,0,0,-1.62997852155322,-0.039359289763475,-0.0169276851208445,0,0
10.03,1.64594933034437,0.0448368435214448,-0.0879127579892355,-0,0,0.445777026878331,-0.875279503911078,-0.493199609069837,0,0,-1.63037295488212,-0.0395267807173747,-0.0165705056591121,0,0
10.04,1.64639330139386,0.043957191594069,-0.0880176274859266,-0,0,0.436999747617692,-0.880158772324501,-0.48265407361476,0,0,-1.63076904526159,-0.0396906998766572,-0.0162133261973793,0,0
10.05,1.6468284706806,0.0430764909717261,-0.0881224969826177,-0,0,0.428174202949689,-0.884932585383374,-0.472108538159681,0,0,-1.63116675697367,-0.0398510472413224,-0.0158561467356464,0,0
10.06,1.64725482771765,0.0421947416544166,-0.0882273664793092,-0,0,0.419301447427871,-0.889600943087696,-0.461563002704604,0,0,-1.63156605430043,-0.0400078228113702,-0.0154989672739136,0,0
10.07,1.64767236201804,0.04131194364214,-0.0883322359760003,-0,0,0.410382535605784,-0.894163845437466,-0.451017467249527,0,0,-1.63196690152392,-0.0401610265868006,-0.0151417878121812,0,0
10.08,1.64808106309484,0.0404280969348966,-0.0884371054726914,-0,0,0.401418522036971,-0.898621292432686,-0.44047193179445,0,0,-1.63236926292618,-0.0403106585676138,-0.0147846083504484,0,0
10.09,1.64848092046109,0.0395432015326863,-0.0885419749693825,-0,0,0.392410461274979,-0.902973284073355,-0.429926396339373,0,0,-1.63277310278929,-0.0404567187538095,-0.0144274288887156,0,0
10.1,1.64887192362984,0.038657257435509,-0.0886468444660736,-0,0,0.383359407873353,-0.907219820359473,-0.419380860884296,0,0,-1.63317838539528,-0.0405992071453881,-0.0140702494269828,0,0
10.11,1.64925406211415,0.0377702646433648,-0.0887517139627646,-0,0,0.374266416385638,-0.911360901291041,-0.408835325429219,0,0,-1.63358507502621,-0.0407381237423493,-0.0137130699652504,0,0
10.12,1.64962732542706,0.0368822231562538,-0.0888565834594557,-0,0,0.365132541365381,-0.915396526868057,-0.398289789974141,0,0,-1.63399313596414,-0.0408734685446932,-0.0133558905035175,0,0
10.13,1.64999170308162,0.0359931329741756,-0.0889614529561469,-0,0,0.355958837366124,-0.919326697090524,-0.387744254519062,0,0,-1.63440253249113,-0.0410052415524196,-0.0129987110417847,0,0
10.14,1.65034718459089,0.0351029940971307,-0.089066322452838,-0,0,0.346746358941418,-0.923151411958439,-0.377198719063985,0,0,-1.63481322888921,-0.0411334427655288,-0.0126415315800519,0,0
10.15,1.65069375946792,0.0342118065251189,-0.089171191949529,-0,0,0.337496160644804,-0.926870671471804,-0.366653183608908,0,0,-1.63522518944045,-0.0412580721840206,-0.0122843521183195,0,0
10.16,1.65103141722575,0.0333195702581401,-0.0892760614462205,-0,0,0.32820929702983,-0.930484475630617,-0.356107648153831,0,0,-1.63563837842691,-0.0413791298078952,-0.0119271726565867,0,0
10.17,1.65136014737743,0.0324262852961945,-0.0893809309429116,-0,0,0.318886822650041,-0.93399282443488,-0.345562112698754,0,0,-1.63605276013063,-0.0414966156371524,-0.0115699931948539,0,0
10.18,1.65167993943602,0.031531951639282,-0.0894858004396027,-0,0,0.309529792058982,-0.937395717884592,-0.335016577243677,0,0,-1.63646829883367,-0.0416105296717922,-0.011212813733121,0,0
10.19,1.65199078291457,0.0306365692874024,-0.0895906699362938,-0,0,0.300139259810198,-0.940693155979754,-0.3244710417886,0,0,-1.63688495881808,-0.0417208719118147,-0.0108556342713886,0,0
10.2,1.65229266732612,0.0297401382405561,-0.0896955394329849,-0,0,0.290716280457235,-0.943885138720364,-0.313925506333523,0,0,-1.63730270436592,-0.04182764235722,-0.0104984548096558,0,0
10.21,1.65258558218373,0.0288426584987425,-0.089800408929676,-0,0,0.281261908553638,-0.946971666106424,-0.303379970878444,0,0,-1.63772149975925,-0.0419308410080081,-0.010141275347923,0,0
10.22,1.65286951700044,0.0279441300619623,-0.0899052784263671,-0,0,0.271777198652954,-0.949952738137933,-0.292834435423367,0,0,-1.6381413092801,-0.0420304678641786,-0.00978409588619037,0,0
10.23,1.65314446128932,0.0270445529302154,-0.0900101479230584,-0,0,0.262263205308728,-0.952828354814891,-0.28228889996829,0,0,-1.63856209721055,-0.0421265229257318,-0.00942691642445757,0,0
10.24,1.6534104045634,0.0261439271035013,-0.0901150174197495,-0,0,0.252720983074505,-0.955598516137299,-0.271743364513213,0,0,-1.63898382783263,-0.0422190061926676,-0.00906973696272495,0,0
10.25,1.65366733633574,0.0252422525818204,-0.0902198869164406,-0,0,0.243151586503831,-0.958263222105156,-0.261197829058135,0,0,-1.63940646542842,-0.0423079176649861,-0.00871255750099214,0,0
10.26,1.65391524611938,0.0243395293651727,-0.0903247564131317,-0,0,0.233556070150251,-0.960822472718461,-0.250652293603058,0,0,-1.63982997427995,-0.0423932573426876,-0.00835537803925933,0,0
10.27,1.65415412342739,0.0234357574535579,-0.0904296259098228,-0,0,0.223935488567311,-0.963276267977217,-0.240106758147981,0,0,-1.64025431866929,-0.0424750252257714,-0.00799819857752672,0,0
10.28,1.65438395777281,0.0225309368469762,-0.0905344954065141,-0,0,0.214290896308556,-0.965624607881421,-0.229561222692904,0,0,-1.64067946287849,-0.0425532213142379,-0.00764101911579391,0,0
10.29,1.65460473866868,0.0216250675454275,-0.0906393649032051,-0,0,0.204623347927531,-0.967867492431075,-0.219015687237827,0,0,-1.64110537118959,-0.0426278456080874,-0.0072838396540613,0,0
10.3,1.65481645562806,0.0207181495489119,-0.0907442343998963,-0,0,0.194933897977782,-0.970004921626178,-0.208470151782748,0,0,-1.64153200788466,-0.0426988981073193,-0.00692666019232846,0,0
10.31,1.65501909816401,0.0198101828574296,-0.0908491038965874,-0,0,0.185223601012855,-0.97203689546673,-0.197924616327671,0,0,-1.64195933724576,-0.0427663788119339,-0.00656948073059584,0,0
10.32,1.65521265578956,0.0189011674709802,-0.0909539733932785,-0,0,0.175493511586296,-0.973963413952731,-0.187379080872594,0,0,-1.64238732355492,-0.042830287721931,-0.00621230126886303,0,0
10.33,1.65539711801778,0.0179911033895639,-0.0910588428899697,-0,0,0.165744684251649,-0.975784477084182,-0.176833545417517,0,0,-1.64281593109421,-0.0428906248373111,-0.00585512180713042,0,0
10.34,1.6555724743617,0.0170799906131809,-0.0911637123866608,-0,0,0.155978173562461,-0.977500084861081,-0.16628800996244,0,0,-1.64324512414569,-0.0429473901580736,-0.00549794234539761,0,0
10.35,1.65573871433439,0.0161678291418307,-0.0912685818833519,-0,0,0.146195034072277,-0.97911023728343,-0.155742474507363,0,0,-1.64367486699139,-0.0430005836842191,-0.005140762883665,0,0
10.36,1.65589582744889,0.0152546189755138,-0.0913734513800431,-0,0,0.136396320334641,-0.980614934351229,-0.145196939052286,0,0,-1.64410512391339,-0.0430502054157472,-0.00478358342193229,0,0
10.37,1.65604380321825,0.01434036011423,-0.0914783208767342,-0,0,0.126583086903101,-0.982014176064476,-0.134651403597208,0,0,-1.64453585919373,-0.0430962553526577,-0.00442640396019958,0,0
10.38,1.65618263115553,0.0134250525579789,-0.0915831903734253,-0,0,0.116756388331199,-0.983307962423173,-0.12410586814213,0,0,-1.64496703711446,-0.0431387334949511,-0.00406922449846674,0,0
10.39,1.65631230077376,0.0125086963067612,-0.0916880598701164,-0,0,0.106917279172485,-0.984496293427319,-0.113560332687052,0,0,-1.64539862195764,-0.0431776398426272,-0.00371204503673403,0,0
10.4,1.65643280158601,0.0115912913605767,-0.0917929293668076,-0,0,0.0970668139805016,-0.985579169076914,-0.103014797231975,0,0,-1.64583057800533,-0.0432129743956857,-0.00335486557500132,0,0
10.41,1.65654412310532,0.0106728377194252,-0.0918977988634987,-0,0,0.0872060473087953,-0.986556589371958,-0.0924692617768983,0,0,-1.64626286953957,-0.0432447371541272,-0.0029976861132686,0,0
10.42,1.65664625484475,0.0097533353833067,-0.0920026683601899,-0,0,0.0773360337109115,-0.987428554312452,-0.0819237263218212,0,0,-1.64669546084243,-0.0432729281179512,-0.00264050665153589,0,0
10.43,1.65673918631734,0.00883278435222151,-0.092107537856881,-0,0,0.0674578277403952,-0.988195063898395,-0.0713781908667441,0,0,-1.64712831619595,-0.0432975472871577,-0.00228332718980323,0,0
10.44,1.65682290703614,0.0079111846261692,-0.0922124073535721,-0,0,0.0575724839507923,-0.988856118129787,-0.060832655411667,0,0,-1.64756139988219,-0.0433185946617471,-0.00192614772807052,0,0
10.45,1.65689740651421,0.00698853620515003,-0.0923172768502633,-0,0,0.0476810568956484,-0.989411717006628,-0.0502871199565899,0,0,-1.6479946761832,-0.0433360702417192,-0.00156896826633781,0,0
10.46,1.6569626742646,0.00606483908916382,-0.0924221463469544,-0,0,0.037784601128507,-0.989861860528919,-0.039741584501511,0,0,-1.64842810938104,-0.0433499740270738,-0.00121178880460502,0,0
10.47,1.65701869980035,0.00514009327821081,-0.0925270158436456,-0,0,0.0278841712029172,-0.990206548696658,-0.0291960490464338,0,0,-1.64886166375776,-0.0433603060178113,-0.000854609342872309,0,0
10.48,1.65706547263451,0.00421429877229098,-0.0926318853403367,-0,0,0.0179808216724228,-0.990445781509847,-0.0186505135913568,0,0,-1.64929530359542,-0.0433670662139314,-0.000497429881139598,0,0
10.49,1.65710298228014,0.00328745557140424,-0.0927367548370278,-0,0,0.00807560709056925,-0.990579558968486,-0.00810497813627964,0,0,-1.64972899317606,-0.0433702546154341,-0.000140250419406888,0,0
10.5,1.65713121825029,0.00235956367555053,-0.092841624333719,-0,0,-0.00183041798909803,-0.990607881072573,0.00244055731879743,0,0,-1.65016269678174,-0.0433698712223195,0.000216929042325823,0,0
10.51,1.657150170058,0.00143062308472995,-0.0929464938304101,-0,0,-0.0117361990130334,-0.99053074782211,0.0129860927738745,0,0,-1.65059637869452,-0.0433659160345876,0.000574108504058534,0,0
10.52,1.65715982721633,0.000500633798942356,-0.0930513633271012,-0,0,-0.0216406814276913,-0.990348159217095,0.0235316282289516,0,0,-1.65103000319645,-0.0433583890522384,0.000931287965791245,0,0
10.53,1.65716017923833,-0.000430404181812263,-0.0931562328237923,-0,0,-0.0315428106795263,-0.99006011525753,0.0340771636840288,0,0,-1.65146353456959,-0.0433472902752717,0.00128846742752396,0,0
10.54,1.65715121563705,-0.00136249085753359,-0.0932611023204835,-0,0,-0.0414415322149929,-0.989666615943415,0.0446226991391058,0,0,-1.65189693709598,-0.043332619703688,0.00164564688925667,0,0
10.55,1.65713292592553,-0.00229562622822181,-0.0933659718171747,-0,0,-0.0513357914805474,-0.989167661274749,0.0551682345941847,0,0,-1.65233017505768,-0.0433143773374868,0.00200282635098946,0,0
10.56,1.65710529961683,-0.00322981029387711,-0.0934708413138658,-0,0,-0.0612245339226409,-0.988563251251531,0.0657137700492618,0,0,-1.65276321273675,-0.0432925631766681,0.00236000581272217,0,0
10.57,1.657068326224,-0.00416504305449925,-0.0935757108105569,-0,0,-0.0711067049877291,-0.987853385873763,0.0762593055043389,0,0,-1.65319601441523,-0.0432671772212323,0.00271718527445488,0,0
10.58,1.65702199526009,-0.0051013245100881,-0.093680580307248,-0,0,-0.080981250122267,-0.987038065141445,0.0868048409594161,0,0,-1.65362854437519,-0.043238219471179,0.00307436473618754,0,0
10.59,1.65696629623815,-0.00603865466064416,-0.0937854498039392,-0,0,-0.0908471147727092,-0.986117289054575,0.0973503764144931,0,0,-1.65406076689867,-0.0432056899265086,0.00343154419792025,0,0
10.6,1.65690121867123,-0.00697703350616701,-0.0938903193006303,-0,0,-0.10070324438551,-0.985091057613155,0.10789591186957,0,0,-1.65449264626774,-0.0431695885872205,0.00378872365965297,0,0
10.61,1.65682675207238,-0.00791646104665661,-0.0939951887973215,-0,0,-0.110548584407123,-0.983959370817184,0.118441447324647,0,0,-1.65492414676443,-0.0431299154533155,0.00414590312138567,0,0
10.62,1.65674288595465,-0.00885693728211343,-0.0941000582940126,-0,0,-0.120382080284005,-0.982722228666661,0.128986982779724,0,0,-1.65535523267082,-0.043086670524793,0.00450308258311838,0,0
10.63,1.65664960983109,-0.00979846221253706,-0.0942049277907037,-0,0,-0.130202677462609,-0.981379631161589,0.139532518234803,0,0,-1.65578586826895,-0.043039853801653,0.00486026204485123,0,0
10.64,1.65654691321475,-0.0107410358379277,-0.0943097972873948,-0,0,-0.140009321389389,-0.979931578301965,0.15007805368988,0,0,-1.65621601784087,-0.042989465283896,0.00521744150658394,0,0
10.65,1.65643478561868,-0.0116846581582851,-0.094414666784086,-0,0,-0.1498009575108,-0.978378070087791,0.160623589144957,0,0,-1.65664564566864,-0.0429355049715213,0.00557462096831665,0,0
10.66,1.65631321655593,-0.0126293291736091,-0.0945195362807771,-0,0,-0.159576531273296,-0.976719106519066,0.171169124600035,0,0,-1.65707471603432,-0.0428779728645294,0.00593180043004926,0,0
10.67,1.65618219553956,-0.0135750488839005,-0.0946244057774682,-0,0,-0.169334988123332,-0.974954687595791,0.181714660055112,0,0,-1.65750319321995,-0.0428168689629204,0.00628897989178207,0,0
10.68,1.6560417120826,-0.0145218172891587,-0.0947292752741595,-0,0,-0.179075273507363,-0.973084813317964,0.192260195510189,0,0,-1.6579310415076,-0.0427521932666939,0.00664615935351468,0,0
10.69,1.65589175569812,-0.0154696343893835,-0.0948341447708506,-0,0,-0.188796332871842,-0.971109483685587,0.202805730965266,0,0,-1.6583582251793,-0.0426839457758501,0.00700333881524749,0,0
10.7,1.65573231589917,-0.0164185001845755,-0.0949390142675416,-0,0,-0.198497111663226,-0.969028698698659,0.213351266420343,0,0,-1.65878470851713,-0.042612126490389,0.0073605182769801,0,0
10.71,1.65556338219878,-0.0173684146747345,-0.0950438837642328,-0,0,-0.208176555327969,-0.96684245835718,0.223896801875422,0,0,-1.65921045580313,-0.0425367354103103,0.00771769773871294,0,0
10.72,1.65538494411002,-0.0183193778598603,-0.0951487532609239,-0,0,-0.217833609312522,-0.96455076266115,0.234442337330499,0,0,-1.65963543131936,-0.0424577725356148,0.00807487720044555,0,0
10.73,1.65519699114594,-0.0192713897399531,-0.0952536227576151,-0,0,-0.227467219063343,-0.96215361161057,0.244987872785576,0,0,-1.66005959934786,-0.0423752378663016,0.00843205666217837,0,0
10.74,1.65499951281957,-0.0202244503150127,-0.0953584922543062,-0,0,-0.237076330026885,-0.959651005205439,0.255533408240653,0,0,-1.6604829241707,-0.0422891314023709,0.00878923612391097,0,0
10.75,1.65479249864399,-0.0211785595850391,-0.0954633617509973,-0,0,-0.246659887649602,-0.957042943445757,0.26607894369573,0,0,-1.66090537006993,-0.0421994531438232,0.00914641558564379,0,0
10.76,1.65457593813222,-0.0221337175500324,-0.0955682312476884,-0,0,-0.256216837377951,-0.954329426331524,0.276624479150808,0,0,-1.66132690132759,-0.0421062030906583,0.0095035950473766,0,0
10.77,1.65434982079733,-0.0230899242099929,-0.0956731007443795,-0,0,-0.265746124658384,-0.951510453862741,0.287170014605885,0,0,-1.66174748222576,-0.0420093812428757,0.00986077450910921,0,0
10.78,1.65411413615237,-0.0240471795649199,-0.0957779702410708,-0,0,-0.275246694937357,-0.948586026039407,0.297715550060962,0,0,-1.66216707704647,-0.041908987600476,0.010217953970842,0,0
10.79,1.65386887371039,-0.0250054836148143,-0.0958828397377619,-0,0,-0.284717493661323,-0.945556142861522,0.308261085516038,0,0,-1.66258565007178,-0.0418050221634591,0.0105751334325746,0,0
10.8,1.65361402298443,-0.0259648363596753,-0.095987709234453,-0,0,-0.29415746627674,-0.942420804329085,0.318806620971118,0,0,-1.66300316558376,-0.0416974849318246,0.0109323128943075,0,0
10.81,1.65334957348754,-0.0269252377995034,-0.0960925787311441,-0,0,-0.303565558230058,-0.939180010442099,0.329352156426195,0,0,-1.66341958786444,-0.0415863759055728,0.0112894923560403,0,0
10.82,1.65307551473279,-0.0278866879342983,-0.0961974482278352,-0,0,-0.312940714967733,-0.935833761200562,0.339897691881272,0,0,-1.66383488119589,-0.0414716950847038,0.0116466718177727,0,0
10.83,1.65279183623321,-0.0288491867640601,-0.0963023177245263,-0,0,-0.32228188193622,-0.932382056604473,0.350443227336349,0,0,-1.66424900986015,-0.0413534424692173,0.0120038512795055,0,0
10.84,1.65249852750186,-0.0298127342887888,-0.0964071872212174,-0,0,-0.331588004581974,-0.928824896653835,0.360988762791426,0,0,-1.66466193813929,-0.0412316180591137,0.0123610307412383,0,0
10.85,1.65219557805178,-0.0307773305084843,-0.0965120567179089,-0,0,-0.340858028351448,-0.925162281348646,0.371534298246503,0,0,-1.66507363031535,-0.0411062218543926,0.0127182102029711,0,0
10.86,1.65188297739604,-0.0317429754231469,-0.0966169262146,-0,0,-0.350090898691097,-0.921394210688905,0.38207983370158,0,0,-1.66548405067039,-0.0409772538550543,0.0130753896647035,0,0
10.87,1.65156071504767,-0.0327096690327763,-0.0967217957112911,-0,0,-0.359285561047377,-0.917520684674614,0.392625369156657,0,0,-1.66589316348647,-0.0408447140610985,0.0134325691264363,0,0
10.88,1.65122878051973,-0.0336774113373729,-0.0968266652079822,-0,0,-0.368440960866742,-0.913541703305771,0.403170904611736,0,0,-1.66630093304563,-0.0407086024725254,0.0137897485881692,0,0
10.89,1.65088716332527,-0.034646202336936,-0.0969315347046733,-0,0,-0.377556043595645,-0.909457266582379,0.413716440066813,0,0,-1.66670732362994,-0.0405689190893351,0.014146928049902,0,0
10.9,1.65053585297734,-0.0356160420314662,-0.0970364042013644,-0,0,-0.386629754680541,-0.905267374504435,0.42426197552189,0,0,-1.66711229952144,-0.0404256639115275,0.0145041075116344,0,0
10.91,1.65017483898899,-0.0365869304209633,-0.0971412736980554,-0,0,-0.395661039567885,-0.900972027071941,0.434807510976967,0,0,-1.66751582500219,-0.0402788369391024,0.0148612869733672,0,0
10.92,1.64980411087327,-0.0375588675054273,-0.0972461431947465,-0,0,-0.404648843704131,-0.896571224284896,0.445353046432045,0,0,-1.66791786435424,-0.0401284381720601,0.0152184664351,0,0
10.93,1.64942365814323,-0.0385318532848581,-0.0973510126914376,-0,0,-0.413592112535734,-0.8920649661433,0.455898581887122,0,0,-1.66831838185965,-0.0399744676104005,0.0155756458968328,0,0
10.94,1.64903347031193,-0.039505887759256,-0.0974558821881287,-0,0,-0.422489791509148,-0.887453252647154,0.466444117342199,0,0,-1.66871734180046,-0.0398169252541235,0.0159328253585653,0,0
10.95,1.6486335368924,-0.0404809709286208,-0.0975607516848202,-0,0,-0.431340826070828,-0.882736083796457,0.476989652797276,0,0,-1.66911470845875,-0.0396558111032291,0.0162900048202981,0,0
10.96,1.6482238473977,-0.0414571027929525,-0.0976656211815113,-0,0,-0.44014416166723,-0.877913459591208,0.487535188252355,0,0,-1.66951044611655,-0.0394911251577175,0.0166471842820309,0,0
10.97,1.64780439134089,-0.0424342833522511,-0.0977704906782024,-0,0,-0.448898743744805,-0.872985380031409,0.498080723707432,0,0,-1.66990451905592,-0.0393228674175885,0.0170043637437637,0,0
10.98,1.64737515823501,-0.0434125126065166,-0.0978753601748935,-0,0,-0.457603517750009,-0.867951845117059,0.508626259162509,0,0,-1.67029689155892,-0.0391510378828421,0.0173615432054961,0,0
10.99,1.64693613759311,-0.0443917905557489,-0.0979802296715846,-0,0,-0.466257429129298,-0.862812854848159,0.519171794617586,0,0,-1.67068752790759,-0.0389756365534786,0.0177187226672289,0,0
11,1.64648731892824,-0.0453721171999482,-0.0980850991682757,-0,0,-0.474859423329124,-0.857568409224707,0.529717330072663,0,0,-1.671076392384,-0.0387966634294976,0.0180759021289617,0,0
11.01,1.64602869175346,-0.0463534925391145,-0.0981899686649668,-0,0,-0.483408445795943,-0.852218508246706,0.54026286552774,0,0,-1.6714634492702,-0.0386141185108994,0.0184330815906946,0,0
11.02,1.64556024558181,-0.0473359165732474,-0.0982948381616579,-0,0,-0.491903441976209,-0.846763151914153,0.550808400982818,0,0,-1.67184866284824,-0.0384280017976838,0.0187902610524274,0,0
11.03,1.64508196992635,-0.0483193893023476,-0.098399707658349,-0,0,-0.500343357316377,-0.841202340227049,0.561353936437895,0,0,-1.67223199740017,-0.0382383132898508,0.0191474405141598,0,0
11.04,1.64459385430011,-0.0493039107264145,-0.0985045771550401,-0,0,-0.508727137262901,-0.835536073185395,0.571899471892972,0,0,-1.67261341720805,-0.0380450529874006,0.0195046199758926,0,0
11.05,1.64409588821617,-0.0502894808454484,-0.0986094466517312,-0,0,-0.517053727262237,-0.82976435078919,0.582445007348051,0,0,-1.67299288655394,-0.0378482208903329,0.0198617994376254,0,0
11.06,1.64358806118756,-0.0512760996594492,-0.0987143161484227,-0,0,-0.525322072760837,-0.823887173038434,0.592990542803128,0,0,-1.67337036971988,-0.0376478169986481,0.0202189788993582,0,0
11.07,1.64307036272733,-0.0522637671684169,-0.0988191856451138,-0,0,-0.533531119205157,-0.817904539933127,0.603536078258205,0,0,-1.67374583098793,-0.0374438413123457,0.0205761583610907,0,0
11.08,1.64254278234854,-0.0532524833723514,-0.0989240551418049,-0,0,-0.541679812041651,-0.81181645147327,0.614081613713282,0,0,-1.67411923464014,-0.0372362938314262,0.0209333378228235,0,0
11.09,1.64200530956423,-0.0542422482712529,-0.099028924638496,-0,0,-0.549767096716774,-0.805622907658862,0.624627149168359,0,0,-1.67449054495858,-0.0370251745558893,0.0212905172845563,0,0
11.1,1.64145793388746,-0.0552330618651213,-0.099133794135187,-0,0,-0.55779191867698,-0.799323908489903,0.635172684623436,0,0,-1.67485972622528,-0.0368104834857351,0.0216476967462891,0,0
11.11,1.64090064483128,-0.0562249241539566,-0.0992386636318781,-0,0,-0.565753223368723,-0.792919453966393,0.645718220078513,0,0,-1.67522674272231,-0.0365922206209635,0.0220048762080215,0,0
11.12,1.64033343190873,-0.0572178351377588,-0.0993435331285692,-0,0,-0.573649956238458,-0.786409544088333,0.656263755533591,0,0,-1.67559155873172,-0.0363703859615747,0.0223620556697547,0,0
11.13,1.63975628463287,-0.0582117948165282,-0.0994484026252604,-0,0,-0.581481062732642,-0.779794178855721,0.666809290988669,0,0,-1.67595413853556,-0.0361449795075684,0.0227192351314868,0,0
11.14,1.63916919251675,-0.0592068031902642,-0.0995532721219514,-0,0,-0.589245488297726,-0.773073358268558,0.677354826443746,0,0,-1.67631444641589,-0.0359160012589449,0.0230764145932196,0,0
11.15,1.63857214507342,-0.0602028602589672,-0.0996581416186425,-0,0,-0.596942178380165,-0.766247082326846,0.687900361898823,0,0,-1.67667244665476,-0.035683451215704,0.0234335940549524,0,0
11.16,1.63796513181592,-0.061199966022637,-0.0997630111153336,-0,0,-0.604570078426414,-0.759315351030583,0.6984458973539,0,0,-1.67702810353422,-0.0354473293778459,0.0237907735166852,0,0
11.17,1.63734814225732,-0.0621981204812737,-0.0998678806120247,-0,0,-0.612128133882927,-0.752278164379768,0.708991432808977,0,0,-1.67738138133633,-0.0352076357453704,0.024147952978418,0,0
11.18,1.63672116591065,-0.0631973236348775,-0.0999727501087158,-0,0,-0.61961529019616,-0.745135522374403,0.719536968264055,0,0,-1.67773224434314,-0.0349643703182775,0.0245051324401508,0,0
11.19,1.63608419228897,-0.0641975754834481,-0.100077619605407,-0,0,-0.627030492812567,-0.737887425014488,0.730082503719132,0,0,-1.67808065683671,-0.0347175330965674,0.0248623119018836,0,0
11.2,1.63543721090533,-0.0651988760269856,-0.100182489102099,-0,0,-0.634372687178601,-0.730533872300021,0.740628039174209,0,0,-1.67842658309909,-0.0344671240802399,0.0252194913636164,0,0
11.21,1.63478021127278,-0.0662012252654901,-0.10028735859879,-0,0,-0.64164081874072,-0.723074864231002,0.751173574629287,0,0,-1.67876998741234,-0.034213143269295,0.0255766708253485,0,0
11.22,1.63411318290437,-0.0672046231989615,-0.100392228095481,-0,0,-0.648833832945374,-0.715510400807434,0.761719110084365,0,0,-1.6791108340585,-0.0339555906637328,0.0259338502870813,0,0
11.23,1.63343611531315,-0.0682090698273997,-0.100497097592172,-0,0,-0.655950675239019,-0.707840482029316,0.772264645539442,0,0,-1.67944908731963,-0.0336944662635534,0.0262910297488141,0,0
11.24,1.63274899801217,-0.0692145651508049,-0.100601967088863,-0,0,-0.662990291068111,-0.700065107896645,0.782810180994519,0,0,-1.67978471147779,-0.0334297700687566,0.0266482092105469,0,0
11.25,1.63205182051448,-0.0702211091691769,-0.100706836585554,-0,0,-0.669951625879104,-0.692184278409425,0.793355716449596,0,0,-1.68011767081502,-0.0331615020793424,0.0270053886722797,0,0
11.26,1.63134445304466,-0.0712644884263021,-0.10796901483948,-0,0,-0.676833881568245,-0.684274928505776,0.788514264280312,-0,0,-1.68044794174468,-0.03289330168111,0.0266346909742103,-0,0
11.27,1.63062628867335,-0.0723804894659665,-0.115231193093405,-0,0,-0.683637285830958,-0.676413993123819,0.783672812111028,-0,0,-1.68077554920523,-0.0326288082598582,0.0262639932761406,-0,0
11.28,1.62989660118273,-0.0735691122881702,-0.122493371347331,-0,0,-0.69036232281246,-0.668601472263556,0.778831359941745,-0,0,-1.68110053026646,-0.0323680218155872,0.0258932955780717,-0,0
11.29,1.62915466435498,-0.0748303568929131,-0.129755549601256,-0,0,-0.697009476657968,-0.660837365924985,0.773989907772461,-0,0,-1.68142292199814,-0.0321109423482968,0.025522597880002,-0,0
11.3,1.62839975197226,-0.0761642232801954,-0.137017727855182,-0,0,-0.703579231512699,-0.653121674108105,0.769148455603176,-0,0,-1.68174276147002,-0.0318575698579871,0.0251519001819326,-0,0
11.31,1.62763113781677,-0.0775707114500169,-0.144279906109108,-0,0,-0.71007207152187,-0.64545439681292,0.764307003433893,-0,0,-1.68206008575189,-0.0316079043446581,0.0247812024838638,-0,0
11.32,1.62684809567066,-0.0790498214023776,-0.151542084363034,-0,0,-0.716488480830696,-0.637835534039428,0.759465551264609,-0,0,-1.6823749319135,-0.0313619458083098,0.0244105047857941,-0,0
11.33,1.62604989931611,-0.0806015531372775,-0.158804262616959,-0,0,-0.722828943584397,-0.630265085787629,0.754624099095325,-0,0,-1.68268733702464,-0.0311196942489422,0.0240398070877252,-0,0
11.34,1.6252358225353,-0.0822259066547167,-0.166066440870885,-0,0,-0.729093943928188,-0.622743052057522,0.749782646926042,-0,0,-1.68299733815507,-0.0308811496665553,0.0236691093896555,-0,0
11.35,1.62440513911041,-0.0839228819546951,-0.173328619124811,-0,0,-0.735283966007286,-0.615269432849108,0.744941194756758,-0,0,-1.68330497237456,-0.0306463120611491,0.0232984116915858,-0,0
11.36,1.6235571228236,-0.0856924790372128,-0.180590797378736,-0,0,-0.741399493966909,-0.607844228162387,0.740099742587474,-0,0,-1.68361027675288,-0.0304151814327237,0.0229277139935169,-0,0
11.37,1.62269104745705,-0.0875346979022698,-0.187852975632661,-0,0,-0.747441011952272,-0.600467437997359,0.735258290418191,-0,0,-1.68391328835981,-0.0301877577812788,0.0225570162954472,-0,0
11.38,1.62180618679295,-0.0894495385498663,-0.195115153886588,-0,0,-0.753409004108595,-0.593139062354022,0.730416838248907,-0,0,-1.6842140442651,-0.0299640411068147,0.0221863185973778,-0,0
11.39,1.62090181461345,-0.0914370009800017,-0.202377332140513,-0,0,-0.759303954581092,-0.58585910123238,0.725575386079623,-0,0,-1.68451258153853,-0.0297440314093312,0.0218156208993089,-0,0
11.4,1.61997720470074,-0.0934970851926765,-0.209639510394439,-0,0,-0.765126347514982,-0.57862755463243,0.720733933910339,-0,0,-1.68480893724988,-0.0295277286888285,0.0214449232012392,-0,0
11.41,1.61903163083699,-0.0956297911878905,-0.216901688648364,-0,0,-0.77087666705548,-0.571444422554173,0.715892481741056,-0,0,-1.6851031484689,-0.0293151329453065,0.0210742255031699,-0,0
11.42,1.61806436680437,-0.0978351189656437,-0.224163866902289,-0,0,-0.776555397347804,-0.564309704997609,0.711051029571772,-0,0,-1.68539525226537,-0.0291062441787652,0.0207035278051006,-0,0
11.43,1.61707468638506,-0.100113068525936,-0.231426045156215,-0,0,-0.782163022537171,-0.557223401962738,0.706209577402488,-0,0,-1.68568528570906,-0.0289010623892045,0.0203328301070313,-0,0
11.44,1.61606186336124,-0.102463639868768,-0.23868822341014,-0,0,-0.787700026768797,-0.55018551344956,0.701368125233205,-0,0,-1.68597328586975,-0.0286995875766245,0.019962132408962,-0,0
11.45,1.61502517151508,-0.104886832994139,-0.245950401664066,-0,0,-0.793166894187901,-0.543196039458074,0.696526673063921,-0,0,-1.68625928981719,-0.0285018197410253,0.0195914347108928,-0,0
11.46,1.61396388462875,-0.107382647902049,-0.253212579917993,-0,0,-0.798564108939699,-0.53625497998828,0.691685220894637,-0,0,-1.68654333462116,-0.0283077588824067,0.0192207370128234,-0,0
11.47,1.61287727648443,-0.109951084592499,-0.260474758171918,-0,0,-0.803892155169406,-0.52936233504018,0.686843768725353,-0,0,-1.68682545735143,-0.0281174050007688,0.0188500393147537,-0,0
11.48,1.61176462086429,-0.112592143065488,-0.267736936425844,-0,0,-0.809151517022241,-0.522518104613773,0.682002316556069,-0,0,-1.68710569507776,-0.0279307580961116,0.0184793416166844,-0,0
11.49,1.61062519155051,-0.115305823321016,-0.274999114679769,-0,0,-0.81434267864342,-0.515722288709059,0.677160864386786,-0,0,-1.68738408486994,-0.027747818168435,0.0181086439186151,-0,0
11.5,1.60945826232526,-0.118092125359083,-0.282261292933695,-0,0,-0.819466124178161,-0.508974887326038,0.672319412217502,-0,0,-1.68766066379772,-0.0275685852177393,0.0177379462205458,-0,0
11.51,1.60826310697072,-0.12095104917969,-0.28952347118762,-0,0,-0.82452233777168,-0.50227590046471,0.667477960048219,-0,0,-1.68793546893088,-0.0273930592440242,0.0173672485224765,-0,0
11.52,1.60703899926906,-0.123882594782835,-0.296785649441545,-0,0,-0.829511803569194,-0.495625328125074,0.662636507878935,-0,0,-1.68820853733919,-0.0272212402472898,0.0169965508244072,-0,0
11.53,1.60578521300246,-0.12688676216852,-0.304047827695471,-0,0,-0.83443500571592,-0.489023170307131,0.657795055709651,-0,0,-1.68847990609242,-0.027053128227536,0.0166258531263379,-0,0
11.54,1.60450102195308,-0.129963551336745,-0.311310005949396,-0,0,-0.839292428357075,-0.482469427010881,0.652953603540368,-0,0,-1.68874961226033,-0.026888723184763,0.0162551554282682,-0,0
11.55,1.60318569990311,-0.133112962287509,-0.318572184203323,-0,0,-0.844084555637877,-0.475964098236323,0.648112151371083,-0,0,-1.6890176929127,-0.0267280251189707,0.0158844577301988,-0,0
11.56,1.60183852063473,-0.136334995020812,-0.325834362457248,-0,0,-0.848811871703541,-0.469507183983459,0.6432706992018,-0,0,-1.6892841851193,-0.026571034030159,0.0155137600321295,-0,0
11.57,1.60045875793009,-0.139629649536653,-0.333096540711174,-0,0,-0.853474860699285,-0.463098684252287,0.638429247032516,-0,0,-1.6895491259499,-0.0264177499183281,0.0151430623340602,-0,0
11.58,1.59904568557138,-0.142996925835035,-0.340358718965099,-0,0,-0.858074006770326,-0.456738599042809,0.633587794863232,-0,0,-1.68981255247426,-0.0262681727834777,0.014772364635991,-0,0
11.59,1.59759857734078,-0.146436823915955,-0.347620897219025,-0,0,-0.86260979406188,-0.450426928355023,0.628746342693949,-0,0,-1.69007450176216,-0.0261223026256082,0.0144016669379217,-0,0
11.6,1.59611670702046,-0.149949343779415,-0.35488307547295,-0,0,-0.867082706719165,-0.44416367218893,0.623904890524665,-0,0,-1.69033501088336,-0.0259801394447194,0.0140309692398524,-0,0
11.61,1.59459934839258,-0.153534485425414,-0.362145253726876,-0,0,-0.871493228887398,-0.43794883054453,0.619063438355381,-0,0,-1.69059411690764,-0.0258416832408112,0.0136602715417831,-0,0
11.62,1.59304577523934,-0.157192248853952,-0.369407431980801,-0,0,-0.875841844711795,-0.431782403421823,0.614221986186098,-0,0,-1.69085185690477,-0.0257069340138837,0.0132895738437138,-0,0
11.63,1.5914552613429,-0.160922634065031,-0.376669610234728,-0,0,-0.880129038337574,-0.425664390820807,0.609380534016813,-0,0,-1.69110826794451,-0.0255758917639369,0.012918876145644,-0,0
11.64,1.58982708048543,-0.164725641058648,-0.383931788488653,-0,0,-0.88435529390995,-0.419594792741486,0.60453908184753,-0,0,-1.69136338709663,-0.0254485564909708,0.0125481784475747,-0,0
11.65,1.58816050644912,-0.168601269834804,-0.391193966742578,-0,0,-0.888521095574142,-0.413573609183857,0.599697629678246,-0,0,-1.69161725143092,-0.0253249281949854,0.0121774807495054,-0,0
11.66,1.58645481301613,-0.172549520393499,-0.398456144996504,-0,0,-0.892626927475366,-0.407600840147921,0.594856177508962,-0,0,-1.69186989801712,-0.0252050068759807,0.0118067830514361,-0,0
11.67,1.58470927396864,-0.176570392734734,-0.405718323250429,-0,0,-0.896673273758839,-0.401676485633678,0.590014725339679,-0,0,-1.69212136392503,-0.0250887925339568,0.0114360853533668,-0,0
11.68,1.58292316308882,-0.180663886858507,-0.412980501504355,-0,0,-0.900660618569778,-0.395800545641128,0.585173273170395,-0,0,-1.69237168622439,-0.0249762851689132,0.0110653876552975,-0,0
11.69,1.58109575415886,-0.184830002764821,-0.42024267975828,-0,0,-0.904589446053401,-0.38997302017027,0.580331821001112,-0,0,-1.69262090198499,-0.0248674847808507,0.0106946899572282,-0,0
11.7,1.57922632096092,-0.189068740453673,-0.427504858012206,-0,0,-0.908460240354923,-0.384193909221105,0.575490368831828,-0,0,-1.6928690482766,-0.0247623913697689,0.010323992259159,-0,0
11.71,1.57731413727718,-0.193380099925065,-0.434767036266132,-0,0,-0.912273485619562,-0.378463212793633,0.570648916662544,-0,0,-1.69311616216898,-0.0246610049356674,0.00995329456108935,-0,0
11.72,1.57535847688981,-0.197764081178996,-0.442029214520058,-0,0,-0.916029665992535,-0.372780930887854,0.56580746449326,-0,0,-1.6933622807319,-0.0245633254785469,0.00958259686302006,-0,0
11.73,1.57335861358099,-0.202220684215466,-0.449291392773983,-0,0,-0.919729265619058,-0.367147063503768,0.560966012323976,-0,0,-1.69360744103514,-0.0244693529984071,0.00921189916495077,-0,0
11.74,1.57131382113289,-0.206749909034475,-0.456553571027909,-0,0,-0.923372768644349,-0.361561610641375,0.556124560154693,-0,0,-1.69385168014846,-0.024379087495248,0.00884120146688128,-0,0
11.75,1.56922337332769,-0.211351755636024,-0.463815749281834,-0,0,-0.926960659213624,-0.356024572300674,0.551283107985409,-0,0,-1.69409503514164,-0.0242925289690695,0.00847050376881199,-0,0
11.76,1.56708654394756,-0.216026224020112,-0.47107792753576,-0,0,-0.930493421472101,-0.350535948481667,0.546441655816125,-0,0,-1.69433754308443,-0.0242096774198718,0.0080998060707427,-0,0
11.77,1.56490260677468,-0.220773314186739,-0.478340105789685,-0,0,-0.933971539564997,-0.345095739184352,0.541600203646842,-0,0,-1.69457924104662,-0.0241305328476547,0.00772910837267321,-0,0
11.78,1.56267083559122,-0.225593026135906,-0.485602284043611,-0,0,-0.937395497637527,-0.33970394440873,0.536758751477558,-0,0,-1.69482016609798,-0.0240550952524183,0.00735841067460392,-0,0
11.79,1.56039050417935,-0.230485359867611,-0.492864462297536,-0,0,-0.94076577983491,-0.334360564154801,0.531917299308275,-0,0,-1.69506035530826,-0.0239833646341626,0.00698771297653462,-0,0
11.8,1.55806088632126,-0.235450315381857,-0.500126640551463,-0,0,-0.944082870302363,-0.329065598422564,0.52707584713899,-0,0,-1.69529984574725,-0.0239153409928877,0.00661701527846522,-0,0
11.81,1.55568125579911,-0.240487892678641,-0.507388818805388,-0,0,-0.947347253185101,-0.32381904721202,0.522234394969706,-0,0,-1.69553867448471,-0.0238510243285933,0.00624631758039593,-0,0
11.82,1.55325088639508,-0.245598091757964,-0.514650997059314,-0,0,-0.950559412628342,-0.31862091052317,0.517392942800423,-0,0,-1.69577687859041,-0.0237904146412797,0.00587561988232644,-0,0
11.83,1.55076905189134,-0.250780912619827,-0.521913175313239,-0,0,-0.953719832777303,-0.313471188356012,0.512551490631139,-0,0,-1.69601449513413,-0.0237335119309467,0.00550492218425715,-0,0
11.84,1.54823502607007,-0.256036355264229,-0.529175353567165,-0,0,-0.956828997777201,-0.308369880710547,0.507710038461856,-0,0,-1.69625156118562,-0.0236803161975947,0.00513422448618786,-0,0
11.85,1.54564808271345,-0.26136441969117,-0.53643753182109,-0,0,-0.959887391773253,-0.303316987586775,0.502868586292572,-0,0,-1.69648811381467,-0.023630827441223,0.00476352678811857,-0,0
11.86,1.54300749560364,-0.26676510590065,-0.543699710075015,-0,0,-0.962895498910675,-0.298312508984696,0.498027134123288,-0,0,-1.69672419009103,-0.023585045661832,0.00439282909004918,-0,0
11.87,1.54031253852282,-0.27223841389267,-0.550961888328941,-0,0,-0.965853803334686,-0.29335644490431,0.493185681954005,-0,0,-1.69695982708449,-0.0235429708594221,0.00402213139197979,-0,0
11.88,1.53756248525318,-0.27778434366723,-0.558224066582868,-0,0,-0.968762789190501,-0.288448795345615,0.48834422978472,-0,0,-1.69719506186481,-0.0235046030339925,0.00365143369391038,-0,0
11.89,1.53475660957687,-0.283402895224328,-0.565486244836793,-0,0,-0.971622940623337,-0.283589560308615,0.483502777615437,-0,0,-1.69742993150176,-0.0234699421855439,0.00328073599584099,-0,0
11.9,1.53189418527608,-0.289094068563966,-0.572748423090718,-0,0,-0.974434741778412,-0.278778739793307,0.478661325446153,-0,0,-1.69766447306511,-0.0234389883140756,0.0029100382977717,-0,0
11.91,1.52897448613298,-0.294857863686143,-0.580010601344644,-0,0,-0.977198676800942,-0.274016333799692,0.473819873276869,-0,0,-1.69789872362463,-0.0234117414195884,0.00253934059970231,-0,0
11.92,1.52599678592975,-0.300694280590859,-0.587272779598569,-0,0,-0.979915229836145,-0.26930234232777,0.468978421107586,-0,0,-1.6981327202501,-0.0233882015020818,0.00216864290163302,-0,0
11.93,1.52296035844856,-0.306603319278113,-0.594534957852495,-0,0,-0.982584885029236,-0.26463676537754,0.464136968938302,-0,0,-1.69836650001127,-0.0233683685615557,0.00179794520356368,-0,0
11.94,1.51986447747158,-0.312584979747908,-0.60179713610642,-0,0,-0.985208126525434,-0.260019602949004,0.459295516769019,-0,0,-1.69860009997792,-0.0233522425980105,0.00142724750549429,-0,0
11.95,1.51670841678099,-0.318639262000242,-0.609059314360346,-0,0,-0.987785438469955,-0.25545085504216,0.454454064599735,-0,0,-1.69883355721982,-0.0233398236114459,0.00105654980742495,-0,0
11.96,1.51349145015897,-0.324766166035116,-0.616321492614272,-0,0,-0.990317305008017,-0.250930521657009,0.44961261243045,-0,0,-1.69906690880674,-0.023331111601862,0.000685852109355542,-0,0
11.97,1.51021285138768,-0.330965691852528,-0.623583670868198,-0,0,-0.992804210284835,-0.246458602793551,0.444771160261167,-0,0,-1.69930019180844,-0.0233261065692588,0.000315154411286201,-0,0
11.98,1.50687189424931,-0.33723783945248,-0.630845849122123,-0,0,-0.995246638445627,-0.242035098451785,0.439929708091883,-0,0,-1.69953344329471,-0.0233248085136361,-5.55432867831395e-05,-0,0
11.99,1.50346785252602,-0.34358260883497,-0.638108027376049,-0,0,-0.99764507363561,-0.237660008631713,0.4350882559226,-0,0,-1.69976670033531,-0.0233272174349945,-0.00042624098485248,-0,0
12,1.5,-0.35,-0.645370205629974,-0,0,-1,-0.233333333333334,0.430246803753316,-0,0,-1.7,-0.0233333333333334,-0.000796938682921821,-0,0
12.01,1.49646761045341,-0.35649001294757,-0.6526323838839,-0,0,-1.00231190168401,-0.229055072556647,0.425405351584032,-0,0,-1.70023337935856,-0.023343156208653,-0.00116763638099116,-0,0
12.02,1.49286995766844,-0.363052647677678,-0.659894562137825,-0,0,-1.00458126283287,-0.224825226301653,0.420563899414749,-0,0,-1.70046687548076,-0.023356686060953,-0.0015383340790605,-0,0
12.03,1.48920631542725,-0.369687904190326,-0.66715674039175,-0,0,-1.00680856759179,-0.220643794568352,0.415722447245465,-0,0,-1.70070052543637,-0.0233739228902341,-0.00190903177712984,-0,0
12.04,1.48547595751203,-0.376395782485513,-0.674418918645676,-0,0,-1.00899430010598,-0.216510777356744,0.410880995076181,-0,0,-1.70093436629516,-0.0233948666964957,-0.00227972947519918,-0,0
12.05,1.48167815770493,-0.38317628256324,-0.681681096899603,-0,0,-1.01113894452066,-0.212426174666828,0.406039542906897,-0,0,-1.70116843512689,-0.023419517479738,-0.00265042717326859,-0,0
12.06,1.47781218978815,-0.390029404423506,-0.688943275153528,-0,0,-1.01324298498105,-0.208389986498605,0.401198090737613,-0,0,-1.70140276900134,-0.0234478752399611,-0.00302112487133793,-0,0
12.07,1.47387732754386,-0.39695514806631,-0.696205453407453,-0,0,-1.01530690563237,-0.204402212852076,0.39635663856833,-0,0,-1.70163740498828,-0.0234799399771647,-0.00339182256940732,-0,0
12.08,1.46987284475422,-0.403953513491654,-0.703467631661379,-0,0,-1.01733119061983,-0.200462853727239,0.391515186399046,-0,0,-1.70187238015748,-0.0235157116913493,-0.00376252026747666,-0,0
12.09,1.46579801520141,-0.411024500699538,-0.710729809915304,-0,0,-1.01931632408866,-0.196571909124095,0.386673734229763,-0,0,-1.7021077315787,-0.0235551903825144,-0.00413321796554595,-0,0
12.1,1.46165211266762,-0.41816810968996,-0.71799198816923,-0,0,-1.02126279018405,-0.192729379042644,0.381832282060479,-0,0,-1.70234349632172,-0.02359837605066,-0.00450391566361534,-0,0
12.11,1.45743441093501,-0.425384340462922,-0.725254166423155,-0,0,-1.02317107305125,-0.188935263482886,0.376990829891195,-0,0,-1.7025797114563,-0.0236452686957866,-0.00487461336168463,-0,0
12.12,1.45314418378575,-0.432673193018423,-0.732516344677081,-0,0,-1.02504165683545,-0.18518956244482,0.372149377721912,-0,0,-1.70281641405222,-0.0236958683178938,-0.00524531105975402,-0,0
12.13,1.44878070500203,-0.440034667356465,-0.739778522931007,-0,0,-1.02687502568188,-0.181492275928447,0.367307925552627,-0,0,-1.70305364117925,-0.0237501749169818,-0.00561600875782343,-0,0
12.14,1.44434324836601,-0.447468763477044,-0.747040701184933,-0,0,-1.02867166373576,-0.177843403933767,0.362466473383344,-0,0,-1.70329142990715,-0.0238081884930502,-0.00598670645589282,-0,0
12.15,1.43983108765988,-0.454975481380163,-0.754302879438858,-0,0,-1.0304320551423,-0.17424294646078,0.35762502121406,-0,0,-1.7035298173057,-0.0238699090460995,-0.00635740415396221,-0,0
12.16,1.4352434966658,-0.462554821065821,-0.761565057692784,-0,0,-1.03215668404671,-0.170690903509486,0.352783569044776,-0,0,-1.70376884044466,-0.0239353365761294,-0.0067281018520315,-0,0
12.17,1.43057974916595,-0.470206782534018,-0.768827235946709,-0,0,-1.03384603459423,-0.167187275079885,0.347942116875493,-0,0,-1.70400853639381,-0.0240044710831401,-0.00709879955010079,-0,0
12.18,1.42583911894251,-0.477931365784755,-0.776089414200635,-0,0,-1.03550059093005,-0.163732061171977,0.343100664706209,-0,0,-1.70424894222292,-0.0240773125671314,-0.00746949724817008,-0,0
12.19,1.42102087977765,-0.485728570818031,-0.78335159245456,-0,0,-1.0371208371994,-0.160325261785761,0.338259212536925,-0,0,-1.70449009500174,-0.0241538610281036,-0.00784019494623957,-0,0
12.2,1.41612430545354,-0.493598397633846,-0.790613770708485,-0,0,-1.0387072575475,-0.156966876921238,0.333417760367642,-0,0,-1.70473203180007,-0.0242341164660564,-0.00821089264430886,-0,0
12.21,1.41114866975237,-0.501540846232201,-0.797875948962412,-0,0,-1.04026033611957,-0.153656906578407,0.328576308198357,-0,0,-1.70497478968766,-0.0243180788809898,-0.00858159034237827,-0,0
12.22,1.40609324645629,-0.509555916613095,-0.805138127216338,-0,0,-1.04178055706081,-0.15039535075727,0.323734856029074,-0,0,-1.70521840573428,-0.0244057482729038,-0.00895228804044756,-0,0
12.23,1.4009573093475,-0.517643608776528,-0.812400305470263,-0,0,-1.04326840451645,-0.147182209457826,0.31889340385979,-0,0,-1.7054629170097,-0.0244971246417988,-0.00932298573851685,-0,0
12.24,1.39574013220815,-0.5258039227225,-0.819662483724189,-0,0,-1.04472436263171,-0.144017482680075,0.314051951690506,-0,0,-1.7057083605837,-0.0245922079876743,-0.00969368343658634,-0,0
12.25,1.39044098882044,-0.534036858451011,-0.826924661978114,-0,0,-1.04614891555179,-0.140901170424016,0.309210499521223,-0,0,-1.70595477352605,-0.0246909983105304,-0.0100643811346556,-0,0
12.26,1.38505915296652,-0.542342415962062,-0.834186840232039,-0,0,-1.04754254742193,-0.13783327268965,0.304369047351939,-0,0,-1.7062021929065,-0.0247934956103674,-0.0104350788327249,-0,0
12.27,1.37959389842859,-0.550720595255652,-0.841449018485965,-0,0,-1.04890574238732,-0.134813789476978,0.299527595182656,-0,0,-1.70645065579484,-0.0248996998871848,-0.0108057765307944,-0,0
12.28,1.3740444989888,-0.559171396331781,-0.84871119673989,-0,0,-1.05023898459321,-0.131842720785998,0.294686143013372,-0,0,-1.70670019926084,-0.0250096111409834,-0.0111764742288637,-0,0
12.29,1.36841022842934,-0.567694819190449,-0.855973374993816,-0,0,-1.05154275818478,-0.12892006661671,0.289844690844088,-0,0,-1.70695086037425,-0.0251232293717621,-0.011547171926933,-0,0
12.3,1.36269036053238,-0.576290863831658,-0.863235553247743,-0,0,-1.05281754730728,-0.126045826969115,0.285003238674804,-0,0,-1.70720267620486,-0.0252405545795221,-0.0119178696250026,-0,0
12.31,1.3568841690801,-0.584959530255405,-0.870497731501668,-0,0,-1.05406383610591,-0.123220001843214,0.28016178650552,-0,0,-1.70745568382243,-0.0253615867642623,-0.0122885673230719,-0,0
12.32,1.35099092785467,-0.593700818461691,-0.877759909755593,-0,0,-1.05528210872588,-0.120442591239005,0.275320334336237,-0,0,-1.70770992029674,-0.0254863259259835,-0.0126592650211412,-0,0
12.33,1.34500991063826,-0.602514728450517,-0.885022088009519,-0,0,-1.05647284931242,-0.117713595156489,0.270478882166953,-0,0,-1.70796542269754,-0.0256147720646851,-0.0130299627192105,-0,0
12.34,1.33894039121305,-0.611401260221881,-0.892284266263444,-0,0,-1.05763654201075,-0.115033013595666,0.26563742999767,-0,0,-1.70822222809462,-0.0257469251803675,-0.0134006604172798,-0,0
12.35,1.33278164336121,-0.620360413775785,-0.89954644451737,-0,0,-1.05877367096608,-0.112400846556536,0.260795977828386,-0,0,-1.70848037355774,-0.0258827852730307,-0.0137713581153491,-0,0
12.36,1.32653294086493,-0.629392189112228,-0.906808622771295,-0,0,-1.05988472032362,-0.109817094039098,0.255954525659102,-0,0,-1.70873989615667,-0.0260223523426746,-0.0141420558134183,-0,0
12.37,1.32019355750636,-0.638496586231211,-0.914070801025221,-0,0,-1.0609701742286,-0.107281756043354,0.251113073489819,-0,0,-1.70900083296118,-0.0261656263892991,-0.0145127535114876,-0,0
12.38,1.31376276706769,-0.647673605132734,-0.921332979279147,-0,0,-1.06203051682623,-0.104794832569302,0.246271621320534,-0,0,-1.70926322104105,-0.0263126074129043,-0.0148834512095574,-0,0
12.39,1.3072398433311,-0.656923245816795,-0.928595157533073,-0,0,-1.06306623226172,-0.102356323616943,0.24143016915125,-0,0,-1.70952709746603,-0.0264632954134903,-0.0152541489076267,-0,0
12.4,1.30062406007875,-0.666245508283395,-0.935857335786998,-0,0,-1.0640778046803,-0.0999662291862768,0.236588716981967,-0,0,-1.70979249930591,-0.0266176903910568,-0.015624846605696,-0,0
12.41,1.29391469109282,-0.675640392532534,-0.943119514040924,-0,0,-1.06506571822719,-0.0976245492773037,0.231747264812683,-0,0,-1.71005946363044,-0.0267757923456041,-0.0159955443037653,-0,0
12.42,1.28711101015549,-0.685107898564213,-0.950381692294849,-0,0,-1.06603045704759,-0.0953312838900234,0.2269058126434,-0,0,-1.71032802750941,-0.0269376012771321,-0.0163662420018346,-0,0
12.43,1.28021229104893,-0.694648026378431,-0.957643870548775,-0,0,-1.06697250528673,-0.0930864330244357,0.222064360474116,-0,0,-1.71059822801258,-0.0271031171856408,-0.0167369396999039,-0,0
12.44,1.27321780755531,-0.704260775975188,-0.9649060488027,-0,0,-1.06789234708982,-0.0908899966805411,0.217222908304832,-0,0,-1.71087010220971,-0.0272723400711301,-0.0171076373979732,-0,0
12.45,1.26612683345682,-0.713946147354485,-0.972168227056626,-0,0,-1.06879046660208,-0.0887419748583393,0.212381456135549,-0,0,-1.71114368717059,-0.0274452699336003,-0.0174783350960425,-0,0
12.46,1.25893864253561,-0.723704140516322,-0.979430405310552,-0,0,-1.06966734796872,-0.0866423675578299,0.207540003966264,-0,0,-1.71141901996497,-0.027621906773051,-0.0178490327941119,-0,0
12.47,1.25165250857388,-0.733534755460697,-0.986692583564478,-0,0,-1.07052347533497,-0.0845911747790136,0.202698551796981,-0,0,-1.71169613766264,-0.0278022505894826,-0.0182197304921816,-0,0
12.48,1.24426770535379,-0.743437992187611,-0.993954761818403,-0,0,-1.07135933284604,-0.0825883965218902,0.197857099627697,-0,0,-1.71197507733335,-0.0279863013828946,-0.0185904281902509,-0,0
12.49,1.23678350665752,-0.753413850697065,-1.00121694007233,-0,0,-1.07217540464715,-0.0806340327864598,0.193015647458413,-0,0,-1.71225587604689,-0.0281740591532876,-0.0189611258883201,-0,0
12.5,1.22919918626724,-0.763462330989057,-1.00847911832625,-0,0,-1.07297217488351,-0.078728083572722,0.18817419528913,-0,0,-1.71253857087301,-0.0283655239006611,-0.0193318235863894,-0,0
12.51,1.22151401796513,-0.773583433063589,-1.01574129658018,-0,0,-1.07375012770034,-0.0768705488806773,0.183332743119846,-0,0,-1.71282319888149,-0.0285606956250153,-0.0197025212844587,-0,0
12.52,1.21372727553336,-0.78377715692066,-1.0230034748341,-0,0,-1.07450974724286,-0.0750614287103254,0.178491290950563,-0,0,-1.7131097971421,-0.0287595743263503,-0.020073218982528,-0,0
12.53,1.20583823275411,-0.794043502560271,-1.03026565308803,-0,0,-1.07525151765629,-0.0733007230616661,0.173649838781279,-0,0,-1.71339840272461,-0.0289621600046659,-0.0204439166805973,-0,0
12.54,1.19784616340955,-0.80438246998242,-1.03752783134196,-0,0,-1.07597592308583,-0.0715884319346998,0.168808386611995,-0,0,-1.71368905269878,-0.0291684526599622,-0.020814614378667,-0,0
12.55,1.18975034128185,-0.814794059187111,-1.04479000959588,-0,0,-1.07668344767672,-0.0699245553294259,0.163966934442711,-0,0,-1.7139817841344,-0.0293784522922392,-0.0211853120767364,-0,0
12.56,1.1815500401532,-0.82527827017434,-1.05205218784981,-0,0,-1.07737457557416,-0.0683090932458454,0.159125482273427,-0,0,-1.71427663410122,-0.029592158901497,-0.0215560097748057,-0,0
12.57,1.17324453380576,-0.835835102944107,-1.05931436610373,-0,0,-1.07804979092338,-0.0667420456839574,0.154284030104144,-0,0,-1.71457363966902,-0.0298095724877353,-0.021926707472875,-0,0
12.58,1.16483309602171,-0.846464557496414,-1.06657654435766,-0,0,-1.07870957786958,-0.0652234126437625,0.14944257793486,-0,0,-1.71487283790756,-0.0300306930509544,-0.0222974051709443,-0,0
12.59,1.15631500058322,-0.85716663383126,-1.07383872261158,-0,0,-1.07935442055799,-0.0637531941252604,0.144601125765576,-0,0,-1.71517426588663,-0.0302555205911542,-0.0226681028690136,-0,0
12.6,1.14768952127247,-0.867941331948645,-1.08110090086551,-0,0,-1.07998480313382,-0.062331390128451,0.139759673596293,-0,0,-1.71547796067598,-0.0304840551083347,-0.0230388005670829,-0,0
12.61,1.13895593187164,-0.878788651848569,-1.08836307911943,-0,0,-1.0806012097423,-0.0609580006533346,0.134918221427009,-0,0,-1.71578395934538,-0.0307162966024958,-0.0234094982651526,-0,0
12.62,1.13011350616289,-0.889708593531033,-1.09562525737336,-0,0,-1.08120412452863,-0.059633025699911,0.130076769257725,-0,0,-1.71609229896462,-0.0309522450736377,-0.0237801959632215,-0,0
12.63,1.12116151792841,-0.900701156996038,-1.10288743562729,-0,0,-1.08179403163804,-0.05835646526818,0.125235317088441,-0,0,-1.71640301660345,-0.0311919005217604,-0.0241508936612908,-0,0
12.64,1.11209924095036,-0.91176634224358,-1.11014961388121,-0,0,-1.08237141521573,-0.0571283193581419,0.120393864919157,-0,0,-1.71671614933164,-0.0314352629468636,-0.0245215913593605,-0,0
12.65,1.10292594901093,-0.922904149273662,-1.11741179213514,-0,0,-1.08293675940694,-0.0559485879697968,0.115552412749874,-0,0,-1.71703173421897,-0.0316823323489476,-0.0248922890574294,-0,0
12.66,1.09364091589228,-0.934114578086283,-1.12467397038906,-0,0,-1.08349054835687,-0.0548172711031445,0.11071096058059,-0,0,-1.71734980833521,-0.0319331087280122,-0.0252629867554991,-0,0
12.67,1.08424341537659,-0.945397628681443,-1.13193614864299,-0,0,-1.08403326621074,-0.0537343687581849,0.105869508411307,-0,0,-1.71767040875012,-0.0321875920840575,-0.0256336844535688,-0,0
12.68,1.07473272124604,-0.956753301059142,-1.13919832689691,-0,0,-1.08456539711377,-0.0526998809349184,0.101028056242023,-0,0,-1.71799357253348,-0.0324457824170835,-0.0260043821516377,-0,0
12.69,1.0651081072828,-0.968181595219381,-1.14646050515084,-0,0,-1.08508742521118,-0.0517138076333447,0.0961866040727393,-0,0,-1.71831933675505,-0.0327076797270902,-0.0263750798497074,-0,0
12.7,1.05536884726905,-0.979682511162158,-1.15372268340477,-0,0,-1.08559983464818,-0.0507761488534636,0.0913451519034556,-0,0,-1.71864773848461,-0.0329732840140777,-0.0267457775477763,-0,0
12.71,1.04551421498695,-0.991256048887477,-1.16098486165869,-0,0,-1.08610310956999,-0.0498869045952753,0.0865036997341709,-0,0,-1.71897881479193,-0.0332425952780458,-0.0271164752458457,-0,0
12.72,1.03554348421869,-1.00290220839533,-1.16824703991262,-0,0,-1.08659773412182,-0.0490460748587801,0.0816622475648874,-0,0,-1.71931260274676,-0.0335156135189946,-0.0274871729439154,-0,0
12.73,1.02545592874644,-1.01462098968573,-1.17550921816654,-0,0,-1.0870841924489,-0.0482536596439777,0.0768207953956038,-0,0,-1.7196491394189,-0.0337923387369241,-0.0278578706419843,-0,0
12.74,1.01525082235237,-1.02641239275866,-1.18277139642047,-0,0,-1.08756296869644,-0.047509658950868,0.0719793432263202,-0,0,-1.71998846187809,-0.0340727709318343,-0.028228568340054,-0,0
12.75,1.00492743881866,-1.03827641761414,-1.19003357467439,-0,0,-1.08803454700966,-0.0468140727794513,0.0671378910570365,-0,0,-1.72033060719412,-0.0343569101037252,-0.0285992660381229,-0,0
12.76,0.994485436602167,-1.05009766184497,-1.17421527149178,0,0,-1.08849933200811,-0.0461430434338699,0.0670679780592427,-0,0,-1.72067559951837,-0.0346408807368176,-0.0281948605803654,0,0
12.77,0.983926012858529,-1.06176072304397,-1.15839696830916,0,0,-1.08895741020877,-0.0454727132182665,0.0669980650614487,-0,0,-1.72102341132868,-0.0349208073153325,-0.0277904551226082,0,0
12.78,0.97325074941806,-1.07326560121115,-1.14257866512655,0,0,-1.08940878860291,-0.044803082132641,0.0669281520636543,-0,0,-1.72137400218449,-0.0351966898392698,-0.0273860496648501,0,0
12.79,0.962461228111079,-1.0846122963465,-1.12676036194393,0,0,-1.08985347418185,-0.0441341501769934,0.0668582390658602,-0,0,-1.72172733164528,-0.0354685283086294,-0.0269816442070921,0,0
12.8,0.951559030767902,-1.09580080845003,-1.11094205876131,0,0,-1.09029147393689,-0.0434659173513237,0.0667883260680664,-0,0,-1.72208335927049,-0.0357363227234116,-0.026577238749335,0,0
12.81,0.94054573921885,-1.10683113752173,-1.0951237555787,0,0,-1.09072279485931,-0.042798383655632,0.066718413070272,-0,0,-1.72244204461957,-0.0360000730836162,-0.0261728332915769,0,0
12.82,0.92942293529424,-1.1177032835616,-1.07930545239608,0,0,-1.09114744394043,-0.0421315490899183,0.0666485000724779,-0,0,-1.72280334725198,-0.0362597793892432,-0.0257684278338189,0,0
12.83,0.918192200824391,-1.12841724656965,-1.06348714921347,0,0,-1.09156542817154,-0.0414654136541825,0.0665785870746839,-0,0,-1.72316722672717,-0.0365154416402926,-0.0253640223760616,0,0
12.84,0.906855117639621,-1.13897302654587,-1.04766884603085,0,0,-1.09197675454395,-0.0407999773484246,0.0665086740768899,-0,0,-1.7235336426046,-0.0367670598367644,-0.0249596169183036,0,0
12.85,0.895413267570247,-1.14937062349027,-1.03185054284823,0,0,-1.09238143004895,-0.0401352401726447,0.0664387610790959,-0,0,-1.72390255444372,-0.0370146339786587,-0.0245552114605464,0,0
12.86,0.883868232446588,-1.15961003740284,-1.01603223966562,0,0,-1.09277946167783,-0.0394712021268427,0.0663688480813014,-0,0,-1.72427392180399,-0.0372581640659753,-0.0241508060027883,0,0
12.87,0.872221594098963,-1.16969126828358,-1.000213936483,0,0,-1.09317085642192,-0.0388078632110187,0.0662989350835074,-0,0,-1.72464770424486,-0.0374976500987144,-0.0237464005450311,0,0
12.88,0.860474934357688,-1.1796143161325,-0.984395633300385,0,0,-1.09355562127249,-0.0381452234251725,0.0662290220857136,-0,0,-1.72502386132578,-0.0377330920768759,-0.0233419950872732,0,0
12.89,0.848629835053085,-1.18937918094959,-0.968577330117769,0,0,-1.09393376322085,-0.0374832827693044,0.0661591090879195,-0,0,-1.72540235260622,-0.0379644900004599,-0.0229375896295151,0,0
12.9,0.836687878015469,-1.19898586273485,-0.952759026935153,0,0,-1.09430528925831,-0.0368220412434142,0.0660891960901251,-0,0,-1.72578313764561,-0.0381918438694663,-0.0225331841717579,0,0
12.91,0.824650645075161,-1.20843436148829,-0.936940723752537,0,0,-1.09467020637615,-0.0361614988475018,0.0660192830923311,-0,0,-1.72616617600342,-0.038415153683895,-0.0221287787139999,0,0
12.92,0.812519718062477,-1.2177246772099,-0.921122420569922,0,0,-1.09502852156569,-0.0355016555815676,0.0659493700945371,-0,0,-1.72655142723911,-0.0386344194437463,-0.0217243732562422,0,0
12.93,0.800296678807736,-1.22685680989969,-0.905304117387307,0,0,-1.09538024181822,-0.0348425114456111,0.0658794570967431,-0,0,-1.72693885091212,-0.0388496411490198,-0.0213199677984846,0,0
12.94,0.787983109141256,-1.23583075955765,-0.88948581420469,0,0,-1.09572537412504,-0.0341840664396327,0.065809544098949,-0,0,-1.7273284065819,-0.0390608187997159,-0.0209155623407265,0,0
12.95,0.775580590893356,-1.24464652618378,-0.873667511022076,0,0,-1.09606392547744,-0.0335263205636322,0.0657396311011546,-0,0,-1.72772005380793,-0.0392679523958344,-0.0205111568829689,0,0
12.96,0.763090705894352,-1.25330410977809,-0.857849207839457,0,0,-1.09639590286674,-0.0328692738176095,0.0656697181033608,-0,0,-1.72811375214964,-0.0394710419373753,-0.0201067514252113,0,0
12.97,0.750515035974565,-1.26180351034057,-0.842030904656841,0,0,-1.09672131328423,-0.0322129262015649,0.0655998051055667,-0,0,-1.72850946116649,-0.0396700874243386,-0.0197023459674533,0,0
12.98,0.737855162964314,-1.27014472787123,-0.826212601474225,0,0,-1.09704016372121,-0.0315572777154982,0.0655298921077723,-0,0,-1.72890714041795,-0.0398650888567244,-0.0192979405096957,0,0
12.99,0.725112668693914,-1.27832776237006,-0.81039429829161,0,0,-1.09735246116897,-0.0309023283594095,0.0654599791099783,-0,0,-1.72930674946345,-0.0400560462345326,-0.018893535051938,0,0
13,0.712289134993686,-1.28635261383706,-0.794575995108994,0,0,-1.09765821261883,-0.0302480781332987,0.0653900661121843,-0,0,-1.72970824786245,-0.0402429595577632,-0.0184891295941804,0,0
13.01,0.699386143693946,-1.29421928227224,-0.778757691926379,0,0,-1.09795742506207,-0.0295945270371658,0.0653201531143903,-0,0,-1.73011159517442,-0.0404258288264161,-0.0180847241364228,0,0
13.02,0.686405276625014,-1.30192776767559,-0.762939388743763,0,0,-1.09825010549001,-0.0289416750710109,0.0652502401165962,-0,0,-1.7305167509588,-0.0406046540404915,-0.0176803186786651,0,0
13.03,0.673348115617208,-1.30947807004711,-0.747121085561148,0,0,-1.09853626089393,-0.0282895222348339,0.0651803271188018,-0,0,-1.73092367477505,-0.0407794351999894,-0.0172759132209075,0,0
13.04,0.660216242500845,-1.31687018938681,-0.731302782378532,0,0,-1.09881589826514,-0.0276380685286348,0.0651104141210078,-0,0,-1.73133232618262,-0.0409501723049096,-0.0168715077631494,0,0
13.05,0.647011239106242,-1.32410412569469,-0.715484479195913,0,0,-1.09908902459493,-0.0269873139524137,0.0650405011232137,-0,0,-1.73174266474096,-0.0411168653552525,-0.0164671023053919,0,0
13.06,0.633734687263722,-1.33117987897073,-0.699666176013298,0,0,-1.09935564687462,-0.0263372585061705,0.0649705881254197,-0,0,-1.73215465000954,-0.0412795143510176,-0.0160626968476343,0,0
13.07,0.620388168803601,-1.33809744921495,-0.683847872830682,0,0,-1.09961577209549,-0.0256879021899053,0.0649006751276257,-0,0,-1.7325682415478,-0.0414381192922052,-0.0156582913898762,0,0
13.08,0.606973265556197,-1.34485683642734,-0.668029569648066,0,0,-1.09986940724885,-0.0250392450036181,0.0648307621298315,-0,0,-1.7329833989152,-0.0415926801788151,-0.0152538859321186,0,0
13.09,0.593491559351828,-1.35145804060791,-0.652211266465451,0,0,-1.10011655932599,-0.0243912869473087,0.0647608491320374,-0,0,-1.7334000816712,-0.0417431970108475,-0.014849480474361,0,0
13.1,0.579944632020812,-1.35790106175665,-0.636392963282835,0,0,-1.10035723531823,-0.0237440280209774,0.0646909361342432,-0,0,-1.73381824937524,-0.0418896697883023,-0.0144450750166033,0,0
13.11,0.566334065393468,-1.36418589987357,-0.62057466010022,0,0,-1.10059144221685,-0.0230974682246239,0.0646210231364492,-0,0,-1.73423786158678,-0.0420320985111795,-0.0140406695588457,0,0
13.12,0.552661441300114,-1.37031255495866,-0.604756356917604,0,0,-1.10081918701315,-0.0224516075582484,0.0645511101386552,-0,0,-1.73465887786528,-0.0421704831794792,-0.013636264101088,0,0
13.13,0.538928341571066,-1.37628102701192,-0.588938053734986,0,0,-1.10104047669845,-0.0218064460218507,0.0644811971408609,-0,0,-1.73508125777019,-0.0423048237932013,-0.0132318586433301,0,0
13.14,0.525136348036646,-1.38209131603336,-0.57311975055237,0,0,-1.10125531826402,-0.0211619836154311,0.0644112841430669,-0,0,-1.73550496086096,-0.0424351203523458,-0.0128274531855725,0,0
13.15,0.511287042527172,-1.38774342202297,-0.557301447369754,0,0,-1.10146371870119,-0.0205182203389893,0.0643413711452729,-0,0,-1.73592994669705,-0.0425613728569128,-0.0124230477278148,0,0
13.16,0.49738200687296,-1.39323734498075,-0.541483144187139,0,0,-1.10166568500124,-0.0198751561925257,0.0642714581474787,-0,0,-1.73635617483792,-0.0426835813069021,-0.0120186422700568,0,0
13.17,0.48342282290433,-1.39857308490671,-0.525664841004523,0,0,-1.10186122415547,-0.0192327911760399,0.0642015451496846,-0,0,-1.73678360484301,-0.042801745702314,-0.0116142368122992,0,0
13.18,0.4694110724516,-1.40375064180084,-0.509846537821907,0,0,-1.10205034315519,-0.0185911252895319,0.0641316321518904,-0,0,-1.73721219627178,-0.0429158660431482,-0.0112098313545415,0,0
13.19,0.455348337345087,-1.40877001566315,-0.494028234639292,0,0,-1.10223304899169,-0.017950158533002,0.0640617191540964,-0,0,-1.73764190868369,-0.0430259423294046,-0.0108054258967839,0,0
13.2,0.44123619941511,-1.41363120649363,-0.478209931456676,0,0,-1.10240934865628,-0.0173098909064501,0.0639918061563024,-0,0,-1.73807270163819,-0.0431319745610838,-0.0104010204390262,0,0
13.21,0.427076240491985,-1.41833421429228,-0.462391628274058,0,0,-1.10257924914026,-0.0166703224098759,0.0639218931585083,-0,0,-1.73850453469473,-0.0432339627381852,-0.00999661498126832,0,0
13.22,0.412870042406035,-1.42287903905911,-0.446573325091442,0,0,-1.10274275743491,-0.0160314530432798,0.0638519801607141,-0,0,-1.73893736741277,-0.0433319068607092,-0.00959220952351068,0,0
13.23,0.398619186987576,-1.42726568079411,-0.430755021908826,0,0,-1.10289988053156,-0.0153932828066616,0.0637820671629201,-0,0,-1.73937115935176,-0.0434258069286556,-0.00918780406575303,0,0
13.24,0.384325256066926,-1.43149413949729,-0.414936718726211,0,0,-1.10305062542148,-0.0147558117000214,0.0637121541651259,-0,0,-1.73980587007116,-0.0435156629420241,-0.0087833986079952,0,0
13.25,0.369989831474404,-1.43556441516864,-0.399118415543595,0,0,-1.10319499909599,-0.0141190397233592,0.0636422411673318,-0,0,-1.74024145913042,-0.0436014749008153,-0.00837899315023756,0,0
13.26,0.355614495040327,-1.43947650780816,-0.38330011236098,0,0,-1.10333300854638,-0.0134829668766748,0.0635723281695378,-0,0,-1.740677886089,-0.043683242805029,-0.00797458769247992,0,0
13.27,0.341200828595014,-1.44323041741585,-0.367481809178364,0,0,-1.10346466076396,-0.0128475931599684,0.0635024151717436,-0,0,-1.74111511050634,-0.0437609666546651,-0.00757018223472208,0,0
13.28,0.326750413968783,-1.44682614399173,-0.351663505995748,0,0,-1.10358996274001,-0.0122129185732399,0.0634325021739496,-0,0,-1.74155309194191,-0.0438346464497233,-0.00716577677696444,0,0
13.29,0.312264832991953,-1.45026368753577,-0.335845202813133,0,0,-1.10370892146585,-0.0115789431164894,0.0633625891761555,-0,0,-1.74199178995515,-0.0439042821902043,-0.0067613713192068,0,0
13.3,0.297745667494839,-1.45354304804799,-0.320026899630514,0,0,-1.10382154393278,-0.0109456667897168,0.0632926761783614,-0,0,-1.74243116410553,-0.0439698738761075,-0.00635696586144888,0,0
13.31,0.283194499307764,-1.45666422552838,-0.304208596447899,0,0,-1.10392783713208,-0.0103130895929222,0.0632227631805673,-0,0,-1.74287117395249,-0.0440314215074333,-0.00595256040369124,0,0
13.32,0.268612910261044,-1.45962721997695,-0.288390293265283,0,0,-1.10402780805507,-0.00968121152610544,0.0631528501827731,-0,0,-1.7433117790555,-0.0440889250841815,-0.00554815494593359,0,0
13.33,0.254002482184998,-1.46243203139369,-0.272571990082667,0,0,-1.10412146369304,-0.00905003258926666,0.063082937184979,-0,0,-1.74375293897399,-0.0441423846063518,-0.00514374948817576,0,0
13.34,0.239364796909944,-1.4650786597786,-0.256753686900052,0,0,-1.10420881103729,-0.00841955278240585,0.0630130241871849,-0,0,-1.74419461326744,-0.0441918000739448,-0.00473934403041812,0,0
13.35,0.2247014362662,-1.46756710513169,-0.240935383717436,0,0,-1.10428985707912,-0.00778977210552302,0.0629431111893909,-0,0,-1.74463676149529,-0.0442371714869603,-0.00433493857266047,0,0
13.36,0.210013982084084,-1.46989736745295,-0.225117080534821,0,0,-1.10436460880983,-0.00716069055861815,0.0628731981915968,-0,0,-1.745079343217,-0.0442784988453981,-0.00393053311490274,0,0
13.37,0.195304016193914,-1.47206944674238,-0.209298777352205,0,0,-1.10443307322072,-0.0065323081416911,0.0628032851938026,-0,0,-1.74552231799202,-0.0443157821492584,-0.003526127657145,0,0
13.38,0.180573120426007,-1.47408334299999,-0.193480474169587,0,0,-1.1044952573031,-0.00590462485474197,0.0627333721960086,-0,0,-1.7459656453798,-0.0443490213985409,-0.00312172219938728,0,0
13.39,0.165822876610685,-1.47593905622578,-0.177662170986971,0,0,-1.10455116804825,-0.00527764069777087,0.0626634591982144,-0,0,-1.74640928493981,-0.044378216593246,-0.00271731674162954,0,0
13.4,0.151054866578265,-1.47763658641973,-0.161843867804355,0,0,-1.10460081244749,-0.00465135567077772,0.0625935462004204,-0,0,-1.74685319623149,-0.0444033677333735,-0.0023129112838718,0,0
13.41,0.136270672159064,-1.47917593358186,-0.14602556462174,0,0,-1.1046441974921,-0.00402576977376253,0.0625236332026263,-0,0,-1.74729733881429,-0.0444244748189235,-0.00190850582611416,0,0
13.42,0.121471875183401,-1.48055709771217,-0.130207261439124,0,0,-1.1046813301734,-0.00340088300672519,0.0624537202048321,-0,0,-1.74774167224768,-0.0444415378498959,-0.00150410036835642,0,0
13.43,0.106660057481594,-1.48178007881064,-0.114388958256508,0,0,-1.10471221748267,-0.00277669536966593,0.0623838072070381,-0,0,-1.74818615609111,-0.0444545568262907,-0.00109969491059873,0,0
13.44,0.0918368008839612,-1.4828448768773,-0.0985706550738928,0,0,-1.10473686641122,-0.0021532068625845,0.062313894209244,-0,0,-1.74863074990403,-0.0444635317481079,-0.000695289452841038,0,0
13.45,0.0770036872208212,-1.48375149191212,-0.0827523518912771,0,0,-1.10475528395035,-0.00153041748548106,0.0622439812114499,-0,0,-1.74907541324589,-0.0444684626153475,-0.0002908839950833,0,0
13.46,0.0621622983224895,-1.48449992391512,-0.0669340487086586,0,0,-1.10476747709137,-0.000908327238355341,0.0621740682136558,-0,0,-1.74952010567615,-0.0444693494280095,0.000113521462674473,0,0
13.47,0.0473142160192895,-1.4850901728863,-0.0511157455260431,0,0,-1.10477345282555,-0.000286936121207809,0.0621041552158617,-0,0,-1.74996478675427,-0.044466192186094,0.000517926920432161,0,0
13.48,0.0324610221415369,-1.48552223882564,-0.0352974423434275,0,0,-1.10477321814422,0.000333755865961752,0.0620342422180676,-0,0,-1.75040941603969,-0.0444589908896009,0.000922332378189877,0,0
13.49,0.0176042985195501,-1.48579612173316,-0.0194791391608118,0,0,-1.10476678003867,0.00095374872315346,0.0619643292202735,-0,0,-1.75085395309188,-0.0444477455385302,0.00132673783594758,0,0
13.5,0.00274562698364708,-1.48591182160886,-0.00366083597819619,0,0,-1.10475414550019,0.00157304245036724,0.0618944162224794,-0,0,-1.75129835747028,-0.044432456132882,0.00173114329370528,0,0
13.51,-0.0121134106358537,-1.48586933845273,0.0121574672044194,0,0,-1.10473532152009,0.00219163704760303,0.0618245032246853,-0,0,-1.75174258873435,-0.0444131226726561,0.00213554875146299,0,0
13.52,-0.0269712325086342,-1.48566867226477,0.0279757703870351,0,0,-1.10471031508967,0.00280953251486089,0.0617545902268912,-0,0,-1.75218660644355,-0.0443897451578528,0.00253995420922069,0,0
13.53,-0.0418262568043758,-1.48530982304499,0.0437940735696507,0,0,-1.10467913320023,0.00342672885214086,0.0616846772290971,-0,0,-1.75263037015733,-0.0443623235884717,0.0029443596669784,0,0
13.54,-0.0566769016927604,-1.48479279079338,0.0596123767522662,0,0,-1.10464178284306,0.00404322605944289,0.061614764231303,-0,0,-1.75307383943514,-0.0443308579645131,0.00334876512473609,0,0
13.55,-0.0715215853434724,-1.48411757550994,0.0754306799348848,0,0,-1.10459827100948,0.00465902413676694,0.0615448512335089,-0,0,-1.75351697383644,-0.0442953482859769,0.00375317058249386,0,0
13.56,-0.0863587259261887,-1.48328417719468,0.0912489831175004,0,0,-1.10454860469076,0.0052741230841131,0.0614749382357148,-0,0,-1.75395973292068,-0.0442557945528633,0.00415757604025161,0,0
13.57,-0.101186741610593,-1.48229259584759,0.107067286300116,0,0,-1.10449279087823,0.00588852290148121,0.0614050252379207,-0,0,-1.75440207624731,-0.0442121967651719,0.00456198149800929,0,0
13.58,-0.116004050566367,-1.48114283146868,0.122885589482732,0,0,-1.10443083656317,0.00650222358887151,0.0613351122401266,-0,0,-1.7548439633758,-0.044164554922903,0.00496638695576698,0,0
13.59,-0.130809070963193,-1.47983488405794,0.138703892665347,0,0,-1.10436274873688,0.00711522514628376,0.0612651992423325,-0,0,-1.75528535386559,-0.0441128690260566,0.00537079241352472,0,0
13.6,-0.145600220970752,-1.47836875361537,0.154522195847963,0,0,-1.10428853439067,0.00772752757371811,0.0611952862445384,-0,0,-1.75572620727614,-0.0440571390746325,0.00577519787128236,0,0
13.61,-0.160375918758727,-1.47674444014098,0.170340499030578,0,0,-1.10420820051584,0.00833913087117451,0.0611253732467443,-0,0,-1.7561664831669,-0.0439973650686308,0.0061796033290401,0,0
13.62,-0.175134582496799,-1.47496194363476,0.186158802213194,0,0,-1.10412175410368,0.00895003503865299,0.0610554602489502,-0,0,-1.75660614109733,-0.0439335470080517,0.00658400878679784,0,0
13.63,-0.189874630354651,-1.47302126409671,0.201977105395812,0,0,-1.1040292021455,0.00956024007615365,0.0609855472511561,-0,0,-1.75704514062688,-0.0438656848928951,0.00698841424455557,0,0
13.64,-0.204594480501962,-1.47092240152684,0.217795408578428,0,0,-1.10393055163259,0.0101697459836761,0.060915634253362,-0,0,-1.757483441315,-0.0437937787231606,0.0073928197023133,0,0
13.65,-0.219292551108415,-1.46866535592515,0.233613711761044,0,0,-1.10382580955626,0.0107785527612208,0.0608457212555679,-0,0,-1.75792100272116,-0.0437178284988486,0.00779722516007104,0,0
13.66,-0.233967260343692,-1.46625012729162,0.249432014943659,0,0,-1.1037149829078,0.0113866604087874,0.0607758082577739,-0,0,-1.7583577844048,-0.0436378342199592,0.00820163061782869,0,0
13.67,-0.248617026377474,-1.46367671562627,0.265250318126275,0,0,-1.10359807867852,0.0119940689263763,0.0607058952599797,-0,0,-1.75879374592538,-0.043553795886492,0.00860603607558632,0,0
13.68,-0.263240267379443,-1.4609451209291,0.281068621308891,0,0,-1.10347510385971,0.0126007783139871,0.0606359822621856,-0,0,-1.75922884684235,-0.0434657134984475,0.00901044153334416,0,0
13.69,-0.277835401519283,-1.45805534320009,0.296886924491506,0,0,-1.10334606544267,0.0132067885716199,0.0605660692643915,-0,0,-1.75966304671516,-0.0433735870558253,0.0094148469911018,0,0
13.7,-0.292400846966672,-1.45500738243927,0.312705227674122,0,0,-1.10321097041871,0.0138120996992749,0.0604961562665974,-0,0,-1.76009630510328,-0.0432774165586254,0.00981925244885944,0,0
13.71,-0.306935021891297,-1.45180123864661,0.32852353085674,0,0,-1.10306982577912,0.014416711696952,0.0604262432688033,-0,0,-1.76052858156615,-0.0431772020068481,0.0102236579066174,0,0
13.72,-0.321436344462834,-1.44843691182213,0.344341834039356,0,0,-1.1029226385152,0.0150206245646511,0.0603563302710092,-0,0,-1.76095983566324,-0.043072943400493,0.010628063364375,0,0
13.73,-0.335903232850966,-1.44491440196582,0.360160137221971,0,0,-1.10276941561826,0.0156238383023721,0.0602864172732152,-0,0,-1.76139002695398,-0.0429646407395604,0.0110324688221326,0,0
13.74,-0.350334105225377,-1.44123370907769,0.375978440404587,0,0,-1.10261016407959,0.0162263529101153,0.060216504275421,-0,0,-1.76181911499784,-0.0428522940240505,0.0114368742798905,0,0
13.75,-0.364727379755747,-1.43739483315773,0.391796743587203,0,0,-1.10244489089049,0.0168281683878805,0.0601465912776269,-0,0,-1.76224705935428,-0.0427359032539627,0.0118412797376481,0,0
13.76,-0.379081474611758,-1.43339777420595,0.407615046769818,0,0,-1.10227360304226,0.0174292847356679,0.0600766782798329,-0,0,-1.76267381958274,-0.0426154684292974,0.0122456851954058,0,0
13.77,-0.393394807963092,-1.42924253222234,0.423433349952434,0,0,-1.10209630752621,0.0180297019534772,0.0600067652820387,-0,0,-1.76309935524268,-0.0424909895500547,0.0126500906531636,0,0
13.78,-0.407665797979431,-1.4249291072069,0.439251653135049,0,0,-1.10191301133363,0.0186294200413086,0.0599368522842447,-0,0,-1.76352362589356,-0.0423624666162342,0.0130544961109212,0,0
13.79,-0.421892862830457,-1.42045749915964,0.455069956317666,0,0,-1.10172372145582,0.019228438999162,0.0598669392864505,-0,0,-1.76394659109483,-0.0422298996278361,0.0134589015686789,0,0
13.8,-0.436074420685853,-1.41582770808055,0.470888259500284,0,0,-1.10152844488408,0.0198267588270377,0.0597970262886564,-0,0,-1.76436821040594,-0.0420932885848607,0.0138633070264368,0,0
13.81,-0.450208889715297,-1.41103973396963,0.486706562682899,0,0,-1.10132718860971,0.0204243795249353,0.0597271132908624,-0,0,-1.76478844338634,-0.0419526334873074,0.0142677124841944,0,0
13.82,-0.464294688088473,-1.40609357682689,0.502524865865515,0,0,-1.10111995962401,0.0210213010928549,0.0596572002930683,-0,0,-1.7652072495955,-0.0418079343351768,0.0146721179419521,0,0
13.83,-0.478330233975061,-1.40098923665232,0.518343169048131,0,0,-1.10090676491829,0.0216175235307965,0.0595872872952741,-0,0,-1.76562458859286,-0.0416591911284684,0.0150765233997097,0,0
13.84,-0.492313945544746,-1.39572671344593,0.534161472230746,0,0,-1.10068761148383,0.0222130468387603,0.0595173742974801,-0,0,-1.76604041993789,-0.0415064038671825,0.0154809288574674,0,0
13.85,-0.506244240967207,-1.39030600720771,0.549979775413362,0,0,-1.10046250631194,0.0228078710167462,0.0594474612996859,-0,0,-1.76645470319003,-0.0413495725513191,0.0158853343152254,0,0
13.86,-0.520119538412126,-1.38472711793766,0.565798078595977,0,0,-1.10023145639393,0.023401996064754,0.0593775483018919,-0,0,-1.76686739790873,-0.0411886971808781,0.016289739772983,0,0
13.87,-0.533938256049186,-1.37899004563579,0.581616381778593,0,0,-1.09999446872108,0.023995421982784,0.0593076353040979,-0,0,-1.76727846365346,-0.0410237777558595,0.0166941452307407,0,0
13.88,-0.547698812048071,-1.37309479030209,0.597434684961211,0,0,-1.09975155028471,0.024588148770836,0.0592377223063036,-0,0,-1.76768785998367,-0.0408548142762632,0.0170985506884986,0,0
13.89,-0.561399624578457,-1.36704135193656,0.613252988143827,0,0,-1.0995027080761,0.0251801764289101,0.0591678093085096,-0,0,-1.7680955464588,-0.0406818067420894,0.0175029561462562,0,0
13.9,-0.575039111810029,-1.36082973053921,0.629071291326443,0,0,-1.09924794908656,0.0257715049570062,0.0590978963107155,-0,0,-1.76850148263833,-0.0405047551533381,0.0179073616040139,0,0
13.91,-0.588615691912468,-1.35445992611003,0.644889594509058,0,0,-1.09898728030739,0.0263621343551245,0.0590279833129213,-0,0,-1.76890562808169,-0.0403236595100092,0.0183117670617715,0,0
13.92,-0.602127783055456,-1.34793193864903,0.660707897691674,0,0,-1.09872070872989,0.0269520646232646,0.0589580703151273,-0,0,-1.76930794234835,-0.0401385198121026,0.0187161725195292,0,0
13.93,-0.615573803408676,-1.3412457681562,0.67652620087429,0,0,-1.09844824134536,0.027541295761427,0.0588881573173331,-0,0,-1.76970838499775,-0.0399493360596186,0.0191205779772868,0,0
13.94,-0.628952171141807,-1.33440141463154,0.692344504056905,0,0,-1.0981698851451,0.0281298277696113,0.0588182443195391,-0,0,-1.77010691558936,-0.0397561082525569,0.0195249834350448,0,0
13.95,-0.642261304424533,-1.32739887807506,0.708162807239521,0,0,-1.0978856471204,0.0287176606478177,0.058748331321745,-0,0,-1.77050349368262,-0.0395588363909177,0.0199293888928025,0,0
13.96,-0.655499621426537,-1.32023815848675,0.723981110422139,0,0,-1.09759553426257,0.0293047943960463,0.058678418323951,-0,0,-1.77089807883699,-0.0393575204747009,0.02033379435056,0,0
13.97,-0.668665540317497,-1.31291925586662,0.739799413604755,0,0,-1.09729955356291,0.0298912290142968,0.0586085053261569,-0,0,-1.77129063061193,-0.0391521605039064,0.020738199808318,0,0
13.98,-0.681757479267096,-1.30544217021466,0.755617716787371,0,0,-1.09699771201272,0.0304769645025693,0.0585385923283625,-0,0,-1.77168110856689,-0.0389427564785345,0.0211426052660757,0,0
13.99,-0.694773856445017,-1.29780690153087,0.771436019969986,0,0,-1.0966900166033,0.031062000860864,0.0584686793305685,-0,0,-1.77206947226132,-0.0387293083985849,0.0215470107238333,0,0
14,-0.70771309002094,-1.29001344981526,0.787254323152602,0,0,-1.09637647432594,0.0316463380891807,0.0583987663327745,-0,0,-1.77245568125468,-0.0385118162640578,0.021951416181591,0,0
14.01,-0.720573598164549,-1.28206181506782,0.803072626335217,0,0,-1.09605709217195,0.0322299761875195,0.0583288533349805,-0,0,-1.77283969510642,-0.0382902800749532,0.0223558216393486,0,0
14.02,-0.733353799045523,-1.27395199728855,0.818890929517833,0,0,-1.09573187713262,0.0328129151558803,0.0582589403371865,-0,0,-1.773221473376,-0.0380646998312709,0.0227602270971063,0,0
14.03,-0.746052110833547,-1.26568399647746,0.834709232700449,0,0,-1.09540083619926,0.0333951549942632,0.058189027339392,-0,0,-1.77360097562286,-0.0378350755330111,0.0231646325548639,0,0
14.04,-0.7586669516983,-1.25725781263454,0.850527535883064,0,0,-1.09506397636317,0.0339766957026681,0.058119114341598,-0,0,-1.77397816140647,-0.0376014071801736,0.0235690380126219,0,0
14.05,-0.771196739809466,-1.2486734457598,0.866345839065683,0,0,-1.09472130461564,0.0345575372810952,0.0580492013438042,-0,0,-1.77435299028628,-0.0373636947727585,0.0239734434703794,0,0
14.06,-0.783639893336724,-1.23993089585323,0.882164142248298,0,0,-1.09437282794798,0.0351376797295442,0.0579792883460097,-0,0,-1.77472542182175,-0.0371219383107661,0.0243778489281371,0,0
14.07,-0.795994830449758,-1.23103016291483,0.897982445430914,0,0,-1.09401855335148,0.0357171230480154,0.0579093753482157,-0,0,-1.77509541557232,-0.0368761377941959,0.0247822543858951,0,0
14.08,-0.808259969318248,-1.22197124694461,0.91380074861353,0,0,-1.09365848781745,0.0362958672365086,0.0578394623504217,-0,0,-1.77546293109745,-0.0366262932230481,0.0251866598436528,0,0
14.09,-0.820433728111876,-1.21275414794256,0.929619051796145,0,0,-1.09329263833719,0.0368739122950238,0.0577695493526277,-0,0,-1.7758279279566,-0.0363724045973228,0.0255910653014104,0,0
14.1,-0.832514525000326,-1.20337886590869,0.945437354978761,0,0,-1.09292101190198,0.0374512582235611,0.0576996363548336,-0,0,-1.77619036570921,-0.0361144719170199,0.0259954707591684,0,0
14.11,-0.844500778153277,-1.19384540084299,0.961255658161377,0,0,-1.09254361550315,0.0380279050221204,0.0576297233570392,-0,0,-1.77655020391475,-0.0358524951821394,0.0263998762169257,0,0
14.12,-0.856390905740412,-1.18415375274546,0.977073961343992,0,0,-1.09216045613198,0.0386038526907019,0.0575598103592452,-0,0,-1.77690740213267,-0.0355864743926814,0.0268042816746837,0,0
14.13,-0.868183325931415,-1.17430392161611,0.99289226452661,0,0,-1.09177154077977,0.0391791012293054,0.0574898973614513,-0,0,-1.77726191992243,-0.0353164095486458,0.0272086871324416,0,0
14.14,-0.879876456895963,-1.16429590745493,1.00871056770923,0,0,-1.09137687643782,0.039753650637931,0.0574199843636573,-0,0,-1.77761371684347,-0.0350423006500325,0.0276130925901989,0,0
14.15,-0.891468716803741,-1.15412971026192,1.02452887089184,0,0,-1.09097647009744,0.0403275009165785,0.0573500713658629,-0,0,-1.77796275245525,-0.0347641476968418,0.0280174980479569,0,0
14.16,-0.902958523824429,-1.14380533003709,1.04034717407446,0,0,-1.09057032874992,0.0409006520652482,0.0572801583680689,-0,0,-1.77830898631722,-0.0344819506890734,0.0284219035057142,0,0
14.17,-0.914344296127709,-1.13332276678044,1.05616547725707,0,0,-1.09015845938657,0.0414731040839399,0.0572102453702749,-0,0,-1.77865237798884,-0.0341957096267275,0.0288263089634722,0,0
14.18,-0.925624451883264,-1.12268202049195,1.07198378043969,0,0,-1.08974086899868,0.0420448569726537,0.0571403323724808,-0,0,-1.77899288702957,-0.033905424509804,0.0292307144212294,0,0
14.19,-0.936797409260775,-1.11188309117164,1.0878020836223,0,0,-1.08931756457755,0.0426159107313895,0.0570704193746868,-0,0,-1.77933047299886,-0.0336110953383029,0.0296351198789875,0,0
14.2,-0.947861586429924,-1.10092597881951,1.10362038680492,0,0,-1.08888855311448,0.0431862653601474,0.0570005063768924,-0,0,-1.77966509545616,-0.0333127221122242,0.0300395253367455,0,0
14.21,-0.958815401560394,-1.08981068343554,1.11943868998754,0,0,-1.08845384160078,0.0437559208589274,0.0569305933790985,-0,0,-1.77999671396092,-0.0330103048315679,0.0304439307945027,0,0
14.22,-0.969657272821864,-1.07853720501975,1.13525699317015,0,0,-1.08801343702774,0.0443248772277294,0.0568606803813045,-0,0,-1.78032528807261,-0.0327038434963342,0.0308483362522607,0,0
14.23,-0.980385618384015,-1.06710554357214,1.15107529635277,0,0,-1.08756734638666,0.0448931344665535,0.0567907673835101,-0,0,-1.78065077735067,-0.0323933381065228,0.0312527417100187,0,0
14.24,-0.990998856416533,-1.0555156990927,1.16689359953539,0,0,-1.08711557666884,0.0454606925753996,0.0567208543857161,-0,0,-1.78097314135456,-0.0320787886621338,0.031657147167776,0,0
14.25,-1.0014954050891,-1.04376767158143,1.182711902718,0,0,-1.08665813486558,0.0460275515542678,0.0566509413879221,-0,0,-1.78129233964373,-0.0317601951631672,0.032061552625534,0,0
14.26,-1.01187406073793,-1.03197491099967,1.17584021363508,-0,0,-1.08619494098515,0.0466198063149449,0.0618000107474998,0,0,-1.78160834777361,-0.0314423564018256,0.0315061996428032,-0,0
14.27,-1.02213513236539,-1.02025086730873,1.16896852455217,-0,0,-1.08572556710364,0.0472635517692177,0.0669490801070775,0,0,-1.78192120528353,-0.0311300711703112,0.0309508466600715,-0,0
14.28,-1.0322793071404,-1.00859554050862,1.16209683546925,-0,0,-1.08524949831412,0.0479587879170864,0.072098149466655,0,0,-1.78223096770878,-0.0308233394686241,0.0303954936773405,-0,0
14.29,-1.04230727223187,-0.997008930599347,1.15522514638633,-0,0,-1.08476621970965,0.0487055147585508,0.0772472188262327,0,0,-1.78253769058467,-0.0305221612967644,0.0298401406946096,-0,0
14.3,-1.05221971480869,-0.985491037580896,1.14835345730341,-0,0,-1.0842752163833,0.0495037322936112,0.0823962881858111,0,0,-1.78284142944648,-0.0302265366547319,0.029284787711878,-0,0
14.31,-1.06201732203979,-0.974041861453277,1.14148176822049,-0,0,-1.08377597342814,0.0503534405222671,0.0875453575453888,0,0,-1.78314223982953,-0.0299364655425268,0.028729434729147,-0,0
14.32,-1.07170078109406,-0.962661402216487,1.13461007913757,-0,0,-1.08326797593721,0.0512546394445189,0.0926944269049663,0,0,-1.7834401772691,-0.029651947960149,0.0281740817464152,-0,0
14.33,-1.08127077914042,-0.951349659870526,1.12773839005466,-0,0,-1.0827507090036,0.0522073290603665,0.097843496264544,0,0,-1.7837352973005,-0.0293729839075985,0.0276187287636843,-0,0
14.34,-1.09072800334778,-0.940106634415394,1.12086670097174,-0,0,-1.08222365772036,0.0532115093698097,0.102992565624122,0,0,-1.78402765545902,-0.0290995733848754,0.0270633757809526,-0,0
14.35,-1.10007314088503,-0.928932325851092,1.11399501188882,-0,0,-1.08168630718056,0.0542671803728488,0.108141634983699,0,0,-1.78431730727996,-0.0288317163919795,0.0265080227982216,-0,0
14.36,-1.1093068789211,-0.917826734177618,1.1071233228059,-0,0,-1.08113814247726,0.0553743420694837,0.113290704343277,0,0,-1.78460430829862,-0.0285694129289109,0.0259526698154906,-0,0
14.37,-1.11842990462489,-0.906789859394974,1.10025163372299,-0,0,-1.08057864870352,0.0565329944597143,0.118439773702855,0,0,-1.78488871405031,-0.0283126629956697,0.0253973168327589,-0,0
14.38,-1.1274429051653,-0.895821701503157,1.09337994464007,-0,0,-1.08000731095242,0.0577431375435409,0.123588843062433,0,0,-1.7851705800703,-0.0280614665922557,0.0248419638500281,-0,0
14.39,-1.13634656771125,-0.884922260502171,1.08650825555715,-0,0,-1.07942361431701,0.0590047713209631,0.128737912422011,0,0,-1.78544996189392,-0.0278158237186691,0.0242866108672963,-0,0
14.4,-1.14514157943165,-0.874091536392015,1.07963656647423,-0,0,-1.07882704389035,0.060317895791981,0.133886981781588,0,0,-1.78572691505644,-0.0275757343749098,0.0237312578845654,-0,0
14.41,-1.1538286274954,-0.863329529172687,1.07276487739131,-0,0,-1.07821708476552,0.0616825109565948,0.139036051141166,0,0,-1.78600149509318,-0.0273411985609779,0.0231759049018344,-0,0
14.42,-1.1624083990714,-0.852636238844189,1.06589318830839,-0,0,-1.07759322203558,0.0630986168148044,0.144185120500744,0,0,-1.78627375753943,-0.0271122162768731,0.0226205519191027,-0,0
14.43,-1.17088158132858,-0.84201166540652,1.05902149922548,-0,0,-1.07695494079358,0.0645662133666097,0.149334189860321,0,0,-1.78654375793048,-0.0268887875225957,0.0220651989363717,-0,0
14.44,-1.17924886143584,-0.83145580885968,1.05214981014256,-0,0,-1.0763017261326,0.0660853006120107,0.154483259219899,0,0,-1.78681155180165,-0.0266709122981456,0.0215098459536404,-0,0
14.45,-1.18751092656208,-0.820968669203669,1.04527812105964,-0,0,-1.0756330631457,0.0676558785510075,0.159632328579477,0,0,-1.78707719468821,-0.026458590603523,0.020954492970909,-0,0
14.46,-1.19566846387621,-0.810550246438486,1.03840643197672,-0,0,-1.07494843692593,0.0692779471836005,0.164781397939055,0,0,-1.78734074212548,-0.0262518224387275,0.0203991399881778,-0,0
14.47,-1.20372216054715,-0.800200540564133,1.0315347428938,-0,0,-1.07424733256638,0.0709515065097889,0.169930467298633,0,0,-1.78760224964875,-0.0260506078037593,0.0198437870054464,-0,0
14.48,-1.2116727037438,-0.78991955158061,1.02466305381089,-0,0,-1.07352923516009,0.072676556529573,0.17507953665821,0,0,-1.78786177279333,-0.0258549466986186,0.0192884340227151,-0,0
14.49,-1.21952078063507,-0.779707279487916,1.01779136472797,-0,0,-1.07279362980014,0.074453097242953,0.180228606017788,0,0,-1.78811936709449,-0.0256648391233051,0.0187330810399841,-0,0
14.5,-1.22726707838986,-0.769563724286051,1.01091967564505,-0,0,-1.07204000157959,0.0762811286499288,0.185377675377366,0,0,-1.78837508808756,-0.0254802850778189,0.0181777280572528,-0,0
14.51,-1.23491228417709,-0.759488885975015,1.00404798656213,-0,0,-1.0712678355915,0.0781606507505003,0.190526744736943,0,0,-1.78862899130782,-0.02530128456216,0.0176223750745214,-0,0
14.52,-1.24245708516566,-0.749482764554809,0.997176297479215,-0,0,-1.07047661692893,0.0800916635446675,0.195675814096521,0,0,-1.78888113229057,-0.0251278375763285,0.0170670220917905,-0,0
14.53,-1.24990216852449,-0.739545360025431,0.990304608396298,-0,0,-1.06966583068496,0.0820741670324306,0.200824883456098,0,0,-1.78913156657111,-0.0249599441203242,0.0165116691090591,-0,0
14.54,-1.25724822142247,-0.729676672386883,0.98343291931338,-0,0,-1.06883496195264,0.0841081612137895,0.205973952815676,0,0,-1.78938034968474,-0.0247976041941473,0.0159563161263278,-0,0
14.55,-1.26449593102853,-0.719876701639162,0.97656123023046,-0,0,-1.06798349582504,0.0861936460887444,0.211123022175255,0,0,-1.78962753716676,-0.0246408177977976,0.0154009631435965,-0,0
14.56,-1.27164598451156,-0.710145447782273,0.969689541147542,-0,0,-1.06711091739522,0.0883306216572948,0.216272091534832,0,0,-1.78987318455246,-0.0244895849312754,0.0148456101608652,-0,0
14.57,-1.27869906904048,-0.700482910816212,0.962817852064625,-0,0,-1.06621671175625,0.090519087919441,0.22142116089441,0,0,-1.79011734737715,-0.0243439055945803,0.0142902571781338,-0,0
14.58,-1.28565587178419,-0.690889090740981,0.955946162981707,-0,0,-1.06530036400119,0.0927590448751828,0.226570230253987,0,0,-1.79036008117612,-0.0242037797877126,0.0137349041954029,-0,0
14.59,-1.2925170799116,-0.681363987556578,0.949074473898789,-0,0,-1.0643613592231,0.0950504925245206,0.231719299613565,0,0,-1.79060144148467,-0.0240692075106723,0.0131795512126715,-0,0
14.6,-1.29928338059162,-0.671907601263005,0.942202784815871,-0,0,-1.06339918251505,0.0973934308674542,0.236868368973143,0,0,-1.7908414838381,-0.0239401887634592,0.0126241982299402,-0,0
14.61,-1.30595546099316,-0.662519931860261,0.935331095732953,-0,0,-1.0624133189701,0.0997878599039834,0.24201743833272,0,0,-1.7910802637717,-0.0238167235460735,0.0120688452472088,-0,0
14.62,-1.31253400828513,-0.653200979348347,0.928459406650036,-0,0,-1.06140325368132,0.102233779634108,0.247166507692298,0,0,-1.79131783682079,-0.023698811858515,0.0115134922644779,-0,0
14.63,-1.31901970963643,-0.643950743727259,0.921587717567117,-0,0,-1.06036847174178,0.10473119005783,0.252315577051877,0,0,-1.79155425852064,-0.023586453700784,0.0109581392817463,-0,0
14.64,-1.32541325221598,-0.634769224997003,0.914716028484199,-0,0,-1.05930845824452,0.107280091175146,0.257464646411454,0,0,-1.79178958440657,-0.02347964907288,0.0104027862990153,-0,0
14.65,-1.33171532319268,-0.625656423157576,0.907844339401281,-0,0,-1.05822269828263,0.109880482986059,0.262613715771032,0,0,-1.79202387001386,-0.0233783979748036,0.00984743331628395,-0,0
14.66,-1.33792660973543,-0.616612338208978,0.900972650318363,-0,0,-1.05711067694916,0.112532365490567,0.267762785130609,0,0,-1.79225717087783,-0.0232827004065545,0.0092920803335526,-0,0
14.67,-1.34404779901316,-0.607636970151209,0.894100961235445,-0,0,-1.05597187933717,0.115235738688671,0.272911854490187,0,0,-1.79248954253376,-0.0231925563681324,0.00873672735082126,-0,0
14.68,-1.35007957819476,-0.598730318984269,0.887229272152527,-0,0,-1.05480579053974,0.11799060258037,0.278060923849765,0,0,-1.79272104051696,-0.0231079658595379,0.0081813743680903,-0,0
14.69,-1.35602263444915,-0.589892384708159,0.88035758306961,-0,0,-1.05361189564992,0.120796957165666,0.283209993209342,0,0,-1.79295172036272,-0.0230289288807706,0.00762602138535896,-0,0
14.7,-1.36187765494522,-0.581123167322877,0.873485893986692,-0,0,-1.05238967976078,0.123654802444557,0.28835906256892,0,0,-1.79318163760634,-0.0229554454318307,0.00707066840262761,-0,0
14.71,-1.36764532685191,-0.572422666828424,0.866614204903773,-0,0,-1.05113862796538,0.126564138417045,0.293508131928499,0,0,-1.79341084778312,-0.0228875155127183,0.00651531541989636,-0,0
14.72,-1.3733263373381,-0.563790883224801,0.859742515820855,-0,0,-1.04985822535679,0.129524965083128,0.298657201288076,0,0,-1.79363940642836,-0.0228251391234329,0.00595996243716501,-0,0
14.73,-1.37892137357271,-0.555227816512007,0.852870826737937,-0,0,-1.04854795702807,0.132537282442806,0.303806270647654,0,0,-1.79386736907736,-0.0227683162639749,0.00540460945443387,-0,0
14.74,-1.38443112272464,-0.546733466690042,0.845999137655019,-0,0,-1.04720730807229,0.13560109049608,0.308955340007231,0,0,-1.79409479126541,-0.0227170469343442,0.00484925647170252,-0,0
14.75,-1.38985627196281,-0.538307833758907,0.839127448572101,-0,0,-1.04583576358251,0.138716389242951,0.314104409366809,0,0,-1.79432172852781,-0.0226713311345407,0.00429390348897137,-0,0
14.76,-1.39519750845612,-0.529950917718601,0.832255759489184,-0,0,-1.04443280865179,0.141883178683416,0.319253478726387,0,0,-1.79454823639986,-0.0226311688645649,0.00373855050624022,-0,0
14.77,-1.40045551937348,-0.521662718569124,0.825384070406266,-0,0,-1.04299792837319,0.145101458817478,0.324402548085964,0,0,-1.79477437041687,-0.0225965601244161,0.00318319752350887,-0,0
14.78,-1.40563099188381,-0.513443236310476,0.818512381323348,-0,0,-1.04153060783979,0.148371229645136,0.329551617445542,0,0,-1.79500018611412,-0.0225675049140945,0.00262784454077772,-0,0
14.79,-1.41072461315599,-0.505292470942657,0.81164069224043,-0,0,-1.04003033214465,0.151692491166389,0.33470068680512,0,0,-1.79522573902691,-0.0225440032336006,0.00207249155804638,-0,0
14.8,-1.41573707035896,-0.497210422465666,0.804769003157511,-0,0,-1.03849658638082,0.155065243381238,0.339849756164698,0,0,-1.79545108469056,-0.0225260550829336,0.00151713857531513,-0,0
14.81,-1.42066905066161,-0.489197090879506,0.797897314074593,-0,0,-1.03692885564138,0.158489486289683,0.344998825524276,0,0,-1.79567627864034,-0.0225136604620943,0.00096178559258378,-0,0
14.82,-1.42552124123285,-0.481252476184175,0.791025624991675,-0,0,-1.03532662501938,0.161965219891724,0.350147894883853,0,0,-1.79590137641156,-0.0225068193710819,0.000406432609852629,-0,0
14.83,-1.4302943292416,-0.473376578379673,0.784153935908758,-0,0,-1.0336893796079,0.16549244418736,0.355296964243431,0,0,-1.79612643353953,-0.0225055318098972,-0.000148920372878718,-0,0
14.84,-1.43498900185675,-0.465569397466,0.77728224682584,-0,0,-1.03201660449999,0.169071159176592,0.360446033603009,0,0,-1.79635150555953,-0.0225097977785397,-0.000704273355609868,-0,0
14.85,-1.43960594624722,-0.457830933443156,0.770410557742922,-0,0,-1.03030778478872,0.17270136485942,0.365595102962586,0,0,-1.79657664800686,-0.0225196172770093,-0.00125962633834122,-0,0
14.86,-1.44414584958192,-0.450161186311141,0.763538868660004,-0,0,-1.02856240556715,0.176383061235844,0.370744172322164,0,0,-1.79680191641683,-0.0225349903053064,-0.00181497932107246,-0,0
14.87,-1.44860939902975,-0.442560156069956,0.756667179577086,-0,0,-1.02677995192836,0.180116248305863,0.375893241681742,0,0,-1.79702736632474,-0.0225559168634308,-0.00237033230380371,-0,0
14.88,-1.45299728175962,-0.435027842719599,0.749795490494167,-0,0,-1.02495990896539,0.183900926069479,0.38104231104132,0,0,-1.79725305326587,-0.0225823969513824,-0.00292568528653496,-0,0
14.89,-1.45731018494044,-0.427564246260072,0.742923801411249,-0,0,-1.02310176177132,0.18773709452669,0.386191380400898,0,0,-1.79747903277553,-0.0226144305691614,-0.00348103826926621,-0,0
14.9,-1.46154879574112,-0.420169366691374,0.736052112328332,-0,0,-1.02120499543921,0.191624753677497,0.391340449760475,0,0,-1.79770536038902,-0.0226520177167677,-0.00403639125199746,-0,0
14.91,-1.46571380133057,-0.412843204013505,0.729180423245414,-0,0,-1.01926909506213,0.1955639035219,0.396489519120053,0,0,-1.79793209164163,-0.0226951583942014,-0.00459174423472871,-0,0
14.92,-1.4698058888777,-0.405585758226466,0.722308734162496,-0,0,-1.01729354573313,0.199554544059898,0.401638588479631,0,0,-1.79815928206867,-0.0227438526014623,-0.00514709721745995,-0,0
14.93,-1.4738257455514,-0.398397029330256,0.715437045079578,-0,0,-1.01527783254528,0.203596675291492,0.406787657839208,0,0,-1.79838698720543,-0.0227981003385508,-0.00570245020019125,-0,0
14.94,-1.4777740585206,-0.391277017324875,0.70856535599666,-0,0,-1.01322144059165,0.207690297216682,0.411936727198786,0,0,-1.79861526258721,-0.0228579016054663,-0.00625780318292245,-0,0
14.95,-1.4816515149542,-0.384225722210323,0.701693666913742,-0,0,-1.0111238549653,0.211835409835467,0.417085796558364,0,0,-1.7988441637493,-0.0229232564022091,-0.0068131561656537,-0,0
14.96,-1.48545880202111,-0.377243143986599,0.694821977830823,-0,0,-1.0089845607593,0.21603201314785,0.422234865917942,0,0,-1.79907374622702,-0.0229941647287792,-0.00736850914838505,-0,0
14.97,-1.48919660689024,-0.370329282653706,0.687950288747905,-0,0,-1.0068030430667,0.220280107153827,0.42738393527752,0,0,-1.79930406555564,-0.0230706265851769,-0.0079238621311163,-0,0
14.98,-1.49286561673049,-0.363484138211641,0.681078599664988,-0,0,-1.00457878698058,0.2245796918534,0.432533004637097,0,0,-1.79953517727049,-0.0231526419714016,-0.00847921511384755,-0,0
14.99,-1.49646651871077,-0.356707710660406,0.67420691058207,-0,0,-1.00231127759399,0.228930767246569,0.437682073996675,0,0,-1.79976713690684,-0.0232402108874539,-0.00903456809657879,-0,0
15,-1.5,-0.35,0.667335221499152,-0,0,-1,0.233333333333333,0.442831143356253,0,0,-1.8,-0.0233333333333332,-0.00958992107931004,-0,0
15.01,-1.50346674776708,-0.343361006230424,0.660463532416234,-0,0,-0.997644439291676,0.237787390113694,0.44798021271583,0,0,-1.80023382208527,-0.0234320093090401,-0.0101452740620413,-0,0
15.02,-1.50686744918091,-0.336790729351676,0.653591843333316,-0,0,-0.995244080562081,0.24229293758765,0.453129282075408,0,0,-1.80046865869795,-0.023536238814574,-0.0107006270447725,-0,0
15.03,-1.51020279141041,-0.330289169363757,0.646720154250398,-0,0,-0.992798408904278,0.246849975755202,0.458278351434985,0,0,-1.80070456537333,-0.0236460218499354,-0.0112559800275038,-0,0
15.04,-1.51347346162449,-0.323856326266668,0.639848465167481,-0,0,-0.990306909411332,0.251458504616349,0.463427420794563,0,0,-1.80094159764671,-0.0237613584151242,-0.011811333010235,-0,0
15.05,-1.51668014699205,-0.317492200060407,0.632976776084562,-0,0,-0.987769067176305,0.256118524171093,0.468576490154142,0,0,-1.8011798110534,-0.0238822485101401,-0.0123666859929664,-0,0
15.06,-1.519823534682,-0.311196790744976,0.626105087001644,-0,0,-0.985184367292264,0.260830034419433,0.473725559513719,0,0,-1.80141926112868,-0.0240086921349836,-0.0129220389756976,-0,0
15.07,-1.52290431186325,-0.304970098320374,0.619233397918726,-0,0,-0.982552294852271,0.265593035361368,0.478874628873297,0,0,-1.80166000340786,-0.0241406892896542,-0.0134773919584288,-0,0
15.08,-1.52592316570471,-0.298812122786602,0.612361708835808,-0,0,-0.979872334949392,0.270407526996898,0.484023698232874,0,0,-1.80190209342624,-0.0242782399741521,-0.0140327449411601,-0,0
15.09,-1.52888078337529,-0.292722864143658,0.60549001975289,-0,0,-0.977143972676688,0.275273509326025,0.489172767592452,0,0,-1.80214558671911,-0.0244213441884772,-0.0145880979238914,-0,0
15.1,-1.53177785204389,-0.286702322391544,0.598618330669972,-0,0,-0.974366693127226,0.280190982348747,0.49432183695203,0,0,-1.80239053882178,-0.0245700019326297,-0.0151434509066226,-0,0
15.11,-1.53461505887942,-0.280750497530259,0.591746641587054,-0,0,-0.971539981394068,0.285159946065065,0.499470906311607,0,0,-1.80263700526953,-0.0247242132066098,-0.0156988038893539,-0,0
15.12,-1.53739309105079,-0.274867389559803,0.584874952504137,-0,0,-0.968663322570279,0.290180400474979,0.504619975671185,0,0,-1.80288504159767,-0.0248839780104168,-0.0162541568720851,-0,0
15.13,-1.54011263572692,-0.269052998480176,0.578003263421218,-0,0,-0.965736201748923,0.29525234557849,0.509769045030764,0,0,-1.8031347033415,-0.0250492963440515,-0.0168095098548164,-0,0
15.14,-1.5427743800767,-0.263307324291378,0.5711315743383,-0,0,-0.962758104023064,0.300375781375595,0.514918114390341,0,0,-1.80338604603632,-0.0252201682075132,-0.0173648628375476,-0,0
15.15,-1.54537901126905,-0.25763036699341,0.564259885255382,-0,0,-0.959728514485766,0.305550707866296,0.520067183749919,0,0,-1.80363912521742,-0.0253965936008022,-0.0179202158202789,-0,0
15.16,-1.54792721647287,-0.252022126586271,0.557388196172464,-0,0,-0.956646918230093,0.310777125050593,0.525216253109496,0,0,-1.8038939964201,-0.0255785725239187,-0.0184755688030102,-0,0
15.17,-1.55041968285708,-0.246482603069961,0.550516507089546,-0,0,-0.953512800349109,0.316055032928486,0.530365322469074,0,0,-1.80415071517967,-0.0257661049768626,-0.0190309217857414,-0,0
15.18,-1.55285709759057,-0.24101179644448,0.543644818006628,-0,0,-0.950325645935878,0.321384431499974,0.535514391828652,0,0,-1.80440933703141,-0.0259591909596335,-0.0195862747684727,-0,0
15.19,-1.55524014784227,-0.235609706709829,0.536773128923711,-0,0,-0.947084940083464,0.326765320765059,0.540663461188229,0,0,-1.80466991751062,-0.0261578304722321,-0.0201416277512039,-0,0
15.2,-1.55756952078107,-0.230276333866006,0.529901439840793,-0,0,-0.943790167884931,0.332197700723739,0.545812530547807,0,0,-1.80493251215262,-0.0263620235146576,-0.0206969807339352,-0,0
15.21,-1.55984590357589,-0.225011677913012,0.523029750757874,-0,0,-0.940440814433343,0.337681571376016,0.550961599907386,0,0,-1.80519717649268,-0.0265717700869108,-0.0212523337166665,-0,0
15.22,-1.56206998339564,-0.219815738850848,0.516158061674956,-0,0,-0.937036364821765,0.343216932721887,0.556110669266963,0,0,-1.80546396606612,-0.0267870701889909,-0.0218076866993978,-0,0
15.23,-1.56424244740921,-0.214688516679513,0.509286372592038,-0,0,-0.933576304143261,0.348803784761355,0.561259738626541,0,0,-1.80573293640823,-0.0270079238208988,-0.022363039682129,-0,0
15.24,-1.56636398278553,-0.209630011399007,0.50241468350912,-0,0,-0.930060117490893,0.354442127494418,0.566408807986118,0,0,-1.80600414305431,-0.0272343309826338,-0.0229183926648603,-0,0
15.25,-1.56843527669349,-0.204640223009331,0.495542994426202,-0,0,-0.926487289957727,0.360131960921077,0.571557877345696,0,0,-1.80627764153965,-0.0274662916741958,-0.0234737456475915,-0,0
15.26,-1.57045701630202,-0.199719151510484,0.488671305343284,-0,0,-0.922857306636826,0.365873285041332,0.576706946705274,0,0,-1.80655348739956,-0.0277038058955855,-0.0240290986303226,-0,0
15.27,-1.57242988878001,-0.194866796902465,0.481799616260367,-0,0,-0.919169652621255,0.371666099855182,0.581856016064851,0,0,-1.80683173616933,-0.0279468736468023,-0.0245844516130539,-0,0
15.28,-1.57435458129637,-0.190083159185277,0.474927927177449,-0,0,-0.915423813004078,0.377510405362628,0.587005085424429,0,0,-1.80711244338426,-0.0281954949278465,-0.0251398045957851,-0,0
15.29,-1.57623178102002,-0.185368238358917,0.468056238094531,-0,0,-0.911619272878357,0.38340620156367,0.592154154784007,0,0,-1.80739566457965,-0.0284496697387181,-0.0256951575785164,-0,0
15.3,-1.57806217511985,-0.180722034423385,0.461184549011612,-0,0,-0.907755517337158,0.389353488458309,0.597303224143585,0,0,-1.8076814552908,-0.0287093980794168,-0.0262505105612477,-0,0
15.31,-1.57984645076479,-0.176144547378684,0.454312859928694,-0,0,-0.903832031473546,0.395352266046543,0.602452293503163,0,0,-1.807969871053,-0.0289746799499429,-0.026805863543979,-0,0
15.32,-1.58158529512373,-0.171635777224812,0.447441170845776,-0,0,-0.899848300380582,0.401402534328372,0.60760136286274,0,0,-1.80826096740156,-0.0292455153502966,-0.0273612165267104,-0,0
15.33,-1.58327939536559,-0.167195723961768,0.440569481762859,-0,0,-0.895803809151333,0.407504293303797,0.612750432222318,0,0,-1.80855479987178,-0.0295219042804773,-0.0279165695094413,-0,0
15.34,-1.58492943865927,-0.162824387589555,0.433697792679941,-0,0,-0.891698042878861,0.413657542972818,0.617899501581896,0,0,-1.80885142399894,-0.0298038467404854,-0.0284719224921727,-0,0
15.35,-1.58653611217368,-0.15852176810817,0.426826103597023,-0,0,-0.887530486656231,0.419862283335435,0.623048570941473,0,0,-1.80915089531835,-0.0300913427303206,-0.029027275474904,-0,0
15.36,-1.58810010307773,-0.154287865517614,0.419954414514105,-0,0,-0.883300625576507,0.426118514391648,0.628197640301051,0,0,-1.80945326936531,-0.0303843922499833,-0.0295826284576354,-0,0
15.37,-1.58962209854033,-0.150122679817888,0.413082725431187,-0,0,-0.879007944732753,0.432426236141456,0.633346709660629,0,0,-1.80975860167512,-0.0306829952994734,-0.0301379814403663,-0,0
15.38,-1.59110278573039,-0.14602621100899,0.406211036348268,-0,0,-0.874651929218032,0.438785448584861,0.638495779020207,0,0,-1.81006694778307,-0.0309871518787907,-0.030693334423098,-0,0
15.39,-1.59254285181682,-0.141998459090922,0.39933934726535,-0,0,-0.87023206412541,0.445196151721861,0.643644848379785,0,0,-1.81037836322446,-0.0312968619879353,-0.0312486874058289,-0,0
15.4,-1.59394298396851,-0.138039424063683,0.392467658182432,-0,0,-0.86574783454795,0.451658345552456,0.648793917739362,0,0,-1.81069290353459,-0.0316121256269073,-0.0318040403885603,-0,0
15.41,-1.59530386935439,-0.134149105927274,0.385595969099514,-0,0,-0.861198725578716,0.458172030076648,0.65394298709894,0,0,-1.81101062424876,-0.0319329427957065,-0.0323593933712916,-0,0
15.42,-1.59662619514336,-0.130327504681693,0.378724280016597,-0,0,-0.856584222310772,0.464737205294435,0.659092056458518,0,0,-1.81133158090227,-0.0322593134943331,-0.032914746354023,-0,0
15.43,-1.59791064850433,-0.126574620326942,0.371852590933679,-0,0,-0.851903809837182,0.471353871205818,0.664241125818095,0,0,-1.81165582903042,-0.032591237722787,-0.0334700993367539,-0,0
15.44,-1.5991579166062,-0.12289045286302,0.364980901850761,-0,0,-0.847156973251011,0.478022027810797,0.669390195177673,0,0,-1.81198342416849,-0.0329287154810682,-0.0340254523194853,-0,0
15.45,-1.60036868661789,-0.119275002289927,0.358109212767843,-0,0,-0.842343197645321,0.484741675109371,0.674539264537251,0,0,-1.8123144218518,-0.0332717467691766,-0.0345808053022166,-0,0
15.46,-1.60154364570831,-0.115728268607662,0.351237523684924,-0,0,-0.837461968113177,0.491512813101543,0.679688333896829,0,0,-1.81264887761564,-0.0336203315871125,-0.0351361582849479,-0,0
15.47,-1.60268348104635,-0.112250251816228,0.344365834602006,-0,0,-0.832512769747644,0.498335441787308,0.684837403256407,0,0,-1.81298684699531,-0.0339744699348756,-0.0356915112676792,-0,0
15.48,-1.60378887980093,-0.108840951915622,0.337494145519088,-0,0,-0.827495087641786,0.50520956116667,0.689986472615984,0,0,-1.81332838552611,-0.0343341618124661,-0.0362468642504106,-0,0
15.49,-1.60486052914096,-0.105500368905846,0.330622456436171,-0,0,-0.822408406888666,0.512135171239628,0.695135541975562,0,0,-1.81367354874333,-0.0346994072198839,-0.0368022172331415,-0,0
15.5,-1.60589911623535,-0.102228502786899,0.323750767353253,-0,0,-0.817252212581348,0.519112272006181,0.70028461133514,0,0,-1.81402239218227,-0.0350702061571289,-0.0373575702158729,-0,0
15.51,-1.60690532825301,-0.0990253535587813,0.316879078270335,-0,0,-0.812025989812897,0.52614086346633,0.705433680694717,0,0,-1.81437497137824,-0.0354465586242013,-0.0379129231986042,-0,0
15.52,-1.60787985236283,-0.0958909212214927,0.310007389187417,-0,0,-0.806729223676376,0.533220945620075,0.710582750054295,0,0,-1.81473134186652,-0.035828464621101,-0.0384682761813352,-0,0
15.53,-1.60882337573374,-0.092825205775033,0.303135700104499,-0,0,-0.801361399264851,0.540352518467416,0.715731819413872,0,0,-1.81509155918242,-0.036215924147828,-0.0390236291640665,-0,0
15.54,-1.60973658553463,-0.0898282072194027,0.296264011021581,-0,0,-0.795922001671383,0.547535582008353,0.72088088877345,0,0,-1.81545567886124,-0.0366089372043823,-0.0395789821467979,-0,0
15.55,-1.61062016893443,-0.086899925554601,0.289392321938662,-0,0,-0.790410515989037,0.554770136242886,0.726029958133028,0,0,-1.81582375643828,-0.037007503790764,-0.0401343351295291,-0,0
15.56,-1.61147481310203,-0.0840403607806292,0.282520632855744,-0,0,-0.784826427310879,0.562056181171014,0.731179027492606,0,0,-1.81619584744882,-0.037411623906973,-0.0406896881122605,-0,0
15.57,-1.61230120520634,-0.0812495128974861,0.275648943772827,-0,0,-0.779169220729972,0.569393716792738,0.736328096852184,0,0,-1.81657200742818,-0.0378212975530091,-0.0412450410949918,-0,0
15.58,-1.61310003241628,-0.0785273819051727,0.268777254689909,-0,0,-0.77343838133938,0.576782743108058,0.741477166211762,0,0,-1.81695229191165,-0.0382365247288727,-0.0418003940777228,-0,0
15.59,-1.61387198190075,-0.0758739678036882,0.261905565606991,-0,0,-0.767633394232166,0.584223260116973,0.746626235571339,0,0,-1.81733675643453,-0.0386573054345636,-0.0423557470604545,-0,0
15.6,-1.61461774082866,-0.0732892705930327,0.255033876524073,-0,0,-0.761753744501395,0.591715267819484,0.751775304930917,0,0,-1.81772545653211,-0.0390836396700818,-0.0429111000431854,-0,0
15.61,-1.61533799636891,-0.0707732902732068,0.248162187441155,-0,0,-0.755798917240131,0.599258766215591,0.756924374290494,0,0,-1.81811844773969,-0.0395155274354273,-0.0434664530259164,-0,0
15.62,-1.61603343569042,-0.06832602684421,0.241290498358237,-0,0,-0.749768397541438,0.606853755305294,0.762073443650072,0,0,-1.81851578559258,-0.0399529687306002,-0.0440218060086481,-0,0
15.63,-1.6167047459621,-0.0659474803060419,0.234418809275318,-0,0,-0.743661670498379,0.614500235088593,0.76722251300965,0,0,-1.81891752562607,-0.0403959635556004,-0.044577158991379,-0,0
15.64,-1.61735261435285,-0.0636376506587031,0.227547120192401,-0,0,-0.73747822120402,0.622198205565487,0.772371582369228,0,0,-1.81932372337546,-0.0408445119104278,-0.0451325119741107,-0,0
15.65,-1.61797772803158,-0.0613965379021938,0.220675431109483,-0,0,-0.731217534751424,0.629947666735977,0.777520651728806,0,0,-1.81973443437605,-0.0412986137950825,-0.0456878649568417,-0,0
15.66,-1.61858077416719,-0.0592241420365137,0.213803742026565,-0,0,-0.724879096233655,0.637748618600063,0.782669721088383,0,0,-1.82014971416313,-0.0417582692095646,-0.0462432179395727,-0,0
15.67,-1.61916243992861,-0.0571204630616624,0.206932052943647,-0,0,-0.718462390743778,0.645601061157745,0.787818790447961,0,0,-1.820569618272,-0.0422234781538739,-0.0467985709223044,-0,0
15.68,-1.61972341248473,-0.0550855009776408,0.200060363860729,-0,0,-0.711966903374855,0.653504994409022,0.792967859807539,0,0,-1.82099420223797,-0.0426942406280107,-0.0473539239050353,-0,0
15.69,-1.62026437900447,-0.0531192557844482,0.193188674777811,-0,0,-0.705392119219952,0.661460418353895,0.798116929167116,0,0,-1.82142352159633,-0.0431705566319747,-0.0479092768877671,-0,0
15.7,-1.62078602665672,-0.0512217274820846,0.186316985694894,-0,0,-0.698737523372132,0.669467332992364,0.803265998526694,0,0,-1.82185763188238,-0.043652426165766,-0.048464629870498,-0,0
15.71,-1.62128904261041,-0.0493929160705499,0.179445296611974,-0,0,-0.692002600924459,0.67752573832443,0.808415067886272,0,0,-1.82229658863141,-0.0441398492293847,-0.0490199828532297,-0,0
15.72,-1.62177411403444,-0.0476328215498449,0.172573607529057,-0,0,-0.685186836969998,0.685635634350091,0.81356413724585,0,0,-1.82274044737873,-0.0446328258228306,-0.0495753358359606,-0,0
15.73,-1.62224192809771,-0.045941443919969,0.165701918446139,-0,0,-0.678289716601812,0.693797021069347,0.818713206605428,0,0,-1.82318926365963,-0.0451313559461039,-0.0501306888186916,-0,0
15.74,-1.62269317196914,-0.044318783180922,0.158830229363221,-0,0,-0.671310724912966,0.702009898482199,0.823862275965005,0,0,-1.82364309300942,-0.0456354395992044,-0.0506860418014233,-0,0
15.75,-1.62312853281763,-0.0427648393327046,0.151958540280303,-0,0,-0.664249346996523,0.710274266588647,0.829011345324583,0,0,-1.82410199096339,-0.0461450767821323,-0.0512413947841543,-0,0
15.76,-1.62354860096429,-0.0412505580351735,0.150897719225932,-0,0,-0.657105340440827,0.718508376804798,0.817810697905678,-0,0,-1.82456598989385,-0.0466533186026122,-0.05040696931182,0,0
15.77,-1.62395357933904,-0.039746884948186,0.149836898171561,-0,0,-0.649879552815341,0.72663048054676,0.806610050486773,-0,0,-1.82503502952126,-0.0471532161683687,-0.0495725438394859,0,0
15.78,-1.62434357402396,-0.0382538200717423,0.148776077117191,-0,0,-0.642573104184806,0.734640577814533,0.795409403067868,-0,0,-1.82550902640304,-0.0476447694794019,-0.0487381183671517,0,0
15.79,-1.62471869110117,-0.0367713634058423,0.14771525606282,-0,0,-0.635187114613965,0.742538668608117,0.784208755648963,-0,0,-1.82598789709666,-0.0481279785357117,-0.0479036928948176,0,0
15.8,-1.62507903665278,-0.0352995149504857,0.146654435008449,-0,0,-0.627722704167557,0.750324752927513,0.773008108230056,-0,0,-1.82647155815957,-0.0486028433372983,-0.0470692674224836,0,0
15.81,-1.62542471676088,-0.0338382747056731,0.145593613954078,-0,0,-0.620180992910328,0.757998830772719,0.761807460811151,-0,0,-1.82695992614922,-0.0490693638841615,-0.0462348419501495,0,0
15.82,-1.62575583750759,-0.0323876426714042,0.144532792899707,-0,0,-0.612563100907017,0.765560902143736,0.750606813392246,-0,0,-1.82745291762307,-0.0495275401763013,-0.0454004164778153,0,0
15.83,-1.62607250497501,-0.030947618847679,0.143471971845336,-0,0,-0.604870148222367,0.773010967040564,0.73940616597334,-0,0,-1.82795044913857,-0.0499773722137177,-0.0445659910054812,0,0
15.84,-1.62637482524525,-0.0295182032344975,0.142411150790966,-0,0,-0.59710325492112,0.780349025463202,0.728205518554435,-0,0,-1.82845243725316,-0.0504188599964109,-0.043731565533147,0,0
15.85,-1.62666290440041,-0.0280993958318597,0.141350329736595,-0,0,-0.589263541068017,0.787575077411652,0.71700487113553,-0,0,-1.82895879852431,-0.0508520035243807,-0.0428971400608129,0,0
15.86,-1.62693684852259,-0.0266911966397657,0.140289508682224,-0,0,-0.581352126727801,0.794689122885913,0.705804223716625,-0,0,-1.82946944950947,-0.0512768027976271,-0.0420627145884787,0,0
15.87,-1.6271967636939,-0.0252936056582154,0.139228687627854,-0,0,-0.573370131965213,0.801691161885984,0.69460357629772,-0,0,-1.82998430676608,-0.0516932578161503,-0.0412282891161454,0,0
15.88,-1.62744275599645,-0.0239066228872084,0.138167866573482,-0,0,-0.565318676844994,0.808581194411868,0.683402928878813,-0,0,-1.83050328685161,-0.0521013685799501,-0.0403938636438106,0,0
15.89,-1.62767493151235,-0.0225302483267455,0.137107045519111,-0,0,-0.557198881431889,0.815359220463561,0.672202281459908,-0,0,-1.8310263063235,-0.0525011350890265,-0.0395594381714764,0,0
15.9,-1.62789339632369,-0.0211644819768263,0.136046224464741,-0,0,-0.549011865790638,0.822025240041066,0.661001634041002,-0,0,-1.83155328173921,-0.0528925573433796,-0.0387250126991423,0,0
15.91,-1.62809825651259,-0.0198093238374507,0.13498540341037,-0,0,-0.540758749985982,0.828579253144381,0.649800986622097,-0,0,-1.83208412965619,-0.0532756353430094,-0.0378905872268082,0,0
15.92,-1.62828961816114,-0.0184647739086189,0.133924582355999,-0,0,-0.532440654082664,0.835021259773507,0.638600339203192,-0,0,-1.83261876663189,-0.0536503690879157,-0.037056161754474,0,0
15.93,-1.62846758735146,-0.0171308321903307,0.132863761301629,-0,0,-0.524058698145426,0.841351259928445,0.627399691784287,-0,0,-1.83315710922376,-0.0540167585780988,-0.0362217362821399,0,0
15.94,-1.62863227016565,-0.0158074986825864,0.131802940247258,-0,0,-0.51561400223901,0.847569253609193,0.616199044365382,-0,0,-1.83369907398927,-0.0543748038135585,-0.0353873108098065,0,0
15.95,-1.62878377268582,-0.0144947733853857,0.130742119192887,-0,0,-0.507107686428157,0.853675240815752,0.604998396946477,-0,0,-1.83424457748585,-0.0547245047942949,-0.0345528853374724,0,0
15.96,-1.62892220099406,-0.0131926562987285,0.129681298138516,-0,0,-0.498540870777607,0.859669221548123,0.59379774952757,-0,0,-1.83479353627097,-0.055065861520308,-0.033718459865138,0,0
15.97,-1.62904766117249,-0.0119011474226152,0.128620477084145,-0,0,-0.489914675352107,0.865551195806304,0.582597102108665,-0,0,-1.83534586690207,-0.0553988739915978,-0.0328840343928039,0,0
15.98,-1.62916025930321,-0.0106202467570457,0.127559656029774,-0,0,-0.481230220216396,0.871321163590296,0.571396454689759,-0,0,-1.83590148593662,-0.055723542208164,-0.0320496089204697,0,0
15.99,-1.62926010146833,-0.00934995430201974,0.126498834975404,-0,0,-0.472488625435215,0.876979124900099,0.560195807270854,-0,0,-1.83646030993205,-0.0560398661700071,-0.0312151834481356,0,0
16,-1.62934729374996,-0.00809027005753759,0.125438013921033,-0,0,-0.463691011073308,0.882525079735713,0.548995159851949,-0,0,-1.83702225544584,-0.0563478458771268,-0.0303807579758014,0,0
16.01,-1.62942194223019,-0.00684119402359895,0.124377192866662,-0,0,-0.454838497195414,0.887959028097139,0.537794512433042,-0,0,-1.83758723903542,-0.0566474813295232,-0.029546332503467,0,0
16.02,-1.62948415299113,-0.00560272620020441,0.123316371812291,-0,0,-0.445932203866279,0.893280969984374,0.526593865014139,-0,0,-1.83815517725824,-0.0569387725271961,-0.0287119070311331,0,0
16.03,-1.62953403211489,-0.00437486658735313,0.12225555075792,-0,0,-0.436973251150641,0.898490905397421,0.515393217595232,-0,0,-1.83872598667178,-0.0572217194701458,-0.0278774815587991,0,0
16.04,-1.62957168568358,-0.00315761518504602,0.121194729703549,-0,0,-0.427962759113246,0.903588834336278,0.504192570176329,-0,0,-1.83929958383346,-0.0574963221583721,-0.0270430560864648,0,0
16.05,-1.6295972197793,-0.0019509719932822,0.120133908649178,-0,0,-0.41890184781883,0.908574756800948,0.492991922757421,-0,0,-1.83987588530076,-0.0577625805918751,-0.0262086306141308,0,0
16.06,-1.62961074048415,-0.00075493701206256,0.119073087594808,-0,0,-0.409791637332141,0.913448672791427,0.481791275338519,-0,0,-1.84045480763112,-0.0580204947706546,-0.0253742051417969,0,0
16.07,-1.62961235388024,0.000430489758613832,0.118012266540437,-0,0,-0.400633247717915,0.918210582307718,0.470590627919612,-0,0,-1.84103626738199,-0.0582700646947111,-0.0245397796694625,0,0
16.08,-1.62960216604968,0.00160530831874609,0.116951445486066,-0,0,-0.391427799040901,0.922860485349819,0.459389980500708,-0,0,-1.84162018111083,-0.0585112903640439,-0.0237053541971286,0,0
16.09,-1.62958028307457,0.00276951866833505,0.115890624431696,-0,0,-0.382176411365833,0.927398381917732,0.448189333081801,-0,0,-1.84220646537509,-0.0587441717786535,-0.0228709287247942,0,0
16.1,-1.62954681103701,0.00392312080738034,0.114829803377324,-0,0,-0.372880204757457,0.931824272011456,0.436988685662894,-0,0,-1.84279503673222,-0.0589687089385399,-0.0220365032524603,0,0
16.11,-1.62950185601912,0.00506611473588152,0.113768982322954,-0,0,-0.363540299280518,0.93613815563099,0.425788038243991,-0,0,-1.84338581173968,-0.0591849018437028,-0.0212020777801259,0,0
16.12,-1.629445524103,0.00619850045383941,0.112708161268583,-0,0,-0.354157814999752,0.940340032776335,0.414587390825084,-0,0,-1.84397870695491,-0.0593927504941424,-0.020367652307792,0,0
16.13,-1.62937792137075,0.00732027796125317,0.111647340214212,-0,0,-0.344733871979906,0.944429903447491,0.40338674340618,-0,0,-1.84457363893538,-0.0595922548898585,-0.0195332268354581,0,0
16.14,-1.62929915390447,0.00843144725812367,0.110586519159841,-0,0,-0.335269590285716,0.948407767644459,0.392186095987273,-0,0,-1.84517052423853,-0.0597834150308516,-0.0186988013631237,0,0
16.15,-1.62920932778628,0.00953200834444993,0.109525698105471,-0,0,-0.325766089981931,0.952273625367237,0.38098544856837,-0,0,-1.84576927942181,-0.059966230917121,-0.0178643758907897,0,0
16.16,-1.62910854909829,0.010621961220233,0.1084648770511,-0,0,-0.316224491133286,0.956027476615826,0.369784801149463,-0,0,-1.84636982104269,-0.0601407025486674,-0.0170299504184554,0,0
16.17,-1.62899692392258,0.0117013058854723,0.107404055996729,-0,0,-0.306645913804526,0.959669321390227,0.358584153730556,-0,0,-1.84697206565861,-0.0603068299254903,-0.0161955249461214,0,0
16.18,-1.62887455834128,0.0127700423401675,0.106343234942358,-0,0,-0.297031478060396,0.963199159690438,0.347383506311653,-0,0,-1.84757592982702,-0.0604646130475899,-0.0153610994737871,0,0
16.19,-1.62874155843648,0.0138281705843193,0.105282413887987,-0,0,-0.287382303965632,0.96661699151646,0.336182858892746,-0,0,-1.84818133010537,-0.0606140519149661,-0.0145266740014531,0,0
16.2,-1.62859803029029,0.0148756906179272,0.104221592833616,-0,0,-0.277699511584981,0.969922816868292,0.324982211473843,-0,0,-1.84878818305113,-0.0607551465276187,-0.0136922485291192,0,0
16.21,-1.62844407998482,0.0159126024409915,0.103160771779246,-0,0,-0.26798422098318,0.973116635745936,0.313781564054936,-0,0,-1.84939640522174,-0.0608878968855482,-0.0128578230567848,0,0
16.22,-1.62827981360217,0.0169389060535121,0.102099950724875,-0,0,-0.258237552224977,0.976198448149391,0.302580916636033,-0,0,-1.85000591317466,-0.0610123029887544,-0.0120233975844509,0,0
16.23,-1.62810533722445,0.017954601455489,0.101039129670504,-0,0,-0.248460625375106,0.979168254078657,0.291380269217125,-0,0,-1.85061662346734,-0.0611283648372372,-0.0111889721121167,0,0
16.24,-1.62792075693377,0.018959688646922,0.0999783086161333,-0,0,-0.238654560498318,0.982026053533733,0.280179621798222,-0,0,-1.85122845265722,-0.0612360824309967,-0.0103545466397826,0,0
16.25,-1.62772617881222,0.0199541676278119,0.0989174875617622,-0,0,-0.228820477659346,0.984771846514621,0.268978974379315,-0,0,-1.85184131730177,-0.0613354557700329,-0.00952012116744842,0,0
16.26,-1.62752170894191,0.0209380383981578,0.0978566665073912,-0,0,-0.218959496922936,0.98740563302132,0.257778326960408,-0,0,-1.85245513395844,-0.0614264848543458,-0.00868569569511424,0,0
16.27,-1.62730745340496,0.0219113009579596,0.0967958454530206,-0,0,-0.209072738353834,0.989927413053829,0.246577679541505,-0,0,-1.85306981918468,-0.0615091696839352,-0.00785127022278012,0,0
16.28,-1.62708351828346,0.0228739553072181,0.0957350243986496,-0,0,-0.199161322016774,0.99233718661215,0.235377032122598,-0,0,-1.85368528953794,-0.0615835102588014,-0.00701684475044595,0,0
16.29,-1.62685000965951,0.0238260014459326,0.094674203344279,-0,0,-0.189226367976506,0.994634953696281,0.224176384703695,-0,0,-1.85430146157567,-0.0616495065789442,-0.00618241927811203,0,0
16.3,-1.62660703361524,0.0247674393741035,0.0936133822899082,-0,0,-0.179268996297763,0.996820714306224,0.212975737284788,-0,0,-1.85491825185533,-0.0617071586443637,-0.00534799380577785,0,0
16.31,-1.62635469623273,0.0256982690917307,0.0925525612355375,-0,0,-0.169290327045296,0.998894468441977,0.201775089865884,-0,0,-1.85553557693438,-0.0617564664550597,-0.00451356833344373,0,0
16.32,-1.62609310359411,0.0266184905988143,0.0914917401811665,-0,0,-0.159291480283838,1.00085621610354,0.190574442446977,-0,0,-1.85615335337025,-0.0617974300110326,-0.00367914286110956,0,0
16.33,-1.62582236178146,0.027528103895354,0.0904309191267959,-0,0,-0.149273576078139,1.00270595729092,0.179373795028074,-0,0,-1.85677149772042,-0.0618300493122819,-0.00284471738877563,0,0
16.34,-1.6255425768769,0.0284271089813502,0.0893700980724249,-0,0,-0.139237734492934,1.0044436920041,0.168173147609167,-0,0,-1.85738992654232,-0.0618543243588081,-0.00201029191644126,0,0
16.35,-1.62525385496253,0.0293155058568027,0.0883092770180539,-0,0,-0.129185075592968,1.0060694202431,0.15697250019026,-0,0,-1.85800855639341,-0.0618702551506107,-0.00117586644410709,0,0
16.36,-1.62495630212047,0.0301932945217111,0.0872484559636834,-0,0,-0.119116719442986,1.00758314200791,0.145771852771357,-0,0,-1.85862730383115,-0.0618778416876903,-0.000341440971773158,0,0
16.37,-1.6246500244328,0.0310604749760762,0.0861876349093123,-0,0,-0.109033786107724,1.00898485729853,0.13457120535245,-0,0,-1.85924608541298,-0.0618770839700462,0.00049298450056111,0,0
16.38,-1.62433512798165,0.0319170472198974,0.0851268138549417,-0,0,-0.0989373956519303,1.01027456611496,0.123370557933547,-0,0,-1.85986481769637,-0.061867981997679,0.00132740997289504,0,0
16.39,-1.62401171884911,0.0327630112531752,0.0840659928005707,-0,0,-0.0888286681403394,1.0114522684572,0.112169910514639,-0,0,-1.86048341723875,-0.0618505357705883,0.00216183544522931,0,0
16.4,-1.62367990311728,0.0335983670759087,0.0830051717462002,-0,0,-0.0787087236377005,1.01251796432525,0.100969263095736,-0,0,-1.86110180059759,-0.0618247452887745,0.00299626091756323,0,0
16.41,-1.62333978686829,0.0344231146880989,0.0819443506918292,-0,0,-0.0685786822087487,1.01347165371911,0.0897686156768291,-0,0,-1.86171988433035,-0.0617906105522371,0.00383068638989751,0,0
16.42,-1.62299147618422,0.0352372540897455,0.0808835296374582,-0,0,-0.0584396639182291,1.01431333663879,0.078567968257922,-0,0,-1.86233758499446,-0.0617481315609763,0.00466511186223178,0,0
16.43,-1.6226350771472,0.0360407852808483,0.0798227085830876,-0,0,-0.0482927888308874,1.01504301308427,0.0673673208390189,-0,0,-1.86295481914738,-0.0616973083149924,0.0054995373345657,0,0
16.44,-1.62227069583931,0.0368337082614075,0.0787618875287166,-0,0,-0.038139177011458,1.01566068305557,0.0561666734201118,-0,0,-1.86357150334657,-0.061638140814285,0.00633396280689997,0,0
16.45,-1.62189843834267,0.0376160230314226,0.077701066474346,-0,0,-0.0279799485246904,1.01616634655267,0.0449660260012086,-0,0,-1.86418755414949,-0.0615706290588544,0.0071683882792339,0,0
16.46,-1.62151841073938,0.0383877295908941,0.076640245419975,-0,0,-0.017816223435319,1.01656000357559,0.0337653785823015,-0,0,-1.86480288811357,-0.0614947730487004,0.00800281375156817,0,0
16.47,-1.62113071911155,0.0391488279398218,0.0755794243656044,-0,0,-0.00764912180809289,1.01684165412432,0.0225647311633984,-0,0,-1.86541742179628,-0.0614105727838231,0.00883723922390212,0,0
16.48,-1.62073546954129,0.0398993180782062,0.0745186033112334,-0,0,0.00252023629225297,1.01701129819886,0.0113640837444913,-0,0,-1.86603107175506,-0.0613180282642223,0.00967166469623637,0,0
16.49,-1.62033276811069,0.0406392000060465,0.0734577822568628,-0,0,0.0126907308009697,1.01706893579921,0.000163436325588151,-0,0,-1.86664375454738,-0.0612171394898983,0.0105060901685703,0,0
16.5,-1.61992272090187,0.0413684737233434,0.0723969612024918,-0,0,0.0228612416533228,1.01701456692537,-0.011037211093319,-0,0,-1.86725538673068,-0.0611079064608509,0.0113405156409046,0,0
16.51,-1.61950543399693,0.0420871392300965,0.0713361401481208,-0,0,0.0330306487845664,1.01684819157734,-0.0222378585122261,-0,0,-1.86786588486241,-0.0609903291770802,0.0121749411132388,0,0
16.52,-1.61908101347797,0.0427951965263058,0.0702753190937502,-0,0,0.0431978321299553,1.01656980975513,-0.0334385059311293,-0,0,-1.86847516550004,-0.0608644076385862,0.0130093665855728,0,0
16.53,-1.6186495654271,0.0434926456119716,0.0692144980393792,-0,0,0.0533616716247546,1.01617942145872,-0.0446391533500364,-0,0,-1.869083145201,-0.0607301418453687,0.013843792057907,0,0
16.54,-1.61821119592643,0.0441794864870934,0.0681536769850087,-0,0,0.0635210472042152,1.01567702668813,-0.0558398007689395,-0,0,-1.86968974052276,-0.060587531797428,0.014678217530241,0,0
16.55,-1.61776601105806,0.0448557191516717,0.0670928559306376,-0,0,0.0736748388036025,1.01506262544334,-0.0670404481878465,-0,0,-1.87029486802277,-0.0604365774947639,0.0155126430025752,0,0
16.56,-1.6173141169041,0.0455213436057063,0.0660320348762671,-0,0,0.0838219263581677,1.01433621772437,-0.0782410956067497,-0,0,-1.87089844425848,-0.0602772789373765,0.0163470684749092,0,0
16.57,-1.61685561954665,0.0461763598491972,0.064971213821896,-0,0,0.0939611898031756,1.01349780353121,-0.0894417430256568,-0,0,-1.87150038578733,-0.0601096361252657,0.0171814939472434,0,0
16.58,-1.61639062506782,0.046820767882144,0.0639103927675255,-0,0,0.104091509073878,1.01254738286386,-0.10064239044456,-0,0,-1.8721006091668,-0.0599336490584316,0.0180159194195774,0,0
16.59,-1.61591923954971,0.0474545677045477,0.0628495717131545,-0,0,0.114211764105538,1.01148495572232,-0.111843037863467,-0,0,-1.87269903095432,-0.0597493177368743,0.0188503448919116,0,0
16.6,-1.61544156907443,0.0480777593164072,0.0617887506587834,-0,0,0.124320834833413,1.01031052210659,-0.123043685282374,-0,0,-1.87329556770735,-0.0595566421605935,0.0196847703642459,0,0
16.61,-1.61495771972408,0.0486903427177231,0.0607279296044129,-0,0,0.134417601192756,1.00902408201667,-0.134244332701277,-0,0,-1.87389013598335,-0.0593556223295893,0.0205191958365798,0,0
16.62,-1.61446779758078,0.0492923179084955,0.0596671085500419,-0,0,0.144500943118832,1.00762563545256,-0.145444980120185,-0,0,-1.87448265233976,-0.0591462582438619,0.0213536213089141,0,0
16.63,-1.61397190872661,0.049883684888724,0.0586062874956713,-0,0,0.154569740546892,1.00611518241426,-0.156645627539088,-0,0,-1.87507303333404,-0.058928549903411,0.022188046781248,0,0
16.64,-1.6134701592437,0.0504644436584089,0.0575454664413003,-0,0,0.164622873412203,1.00449272290178,-0.167846274957995,-0,0,-1.87566119552365,-0.058702497308237,0.0230224722535823,0,0
16.65,-1.61296265521415,0.0510345942175499,0.0564846453869298,-0,0,0.174659221650014,1.0027582569151,-0.179046922376898,-0,0,-1.87624705546603,-0.0584681004583394,0.0238568977259162,0,0
16.66,-1.61244950272005,0.0515941365661476,0.0554238243325587,-0,0,0.184677665195591,1.00091178445424,-0.190247569795805,-0,0,-1.87683052971863,-0.0582253593537187,0.0246913231982504,0,0
16.67,-1.61193080784353,0.0521430707042014,0.0543630032781877,-0,0,0.194677083984188,0.998953305519188,-0.201448217214712,-0,0,-1.87741153483892,-0.0579742739943743,0.0255257486705848,0,0
16.68,-1.61140667666667,0.0526813966317112,0.0533021822238171,-0,0,0.20465635795106,0.996882820109947,-0.212648864633615,-0,0,-1.87798998738434,-0.0577148443803069,0.0263601741429187,0,0
16.69,-1.61087721527159,0.0532091143486778,0.0522413611694461,-0,0,0.214614367031472,0.994700328226516,-0.223849512052522,-0,0,-1.87856580391234,-0.0574470705115159,0.0271945996152529,0,0
16.7,-1.6103425297404,0.0537262238551,0.0511805401150755,-0,0,0.224549991160676,0.992405829868896,-0.235050159471426,-0,0,-1.87913890098039,-0.0571709523880019,0.028029025087587,0,0
16.71,-1.60980272615519,0.0542327251509792,0.0501197190607046,-0,0,0.234462110273936,0.989999325037087,-0.246250806890333,-0,0,-1.87970919514592,-0.0568864900097642,0.0288634505599212,0,0
16.72,-1.60925791059808,0.0547286182363142,0.049058898006334,-0,0,0.244349604306503,0.98748081373109,-0.257451454309236,-0,0,-1.8802766029664,-0.0565936833768035,0.0296978760322551,0,0
16.73,-1.60870818915117,0.0552139031111058,0.047998076951963,-0,0,0.254211353193643,0.984850295950902,-0.268652101728143,-0,0,-1.88084104099927,-0.0562925324891191,0.0305323015045893,0,0
16.74,-1.60815366789656,0.0556885797753534,0.0469372558975924,-0,0,0.264046236870607,0.982107771696528,-0.279852749147046,-0,0,-1.881402425802,-0.0559830373467116,0.0313667269769234,0,0
16.75,-1.60759445291636,0.0561526482290578,0.0458764348432214,-0,0,0.273853135272659,0.979253240967962,-0.291053396565953,-0,0,-1.88196067393203,-0.0556651979495806,0.0322011524492576,0,0
16.76,-1.60703065029268,0.0566061084722181,0.0448156137888504,-0,0,0.283630928335055,0.976286703765208,-0.30225404398486,-0,0,-1.88251570194681,-0.0553390142977266,0.0330355779215917,0,0
16.77,-1.60646236610762,0.0570489605048347,0.0437547927344797,-0,0,0.293378495993049,0.973208160088265,-0.313454691403763,-0,0,-1.8830674264038,-0.055004486391149,0.0338700033939258,0,0
16.78,-1.60588970644329,0.0574812043269077,0.0426939716801087,-0,0,0.303094718181906,0.970017609937132,-0.324655338822671,-0,0,-1.88361576386045,-0.0546616142298478,0.03470442886626,0,0
16.79,-1.60531277738179,0.0579028399384367,0.0416331506257381,-0,0,0.312778474836877,0.966715053311811,-0.335855986241574,-0,0,-1.88416063087421,-0.0543103978138236,0.0355388543385939,0,0
16.8,-1.60473168500522,0.0583138673394223,0.0405723295713673,-0,0,0.322428645893228,0.9633004902123,-0.347056633660481,-0,0,-1.88470194400254,-0.0539508371430759,0.0363732798109283,0,0
16.81,-1.6041465353957,0.0587142865298642,0.0395115085169967,-0,0,0.332044111286209,0.959773920638602,-0.358257281079384,-0,0,-1.88523961980289,-0.0535829322176052,0.0372077052832622,0,0
16.82,-1.60355743463533,0.0591040975097624,0.0384506874626257,-0,0,0.341623750951086,0.956135344590713,-0.369457928498291,-0,0,-1.88577357483271,-0.0532066830374109,0.0380421307555962,0,0
16.83,-1.60296448880621,0.0594833002791166,0.037389866408255,-0,0,0.351166444823109,0.952384762068636,-0.380658575917194,-0,0,-1.88630372564946,-0.0528220896024934,0.0388765562279305,0,0
16.84,-1.60236780399044,0.0598518948379274,0.036329045353884,-0,0,0.360671072837544,0.948522173072369,-0.391859223336101,-0,0,-1.88682998881058,-0.0524291519128523,0.0397109817002645,0,0
16.85,-1.60176748627015,0.0602098811861944,0.035268224299513,-0,0,0.370136514929645,0.944547577601913,-0.403059870755008,-0,0,-1.88735228087353,-0.052027869968488,0.0405454071725989,0,0
16.86,-1.60116364172742,0.0605572593239176,0.0342074032451424,-0,0,0.379561651034668,0.940460975657269,-0.414260518173912,-0,0,-1.88787051839577,-0.0516182437694004,0.0413798326449328,0,0
16.87,-1.60055637644437,0.0608940292510973,0.0331465821907714,-0,0,0.388945361087876,0.936262367238435,-0.425461165592818,-0,0,-1.88838461793474,-0.0512002733155891,0.0422142581172672,0,0
16.88,-1.5999457965031,0.061220190967733,0.0320857611364008,-0,0,0.398286525024522,0.931951752345414,-0.436661813011722,-0,0,-1.8888944960479,-0.0507739586070549,0.0430486835896011,0,0
16.89,-1.59933200798572,0.0615357444738253,0.0310249400820297,-0,0,0.40758402277987,0.927529130978201,-0.447862460430629,-0,0,-1.8894000692927,-0.0503392996437972,0.0438831090619351,0,0
16.9,-1.59871511697433,0.0618406897693737,0.0299641190276591,-0,0,0.416836734289172,0.922994503136801,-0.459063107849532,-0,0,-1.88990125422659,-0.0498962964258164,0.0447175345342694,0,0
16.91,-1.59809522955103,0.0621350268543784,0.0289032979732881,-0,0,0.426043539487692,0.91834786882121,-0.470263755268439,-0,0,-1.89039796740703,-0.0494449489531118,0.0455519600066034,0,0
16.92,-1.59747245179794,0.0624187557288395,0.0278424769189175,-0,0,0.435203318310685,0.913589228031431,-0.481464402687346,-0,0,-1.89089012539147,-0.0489852572256841,0.0463863854789378,0,0
16.93,-1.59684688979716,0.0626918763927568,0.0267816558645469,-0,0,0.444314950693406,0.908718580767463,-0.49266505010625,-0,0,-1.89137764473736,-0.0485172212435331,0.0472208109512717,0,0
16.94,-1.59621864963079,0.0629543888461304,0.0257208348101759,-0,0,0.45337731657112,0.903735927029306,-0.503865697525157,-0,0,-1.89186044200216,-0.0480408410066586,0.0480552364236061,0,0
16.95,-1.59558783738094,0.0632062930889603,0.0246600137558052,-0,0,0.462389295879078,0.898641266816961,-0.515066344944059,-0,0,-1.89233843374331,-0.047556116515061,0.04888966189594,0,0
16.96,-1.59495455912971,0.0634475891212465,0.0235991927014342,-0,0,0.471349768552545,0.893434600130425,-0.526266992362967,-0,0,-1.89281153651828,-0.0470630477687399,0.0497240873682739,0,0
16.97,-1.59431892095921,0.0636782769429889,0.0225383716470636,-0,0,0.480257614526772,0.888115926969702,-0.53746763978187,-0,0,-1.8932796668845,-0.0465616347676956,0.0505585128406083,0,0
16.98,-1.59368102895155,0.0638983565541878,0.0214775505926926,-0,0,0.489111713737024,0.882685247334788,-0.548668287200777,-0,0,-1.89374274139945,-0.0460518775119277,0.0513929383129422,0,0
16.99,-1.59304098918883,0.0641078279548428,0.020416729538322,-0,0,0.497910946118554,0.877142561225686,-0.55986893461968,-0,0,-1.89420067662056,-0.0455337760014368,0.0522273637852762,0,0
17,-1.59239890775316,0.0643066911449541,0.0193559084839509,-0,0,0.506654191606624,0.871487868642394,-0.571069582038587,-0,0,-1.89465338910529,-0.0450073302362222,0.0530617892576105,0,0
17.01,-1.59175489072664,0.0644949461245218,0.0182950874295799,-0,0,0.51534033013649,0.865721169584913,-0.582270229457495,-0,0,-1.8951007954111,-0.0444725402162843,0.0538962147299449,0,0
17.02,-1.59110904419137,0.0646725928935458,0.0172342663752093,-0,0,0.523968241643408,0.859842464053245,-0.593470876876397,-0,0,-1.89554281209544,-0.0439294059416234,0.0547306402022788,0,0
17.03,-1.59046147422947,0.064839631452026,0.0161734453208383,-0,0,0.532536806062641,0.853851752047385,-0.604671524295305,-0,0,-1.89597935571575,-0.0433779274122388,0.0555650656746128,0,0
17.04,-1.58981228692303,0.0649960617999625,0.0151126242664677,-0,0,0.541044903329441,0.847749033567339,-0.615872171714208,-0,0,-1.8964103428295,-0.0428181046281312,0.0563994911469471,0,0
17.05,-1.58916158835417,0.0651418839373554,0.0140518032120967,-0,0,0.549491413379073,0.841534308613101,-0.627072819133115,-0,0,-1.89683568999413,-0.0422499375892999,0.0572339166192815,0,0
17.06,-1.58850948460499,0.0652770978642045,0.0129909821577261,-0,0,0.557875216146789,0.835207577184677,-0.638273466552018,-0,0,-1.8972553137671,-0.0416734262957455,0.058068342091615,0,0
17.07,-1.58785608175759,0.06540170358051,0.011930161103355,-0,0,0.566195191567852,0.828768839282061,-0.649474113970925,-0,0,-1.89766913070587,-0.0410885707474676,0.058902767563949,0,0
17.08,-1.58720148589408,0.0655157010862716,0.0108693400489844,-0,0,0.574450219577516,0.822218094905259,-0.660674761389828,-0,0,-1.89807705736787,-0.0404953709444666,0.0597371930362833,0,0
17.09,-1.58654580309656,0.0656190903814896,0.0098085189946138,-0,0,0.582639180111043,0.815555344054265,-0.671875408808735,-0,0,-1.89847901031057,-0.039893826886742,0.0605716185086173,0,0
17.1,-1.58588913944715,0.0657118714661639,0.00874769794024277,-0,0,0.59076095310369,0.808780586729082,-0.683076056227642,-0,0,-1.89887490609142,-0.039283938574294,0.061406043980952,0,0
17.11,-1.58523160102794,0.0657940443402944,0.00768687688587216,-0,0,0.59881441849071,0.801893822929712,-0.694276703646546,-0,0,-1.89926466126788,-0.038665706007123,0.0622404694532856,0,0
17.12,-1.58457329392105,0.0658656090038813,0.00662605583150114,-0,0,0.60679845620737,0.794895052656151,-0.705477351065453,-0,0,-1.89964819239738,-0.0380391291852283,0.0630748949256204,0,0
17.13,-1.58391432420857,0.0659265654569245,0.00556523477713013,-0,0,0.61471194618892,0.787784275908403,-0.716677998484356,-0,0,-1.9000254160374,-0.0374042081086105,0.0639093203979539,0,0
17.14,-1.58325479797261,0.0659769136994239,0.0045044137227595,-0,0,0.622553768370623,0.780561492686464,-0.727878645903263,-0,0,-1.90039624874537,-0.0367609427772692,0.0647437458702879,0,0
17.15,-1.58259482129528,0.0660166537313796,0.0034435926683885,-0,0,0.630322802687734,0.773226702990339,-0.739079293322166,-0,0,-1.90076060707876,-0.0361093331912048,0.0655781713426222,0,0
17.16,-1.58193450025868,0.0660457855527917,0.00238277161401787,-0,0,0.638017929075516,0.765779906820022,-0.750279940741073,-0,0,-1.90111840759501,-0.0354493793504168,0.0664125968149561,0,0
17.17,-1.58127394094493,0.06606430916366,0.00132195055964726,-0,0,0.645638027469223,0.758221104175515,-0.76148058815998,-0,0,-1.90146956685159,-0.0347810812549055,0.0672470222872909,0,0
17.18,-1.58061324943611,0.0660722245639846,0.000261129505276258,-0,0,0.653181977804112,0.750550295056822,-0.772681235578884,-0,0,-1.90181400140593,-0.0341044389046711,0.0680814477596244,0,0
17.19,-1.57995253181435,0.0660695317537655,-0.000799691549094371,-0,0,0.660648660015445,0.742767479463938,-0.783881882997791,-0,0,-1.9021516278155,-0.033419452299713,0.0689158732319592,0,0
17.2,-1.57929189416174,0.0660562307330027,-0.0018605126034654,-0,0,0.668036954038476,0.734872657396866,-0.795082530416694,-0,0,-1.90248236263774,-0.0327261214400319,0.0697502987042928,0,0
17.21,-1.57863144256039,0.0660323215016962,-0.00292133365783601,-0,0,0.675345739808468,0.726865828855604,-0.806283177835601,-0,0,-1.90280612243012,-0.0320244463256272,0.0705847241766267,0,0
17.22,-1.57797128309241,0.065997804059846,-0.00398215471220701,-0,0,0.682573897260674,0.718746993840155,-0.817483825254504,-0,0,-1.90312282375007,-0.0313144269564994,0.0714191496489611,0,0
17.23,-1.57731152183989,0.0659526784074521,-0.00504297576657764,-0,0,0.689720306330357,0.710516152350514,-0.828684472673411,-0,0,-1.90343238315506,-0.0305960633326481,0.072253575121295,0,0
17.24,-1.57665226488496,0.0658969445445145,-0.00610379682094865,-0,0,0.69678384695277,0.702173304386687,-0.839885120092315,-0,0,-1.90373471720254,-0.0298693554540735,0.0730880005936294,0,0
17.25,-1.57599361830971,0.0658306024710331,-0.00716461787531928,-0,0,0.703763399063177,0.693718449948668,-0.851085767511222,-0,0,-1.90402974244996,-0.0291343033207755,0.0739224260659633,0,0
17.26,-1.57533560263864,0.0657793194675573,-0.00309198281983579,0,0,0.710658065578018,0.685218483392195,-0.84890754378317,0,0,-1.90431737729719,-0.0283914596555934,0.0746463069704248,0,0
17.27,-1.57467789616585,0.0657687628146364,0.000980652235646018,0,0,0.717467841338478,0.676740299073005,-0.84672932005512,0,0,-1.90459754751371,-0.027641377181367,0.0753701878748857,0,0
17.28,-1.57402009162784,0.0657989325122703,0.00505328729113012,0,0,0.724192944166935,0.668283896991093,-0.84455109632707,0,0,-1.90487018071145,-0.0268840558980957,0.0760940687793473,0,0
17.29,-1.57336178176111,0.065869828560459,0.00912592234661183,0,0,0.730833591885757,0.659849277146464,-0.84237287259902,0,0,-1.90513520450231,-0.0261194958057801,0.0768179496838082,0,0
17.3,-1.57270255930213,0.0659814509592025,0.0131985574020951,0,0,0.737390002317322,0.651436439539113,-0.840194648870969,0,0,-1.9053925464982,-0.0253476969044196,0.0775418305882689,0,0
17.31,-1.57204201698742,0.0661337997085008,0.0172711924575776,0,0,0.743862393283997,0.643045384169045,-0.83801642514292,0,0,-1.90564213431103,-0.0245686591940148,0.0782657114927306,0,0
17.32,-1.57137974755346,0.0663268748083541,0.0213438275130611,0,0,0.75025098260816,0.634676111036255,-0.835838201414869,0,0,-1.90588389555272,-0.023782382674565,0.0789895923971913,0,0
17.33,-1.57071534373675,0.066560676258762,0.0254164625685428,0,0,0.756555988112179,0.626328620140748,-0.833659977686819,0,0,-1.90611775783516,-0.0229888673460709,0.0797134733016523,0,0
17.34,-1.57004839827378,0.0668352040597249,0.029489097624027,0,0,0.762777627618432,0.618002911482519,-0.831481753958769,0,0,-1.90634364877028,-0.022188113208532,0.0804373542061138,0,0
17.35,-1.56937850390105,0.0671504582112427,0.0335617326795103,0,0,0.768916118949289,0.60969898506157,-0.829303530230718,0,0,-1.90656149596997,-0.0213801202619484,0.0811612351105753,0,0
17.36,-1.56870525335506,0.0675064387133151,0.0376343677349919,0,0,0.774971679927121,0.601416840877905,-0.827125306502668,0,0,-1.90677122704615,-0.0205648885063205,0.0818851160150363,0,0
17.37,-1.56802823937229,0.0679031455659425,0.0417070027904757,0,0,0.780944528374304,0.593156478931517,-0.824947082774618,0,0,-1.90697276961073,-0.0197424179416477,0.082608996919497,0,0
17.38,-1.56734705468924,0.0683405787691246,0.0457796378459578,0,0,0.786834882113209,0.584917899222413,-0.822768859046568,0,0,-1.90716605127562,-0.0189127085679306,0.0833328778239579,0,0
17.39,-1.5666612920424,0.0688187383228616,0.0498522729014412,0,0,0.79264295896621,0.576701101750586,-0.820590635318517,0,0,-1.90735099965273,-0.0180757603851686,0.0840567587284194,0,0
17.4,-1.56597054416828,0.0693376242271534,0.0539249079569232,0,0,0.798368976755677,0.568506086516043,-0.818412411590467,0,0,-1.90752754235396,-0.0172315733933622,0.0847806396328803,0,0
17.41,-1.56527440380336,0.0698972364820001,0.0579975430124065,0,0,0.804013153303988,0.560332853518777,-0.816234187862417,0,0,-1.90769560699123,-0.0163801475925111,0.0855045205373418,0,0
17.42,-1.56457246368413,0.0704975750874017,0.0620701780678903,0,0,0.809575706433513,0.552181402758792,-0.814055964134366,0,0,-1.90785512117645,-0.0155214829826152,0.0862284014418026,0,0
17.43,-1.56386431654711,0.0711386400433579,0.0661428131233724,0,0,0.815056853966621,0.54405173423609,-0.811877740406316,0,0,-1.90800601252152,-0.014655579563675,0.0869522823462643,0,0
17.44,-1.56314955512877,0.0718204313498691,0.0702154481788559,0,0,0.820456813725691,0.535943847950666,-0.809699516678266,0,0,-1.90814820863836,-0.01378243733569,0.0876761632507251,0,0
17.45,-1.56242777216561,0.072542949006935,0.074288083234338,0,0,0.825775803533092,0.527857743902525,-0.807521292950216,0,0,-1.90828163713887,-0.0129020562986606,0.088400044155186,0,0
17.46,-1.56169856039413,0.0733061930145558,0.0783607182898213,0,0,0.831014041211199,0.519793422091662,-0.805343069222165,0,0,-1.90840622563497,-0.0120144364525862,0.0891239250596475,0,0
17.47,-1.56096151255081,0.0741101633727313,0.0824333533453034,0,0,0.836171744582383,0.511750882518082,-0.803164845494115,0,0,-1.90852190173856,-0.0111195777974677,0.0898478059641084,0,0
17.48,-1.56021622137217,0.074954860081462,0.0865059884007871,0,0,0.841249131469019,0.50373012518178,-0.800986621766065,0,0,-1.90862859306155,-0.010217480333304,0.0905716868685695,0,0
17.49,-1.55946227959468,0.0758402831407471,0.0905786234562693,0,0,0.846246419693476,0.495731150082761,-0.798808398038015,0,0,-1.90872622721586,-0.00930814406009626,0.0912955677730309,0,0
17.5,-1.55869927995485,0.0767664325505873,0.0946512585117526,0,0,0.851163827078131,0.48775395722102,-0.796630174309964,0,0,-1.90881473181339,-0.00839156897784351,0.092019448677492,0,0
17.51,-1.55792681518917,0.0777333083109825,0.0987238935672359,0,0,0.856001571445355,0.479798546596559,-0.794451950581914,0,0,-1.90889403446605,-0.00746775508654612,0.0927433295819531,0,0
17.52,-1.55714447803413,0.078740910421932,0.102796528622718,0,0,0.860759870617519,0.471864918209382,-0.792273726853864,0,0,-1.90896406278576,-0.00653670238620445,0.0934672104864144,0,0
17.53,-1.55635186122623,0.0797892388834367,0.106869163678202,0,0,0.865438942417,0.463953072059482,-0.790095503125813,0,0,-1.90902474438442,-0.00559841087681794,0.0941910913908756,0,0
17.54,-1.55554855750196,0.080878293695496,0.110941798733684,0,0,0.870039004666167,0.456063008146866,-0.787917279397763,0,0,-1.90907600687393,-0.00465288055838698,0.0949149722953365,0,0
17.55,-1.55473415959782,0.0820080748581104,0.115014433789167,0,0,0.874560275187395,0.448194726471528,-0.785739055669712,0,0,-1.90911777786622,-0.00370011143091124,0.0956388531997976,0,0
17.56,-1.5539082602503,0.0831785823712792,0.119087068844649,0,0,0.879002971803055,0.440348227033472,-0.783560831941662,0,0,-1.90914998497319,-0.00274010349439115,0.0963627341042589,0,0
17.57,-1.55307045219589,0.0843898162350034,0.123159703900133,0,0,0.883367312335522,0.432523509832695,-0.781382608213612,0,0,-1.90917255580674,-0.00177285674882601,0.0970866150087201,0,0
17.58,-1.55222032817109,0.0856417764492819,0.127232338955615,0,0,0.887653514607166,0.4247205748692,-0.779204384485562,0,0,-1.9091854179788,-0.000798371194216772,0.097810495913181,0,0
17.59,-1.5513574809124,0.0869344630141155,0.131304974011099,0,0,0.891861796440363,0.416939422142984,-0.777026160757512,0,0,-1.90918849910127,0.000183353169437467,0.0985343768176421,0,0
17.6,-1.55048150315631,0.0882678759295042,0.135377609066582,0,0,0.895992375657485,0.409180051654048,-0.774847937029461,0,0,-1.90918172678605,0.00117231634213649,0.0992582577221037,0,0
17.61,-1.54959198763931,0.0896420151954471,0.139450244122064,0,0,0.900045470080902,0.401442463402395,-0.772669713301411,0,0,-1.90916502864506,0.0021685183238796,0.0999821386265646,0,0
17.62,-1.5486885270979,0.0910568808119455,0.143522879177547,0,0,0.90402129753299,0.39372665738802,-0.770491489573361,0,0,-1.90913833229021,0.0031719591146676,0.100706019531026,0,0
17.63,-1.54777071426857,0.092512472778998,0.14759551423303,0,0,0.90792007583612,0.386032633610928,-0.768313265845311,0,0,-1.9091015653334,0.00418263871449999,0.101429900435487,0,0
17.64,-1.54683814188782,0.094008791096606,0.151668149288513,0,0,0.911742022812666,0.378360392071114,-0.76613504211726,0,0,-1.90905465538655,0.00520055712337725,0.102153781339948,0,0
17.65,-1.54589040269214,0.0955458357647682,0.155740784343995,0,0,0.915487356284999,0.370709932768583,-0.76395681838921,0,0,-1.90899753006157,0.00622571434129891,0.102877662244409,0,0
17.66,-1.54492708941802,0.0971236067834857,0.159813419399479,0,0,0.919156294075495,0.36308125570333,-0.761778594661159,0,0,-1.90893011697036,0.0072581103682654,0.10360154314887,0,0
17.67,-1.54394779480196,0.0987421041527582,0.163886054454962,0,0,0.922749054006525,0.355474360875357,-0.759600370933109,0,0,-1.90885234372484,0.00829774520427654,0.104325424053331,0,0
17.68,-1.54295211158046,0.100401327872585,0.167958689510444,0,0,0.92626585390046,0.347889248284668,-0.757422147205059,0,0,-1.90876413793691,0.00934461884933211,0.105049304957793,0,0
17.69,-1.54193963249001,0.102101277942967,0.172031324565928,0,0,0.929706911579675,0.340325917931257,-0.755243923477009,0,0,-1.90866542721849,0.0103987313034325,0.105773185862254,0,0
17.7,-1.5409099502671,0.103841954363903,0.17610395962141,0,0,0.933072444866542,0.332784369815128,-0.753065699748959,0,0,-1.90855613918148,0.011460082566577,0.106497066766715,0,0
17.71,-1.53986265764823,0.105623357135395,0.180176594676893,0,0,0.936362671583435,0.325264603936278,-0.750887476020908,0,0,-1.9084362014378,0.0125286726387666,0.107220947671176,0,0
17.72,-1.53879734736989,0.107445486257441,0.184249229732376,0,0,0.939577809552725,0.31776662029471,-0.748709252292858,0,0,-1.90830554159934,0.0136045015200005,0.107944828575637,0,0
17.73,-1.53771361216858,0.109308341730043,0.188321864787859,0,0,0.942718076596787,0.310290418890421,-0.746531028564808,0,0,-1.90816408727803,0.0146875692102794,0.108668709480098,0,0
17.74,-1.53661104478079,0.111211923553198,0.192394499843341,0,0,0.945783690537991,0.302835999723415,-0.744352804836758,0,0,-1.90801176608577,0.0157778757096025,0.109392590384559,0,0
17.75,-1.53548923794301,0.11315623172691,0.196467134898825,0,0,0.948774869198713,0.295403362793686,-0.742174581108707,0,0,-1.90784850563448,0.0168754210179707,0.110116471289021,0,0
17.76,-1.53434778439175,0.115141266251175,0.200539769954308,0,0,0.951691830401323,0.287992508101238,-0.739996357380656,0,0,-1.90767423353605,0.0179802051353831,0.110840352193482,0,0
17.77,-1.53318627686349,0.117167027125995,0.20461240500979,0,0,0.954534791968195,0.280603435646073,-0.737818133652607,0,0,-1.90748887740241,0.0190922280618401,0.111564233097943,0,0
17.78,-1.53200430809473,0.119233514351371,0.208685040065273,0,0,0.957303971721702,0.273236145428186,-0.735639909924556,0,0,-1.90729236484545,0.0202114897973421,0.112288114002404,0,0
17.79,-1.53080147082196,0.121340727927301,0.212757675120756,0,0,0.959999587484216,0.265890637447583,-0.733461686196506,0,0,-1.9070846234771,0.0213379903418881,0.113011994906865,0,0
17.8,-1.52957735778168,0.123488667853786,0.216830310176239,0,0,0.962621857078111,0.258566911704256,-0.731283462468455,0,0,-1.90686558090925,0.0224717296954794,0.113735875811326,0,0
17.81,-1.52833156171038,0.125677334130826,0.220902945231721,0,0,0.965170998325759,0.251264968198214,-0.729105238740406,0,0,-1.90663516475382,0.0236127078581147,0.114459756715787,0,0
17.82,-1.52706367534456,0.12790672675842,0.224975580287205,0,0,0.967647229049533,0.243984806929449,-0.726927015012355,0,0,-1.90639330262272,0.0247609248297949,0.115183637620249,0,0
17.83,-1.52577329142071,0.130176845736569,0.229048215342687,0,0,0.970050767071805,0.236726427897967,-0.724748791284305,0,0,-1.90613992212786,0.0259163806105194,0.115907518524709,0,0
17.84,-1.52446000267533,0.132487691065274,0.23312085039817,0,0,0.97238183021495,0.229489831103763,-0.722570567556255,0,0,-1.90587495088115,0.0270790752002892,0.116631399429171,0,0
17.85,-1.5231234018449,0.134839262744534,0.237193485453654,0,0,0.974640636301339,0.222275016546839,-0.720392343828204,0,0,-1.90559831649449,0.0282490085991033,0.117355280333632,0,0
17.86,-1.52176308166594,0.137231560774347,0.241266120509136,0,0,0.976827403153344,0.215081984227199,-0.718214120100154,0,0,-1.90530994657981,0.0294261808069618,0.118079161238093,0,0
17.87,-1.52037863487492,0.139664585154716,0.245338755564619,0,0,0.97894234859334,0.207910734144837,-0.716035896372104,0,0,-1.90500976874899,0.0306105918238652,0.118803042142554,0,0
17.88,-1.51896965420834,0.142138335885639,0.249411390620102,0,0,0.980985690443699,0.200761266299757,-0.713857672644054,0,0,-1.90469771061396,0.0318022416498126,0.119526923047015,0,0
17.89,-1.5175357324027,0.144652812967118,0.253484025675585,0,0,0.982957646526793,0.193633580691956,-0.711679448916003,0,0,-1.90437369978663,0.0330011302848055,0.120250803951477,0,0
17.9,-1.5160764621945,0.147208016399151,0.257556660731067,0,0,0.984858434664995,0.186527677321438,-0.709501225187953,0,0,-1.9040376638789,0.0342072577288422,0.120974684855937,0,0
17.91,-1.51459143632022,0.14980394618174,0.261629295786551,0,0,0.986688272680679,0.179443556188197,-0.707323001459903,0,0,-1.90368953050269,0.0354206239819241,0.121698565760399,0,0
17.92,-1.51308024751636,0.152440602314883,0.265701930842034,0,0,0.988447378396217,0.172381217292237,-0.705144777731852,0,0,-1.9033292272699,0.0366412290440506,0.12242244666486,0,0
17.93,-1.51154248851942,0.15511798479858,0.269774565897516,0,0,0.990135969633982,0.165340660633561,-0.702966554003802,0,0,-1.90295668179245,0.0378690729152212,0.123146327569321,0,0
17.94,-1.50997775206588,0.157836093632833,0.273847200953,0,0,0.991754264216346,0.158321886212162,-0.700788330275751,0,0,-1.90257182168223,0.039104155595437,0.123870208473782,0,0
17.95,-1.50838563089226,0.16059492881764,0.277919836008482,0,0,0.993302479965682,0.151324894028046,-0.698610106547702,0,0,-1.90217457455118,0.0403464770846969,0.124594089378243,0,0
17.96,-1.50676571773503,0.163394490353003,0.281992471063965,0,0,0.994780834704365,0.144349684081208,-0.696431882819651,0,0,-1.90176486801118,0.0415960373830019,0.125317970282705,0,0
17.97,-1.5051176053307,0.166234778238919,0.286065106119447,0,0,0.996189546254764,0.137396256371653,-0.694253659091601,0,0,-1.90134262967415,0.042852836490351,0.126041851187166,0,0
17.98,-1.50344088641575,0.169115792475391,0.290137741174931,0,0,0.997528832439255,0.130464610899376,-0.692075435363551,0,0,-1.90090778715201,0.044116874406745,0.126765732091627,0,0
17.99,-1.50173515372669,0.172037533062418,0.294210376230413,0,0,0.998798911080209,0.123554747664382,-0.689897211635501,0,0,-1.90046026805665,0.0453881511321834,0.127489612996088,0,0
18,-1.5,0.175,0.298283011285896,0,0,1,0.116666666666667,-0.68771898790745,0,0,-1.9,0.0466666666666667,0.128213493900549,0,0
18.01,-1.49823501797218,0.178003193288136,0.30235564634138,0,0,1.001132317021,0.109800367906231,-0.685540764179399,0,0,-1.89952691059396,0.0479524210101948,0.12893737480501,0,0
18.02,-1.49643980037974,0.181047112926827,0.306428281396862,0,0,1.00219607996558,0.102955851383079,-0.68336254045135,0,0,-1.89904092745043,0.0492454141627668,0.129661255709471,0,0
18.03,-1.49461393995915,0.184131758916074,0.310500916452346,0,0,1.00319150665612,0.0961331170972043,-0.681184316723299,0,0,-1.89854197818134,0.0505456461243839,0.130385136613933,0,0
18.04,-1.49275702944691,0.187257131255874,0.314573551507828,0,0,1.00411881491498,0.0893321650486131,-0.679006092995249,0,0,-1.89802999039858,0.0518531168950456,0.131109017518394,0,0
18.05,-1.49086866157953,0.19042322994623,0.318646186563311,0,0,1.00497822256455,0.0825529952372999,-0.676827869267199,0,0,-1.89750489171407,0.053167826474752,0.131832898422855,0,0
18.06,-1.48894842909349,0.19363005498714,0.322718821618793,0,0,1.00576994742719,0.0757956076632693,-0.674649645539149,0,0,-1.89696660973972,0.0544897748635025,0.132556779327316,0,0
18.07,-1.48699592472528,0.196877606378606,0.326791456674277,0,0,1.00649420732527,0.0690600023265171,-0.672471421811098,0,0,-1.89641507208744,0.0558189620612982,0.133280660231777,0,0
18.08,-1.48501074121141,0.200165884120625,0.330864091729759,0,0,1.00715122008118,0.0623461792270476,-0.670293198083048,0,0,-1.89585020636913,0.057155388068138,0.134004541136238,0,0
18.09,-1.48299247128837,0.203494888213201,0.334936726785242,0,0,1.00774120351727,0.0556541383648564,-0.668114974354998,0,0,-1.89527194019671,0.0584990528840229,0.134728422040699,0,0
18.1,-1.48094070769265,0.206864618656331,0.339009361840726,0,0,1.00826437545593,0.0489838797399457,-0.665936750626947,0,0,-1.89468020118209,0.0598499565089524,0.135452302945161,0,0
18.11,-1.47885504316074,0.210275075450015,0.343081996896208,0,0,1.00872095371953,0.0423354033523178,-0.663758526898897,0,0,-1.89407491693717,0.0612080989429262,0.136176183849621,0,0
18.12,-1.47673507042914,0.213726258594255,0.347154631951691,0,0,1.00911115613043,0.0357087092019681,-0.661580303170846,0,0,-1.89345601507387,0.0625734801859449,0.136900064754083,0,0
18.13,-1.47458038223435,0.217218168089049,0.351227267007173,0,0,1.00943520051102,0.0291037972889011,-0.659402079442797,0,0,-1.89282342320409,0.0639461002380077,0.137623945658544,0,0
18.14,-1.47239057131286,0.220750803934398,0.355299902062657,0,0,1.00969330468367,0.0225206676131123,-0.657223855714746,0,0,-1.89217706893974,0.0653259590991157,0.138347826563005,0,0
18.15,-1.47016523040116,0.224324166130302,0.359372537118139,0,0,1.00988568647074,0.0159593201746064,-0.655045631986696,0,0,-1.89151687989274,0.0667130567692677,0.139071707467466,0,0
18.16,-1.46790395223575,0.227938254676761,0.363445172173623,0,0,1.01001256369462,0.00941975497337869,-0.652867408258646,0,0,-1.890842783675,0.0681073932484649,0.139795588371927,0,0
18.17,-1.46560632955313,0.231593069573775,0.367517807229106,0,0,1.01007415417767,0.00290197200943151,-0.650689184530595,0,0,-1.89015470789841,0.0695089685367065,0.140519469276389,0,0
18.18,-1.46327195508978,0.235288610821343,0.371590442284588,0,0,1.01007067574227,-0.00359402871723286,-0.648510960802545,0,0,-1.8894525801749,0.0709177826339925,0.141243350180849,0,0
18.19,-1.4609004215822,0.239024878419467,0.375663077340072,0,0,1.01000234621078,-0.0100682472066191,-0.646332737074494,0,0,-1.88873632811637,0.0723338355403237,0.141967231085311,0,0
18.2,-1.45849132176688,0.242801872368144,0.379735712395554,0,0,1.00986938340559,-0.0165206834587225,-0.644154513346445,0,0,-1.88800587933473,0.0737571272556988,0.142691111989772,0,0
18.21,-1.45604424838033,0.246619592667378,0.383808347451037,0,0,1.00967200514907,-0.0229513374735477,-0.641976289618394,0,0,-1.88726116144189,0.0751876577801189,0.143414992894233,0,0
18.22,-1.45355879415904,0.250478039317165,0.387880982506519,0,0,1.00941042926358,-0.0293602092510902,-0.639798065890344,0,0,-1.88650210204976,0.0766254271135834,0.144138873798694,0,0
18.23,-1.45103455183949,0.254377212317508,0.391953617562003,0,0,1.0090848735715,-0.0357472987913544,-0.637619842162294,0,0,-1.88572862877025,0.0780704352560928,0.144862754703155,0,0
18.24,-1.44847111415818,0.258317111668405,0.396026252617485,0,0,1.00869555589521,-0.0421126060943357,-0.635441618434244,0,0,-1.88494066921528,0.0795226822076463,0.145586635607616,0,0
18.25,-1.44586807385162,0.262297737369858,0.400098887672968,0,0,1.00824269405707,-0.0484561311600388,-0.633263394706193,0,0,-1.88413815099674,0.0809821679682452,0.146310516512078,0,0
18.26,-1.44322502365628,0.266319089421865,0.404171522728452,0,0,1.00772650587947,-0.0547778739884615,-0.631085170978142,0,0,-1.88332100172655,0.0824488925378884,0.147034397416539,0,0
18.27,-1.44054155630868,0.270381167824426,0.408244157783934,0,0,1.00714720918476,-0.0610778345796015,-0.628906947250093,0,0,-1.88248914901662,0.0839228559165758,0.147758278321,0,0
18.28,-1.43781726454529,0.274483972577544,0.412316792839417,0,0,1.00650502179533,-0.0673560129334631,-0.626728723522042,0,0,-1.88164252047885,0.0854040581043082,0.148482159225461,0,0
18.29,-1.43505174110263,0.278627503681214,0.416389427894899,0,0,1.00580016153355,-0.0736124090500422,-0.624550499793992,0,0,-1.88078104372517,0.0868924991010849,0.149206040129922,0,0
18.3,-1.43224457871717,0.282811761135442,0.420462062950383,0,0,1.00503284622179,-0.0798470229293427,-0.622372276065941,0,0,-1.87990464636747,0.0883881789069066,0.149929921034383,0,0
18.31,-1.42939537012542,0.287036744940222,0.424534698005865,0,0,1.00420329368242,-0.0860598545713606,-0.620194052337892,0,0,-1.87901325601767,0.0898910975217726,0.150653801938844,0,0
18.32,-1.42650370806386,0.291302455095559,0.428607333061349,0,0,1.00331172173782,-0.0922509039761002,-0.618015828609841,0,0,-1.87810680028767,0.0914012549456836,0.151377682843305,0,0
18.33,-1.423569185269,0.295608891601449,0.432679968116831,0,0,1.00235834821036,-0.0984201711435572,-0.615837604881791,0,0,-1.87718520678939,0.0929186511786384,0.152101563747767,0,0
18.34,-1.42059139447733,0.299956054457895,0.436752603172314,0,0,1.0013433909224,-0.104567656073736,-0.61365938115374,0,0,-1.87624840313473,0.0944432862206387,0.152825444652228,0,0
18.35,-1.41756992842534,0.304343943664896,0.440825238227798,0,0,1.00026706769634,-0.110693358766634,-0.61148115742569,0,0,-1.87529631693561,0.0959751600716836,0.153549325556689,0,0
18.36,-1.41450437984953,0.308772559222451,0.44489787328328,0,0,0.999129596354529,-0.116797279222249,-0.60930293369764,0,0,-1.87432887580394,0.0975142727317724,0.15427320646115,0,0
18.37,-1.41139434148639,0.313241901130562,0.448970508338763,0,0,0.997931194719351,-0.122879417440587,-0.607124709969589,0,0,-1.87334600735161,0.0990606242009065,0.154997087365611,0,0
18.38,-1.40823940607242,0.317751969389226,0.453043143394246,0,0,0.996672080613175,-0.128939773421641,-0.60494648624154,0,0,-1.87234763919055,0.100614214479085,0.155720968270072,0,0
18.39,-1.4050391663441,0.322302763998447,0.457115778449729,0,0,0.995352471858375,-0.134978347165417,-0.602768262513489,0,0,-1.87133369893267,0.102175043566308,0.156444849174533,0,0
18.4,-1.40179321503795,0.32689428495822,0.461188413505211,0,0,0.993972586277325,-0.14099513867191,-0.600590038785439,0,0,-1.87030411418986,0.103743111462575,0.157168730078994,0,0
18.41,-1.39850114489044,0.331526532268551,0.465261048560694,0,0,0.992532641692395,-0.146990147941125,-0.598411815057389,0,0,-1.86925881257405,0.105318418167888,0.157892610983456,0,0
18.42,-1.39516254863807,0.336199505929436,0.469333683616178,0,0,0.991032855925959,-0.15296337497306,-0.596233591329338,0,0,-1.86819772169714,0.106900963682245,0.158616491887917,0,0
18.43,-1.39177701901735,0.340913205940874,0.47340631867166,0,0,0.989473446800391,-0.158914819767712,-0.594055367601288,0,0,-1.86712076917104,0.108490748005646,0.159340372792378,0,0
18.44,-1.38834414876475,0.345667632302869,0.477478953727143,0,0,0.987854632138063,-0.164844482325086,-0.591877143873238,0,0,-1.86602788260767,0.110087771138092,0.160064253696839,0,0
18.45,-1.38486353061679,0.350462785015417,0.481551588782626,0,0,0.986176629761347,-0.170752362645176,-0.589698920145187,0,0,-1.86491898961892,0.111692033079583,0.1607881346013,0,0
18.46,-1.38133475730994,0.355298664078521,0.485624223838109,0,0,0.984439657492617,-0.176638460727989,-0.587520696417137,0,0,-1.86379401781671,0.113303533830118,0.161512015505762,0,0
18.47,-1.37775742158072,0.360175269492179,0.489696858893591,0,0,0.982643933154245,-0.182502776573519,-0.585342472689087,0,0,-1.86265289481295,0.114922273389698,0.162235896410223,0,0
18.48,-1.3741311161656,0.365092601256393,0.493769493949075,0,0,0.980789674568604,-0.188345310181771,-0.583164248961036,0,0,-1.86149554821955,0.116548251758323,0.162959777314684,0,0
18.49,-1.37045543380109,0.37005065937116,0.497842129004557,0,0,0.978877099558067,-0.19416606155274,-0.580986025232987,0,0,-1.86032190564842,0.118181468935992,0.163683658219145,0,0
18.5,-1.36672996722367,0.375049443836484,0.50191476406004,0,0,0.976906425945007,-0.19996503068643,-0.578807801504936,0,0,-1.85913189471147,0.119821924922706,0.164407539123606,0,0
18.51,-1.36295430916985,0.380088954652362,0.505987399115524,0,0,0.974877871551796,-0.20574221758284,-0.576629577776885,0,0,-1.85792544302061,0.121469619718464,0.165131420028067,0,0
18.52,-1.35912805237613,0.385169191818794,0.510060034171006,0,0,0.972791654200808,-0.211497622241967,-0.574451354048836,0,0,-1.85670247818774,0.123124553323267,0.165855300932529,0,0
18.53,-1.35525078957898,0.390290155335782,0.514132669226489,0,0,0.970647991714414,-0.217231244663816,-0.572273130320785,0,0,-1.85546292782478,0.124786725737115,0.16657918183699,0,0
18.54,-1.35132211351491,0.395451845203324,0.518205304281972,0,0,0.968447101914989,-0.222943084848383,-0.570094906592735,0,0,-1.85420671954363,0.126456136960007,0.167303062741451,0,0
18.55,-1.34734161692041,0.400654261421421,0.522277939337455,0,0,0.966189202624904,-0.228633142795671,-0.567916682864685,0,0,-1.85293378095621,0.128132786991944,0.168026943645912,0,0
18.56,-1.34330889253198,0.405897403990072,0.526350574392937,0,0,0.963874511666534,-0.234301418505676,-0.565738459136635,0,0,-1.85164403967443,0.129816675832925,0.168750824550373,0,0
18.57,-1.33922353308611,0.41118127290928,0.53042320944842,0,0,0.961503246862248,-0.239947911978403,-0.563560235408584,0,0,-1.85033742331019,0.131507803482951,0.169474705454834,0,0
18.58,-1.33508513131929,0.416505868179041,0.534495844503903,0,0,0.959075626034423,-0.245572623213848,-0.561382011680534,0,0,-1.84901385947541,0.133206169942021,0.170198586359295,0,0
18.59,-1.33089327996802,0.421871189799358,0.538568479559386,0,0,0.956591867005429,-0.251175552212014,-0.559203787952483,0,0,-1.84767327578199,0.134911775210137,0.170922467263756,0,0
18.6,-1.3266475717688,0.42727723777023,0.54264111461487,0,0,0.95405218759764,-0.256756698972899,-0.557025564224433,0,0,-1.84631559984184,0.136624619287297,0.171646348168218,0,0
18.61,-1.32234759945812,0.432724012091655,0.546713749670352,0,0,0.951456805633429,-0.262316063496502,-0.554847340496383,0,0,-1.84494075926688,0.138344702173501,0.172370229072679,0,0
18.62,-1.31799295577247,0.438211512763637,0.550786384725835,0,0,0.948805938935167,-0.267853645782827,-0.552669116768332,0,0,-1.84354868166901,0.14007202386875,0.17309410997714,0,0
18.63,-1.31358323344834,0.443739739786171,0.554859019781317,0,0,0.94609980532523,-0.273369445831869,-0.550490893040283,0,0,-1.84213929466014,0.141806584373044,0.173817990881601,0,0
18.64,-1.30911802522224,0.449308693159263,0.558931654836801,0,0,0.943338622625988,-0.278863463643632,-0.548312669312232,0,0,-1.84071252585218,0.143548383686382,0.174541871786062,0,0
18.65,-1.30459692383066,0.454918372882907,0.563004289892283,0,0,0.940522608659815,-0.284335699218113,-0.546134445584182,0,0,-1.83926830285705,0.145297421808765,0.175265752690523,0,0
18.66,-1.30001952201008,0.460568778957108,0.567076924947766,0,0,0.937651981249083,-0.289786152555315,-0.543956221856131,0,0,-1.83780655328664,0.147053698740193,0.175989633594984,0,0
18.67,-1.29538541249701,0.466259911381864,0.57114956000325,0,0,0.934726958216166,-0.295214823655237,-0.541777998128081,0,0,-1.83632720475288,0.148817214480665,0.176713514499446,0,0
18.68,-1.29069418802794,0.471991770157173,0.575222195058732,0,0,0.931747757383436,-0.300621712517877,-0.539599774400031,0,0,-1.83483018486767,0.150587969030182,0.177437395403907,0,0
18.69,-1.28594544133936,0.477764355283039,0.579294830114215,0,0,0.928714596573266,-0.306006819143238,-0.53742155067198,0,0,-1.83331542124291,0.152365962388743,0.178161276308367,0,0
18.7,-1.28113876516778,0.483577666759457,0.583367465169698,0,0,0.925627693608029,-0.311370143531316,-0.535243326943931,0,0,-1.83178284149053,0.154151194556349,0.178885157212829,0,0
18.71,-1.27627375224967,0.489431704586432,0.587440100225181,0,0,0.922487266310097,-0.316711685682116,-0.53306510321588,0,0,-1.83023237322242,0.155943665533,0.17960903811729,0,0
18.72,-1.27134999532155,0.49532646876396,0.591512735280663,0,0,0.919293532501845,-0.322031445595634,-0.53088687948783,0,0,-1.82866394405051,0.157743375318695,0.180332919021751,0,0
18.73,-1.26636708711989,0.501261959292045,0.595585370336147,0,0,0.916046710005642,-0.327329423271872,-0.52870865575978,0,0,-1.82707748158669,0.159550323913435,0.181056799926212,0,0
18.74,-1.26132462038121,0.507238176170683,0.599658005391629,0,0,0.912747016643865,-0.332605618710829,-0.52653043203173,0,0,-1.82547291344287,0.161364511317219,0.181780680830673,0,0
18.75,-1.25622218784198,0.513255119399878,0.603730640447112,0,0,0.909394670238883,-0.337860031912507,-0.524352208303679,0,0,-1.82385016723098,0.163185937530048,0.182504561735135,0,0
18.76,-1.2510595821499,0.51925281562166,0.595808603909131,-0,0,0.905989961321421,-0.343070850372025,-0.517811483599673,0,0,-1.82220922056373,0.164999602305375,0.180228393330234,-0,0
18.77,-1.24583739559743,0.52517129147806,0.587886567371153,-0,0,0.9025334712556,-0.3482162615845,-0.511270758895669,0,0,-1.82055025105715,0.166790505396653,0.177952224925335,-0,0
18.78,-1.24055642038822,0.531010546969083,0.579964530833172,-0,0,0.899025854113888,-0.353296265549938,-0.504730034191663,0,0,-1.81887348632808,0.168558646803882,0.175676056520435,-0,0
18.79,-1.23521744872593,0.536770582094723,0.572042494295194,-0,0,0.895467763968758,-0.358310862268333,-0.498189309487659,0,0,-1.81717915399335,0.170304026527061,0.173399888115535,-0,0
18.8,-1.22982127281421,0.542451396854986,0.564120457757214,-0,0,0.891859854892678,-0.363260051739691,-0.491648584783652,0,0,-1.81546748166982,0.172026644566192,0.171123719710634,-0,0
18.81,-1.22436868485672,0.548052991249868,0.556198421219236,-0,0,0.888202780958121,-0.368143833964006,-0.485107860079649,0,0,-1.81373869697431,0.173726500921274,0.168847551305735,-0,0
18.82,-1.2188604770571,0.553575365279371,0.548276384681255,-0,0,0.884497196237555,-0.372962208941283,-0.478567135375642,0,0,-1.81199302752367,0.175403595592307,0.166571382900835,-0,0
18.83,-1.21329744161902,0.559018518943492,0.540354348143277,-0,0,0.880743754803453,-0.377715176671519,-0.472026410671638,0,0,-1.81023070093474,0.177057928579291,0.164295214495935,-0,0
18.84,-1.20768037074612,0.564382452242236,0.532432311605296,-0,0,0.876943110728281,-0.382402737154716,-0.465485685967632,0,0,-1.80845194482437,0.178689499882226,0.162019046091034,-0,0
18.85,-1.20201005664205,0.5696671651756,0.524510275067316,-0,0,0.873095918084514,-0.387024890390873,-0.458944961263626,0,0,-1.80665698680938,0.180298309501112,0.159742877686134,-0,0
18.86,-1.19628729151049,0.574872657743582,0.516588238529337,-0,0,0.869202830944621,-0.391581636379988,-0.452404236559622,0,0,-1.80484605450662,0.181884357435948,0.157466709281234,-0,0
18.87,-1.19051286755507,0.579998929946187,0.508666201991357,-0,0,0.865264503381071,-0.396072975122065,-0.445863511855616,0,0,-1.80301937553294,0.183447643686736,0.155190540876333,-0,0
18.88,-1.18468757697945,0.585045981783409,0.500744165453379,-0,0,0.861281589466337,-0.4004989066171,-0.439322787151611,0,0,-1.80117717750517,0.184988168253475,0.152914372471434,-0,0
18.89,-1.17881221198728,0.590013813255254,0.492822128915399,-0,0,0.857254743272886,-0.404859430865097,-0.432782062447605,0,0,-1.79931968804015,0.186505931136165,0.150638204066534,-0,0
18.9,-1.17288756478223,0.594902424361717,0.48490009237742,-0,0,0.853184618873192,-0.409154547866052,-0.426241337743602,0,0,-1.79744713475473,0.188000932334806,0.148362035661634,-0,0
18.91,-1.16691442756793,0.599711815102802,0.47697805583944,-0,0,0.849071870339722,-0.413384257619969,-0.419700613039595,0,0,-1.79555974526574,0.189473171849398,0.146085867256733,-0,0
18.92,-1.16089359254806,0.604441985478507,0.469056019301459,-0,0,0.844917151744948,-0.417548560126846,-0.413159888335589,0,0,-1.79365774719002,0.190922649679941,0.143809698851833,-0,0
18.93,-1.15482585192625,0.609092935488831,0.461133982763481,-0,0,0.840721117161342,-0.421647455386681,-0.406619163631585,0,0,-1.79174136814442,0.192349365826434,0.141533530446934,-0,0
18.94,-1.14871199790616,0.613664665133777,0.4532119462255,-0,0,0.836484420661371,-0.425680943399477,-0.400078438927579,0,0,-1.78981083574577,0.193753320288879,0.139257362042033,-0,0
18.95,-1.14255282269146,0.618157174413341,0.445289909687523,-0,0,0.832207716317509,-0.429649024165232,-0.393537714223575,0,0,-1.78786637761092,0.195134513067275,0.136981193637133,-0,0
18.96,-1.13634911848578,0.622570463327527,0.437367873149542,-0,0,0.827891658202224,-0.433551697683948,-0.386996989519568,0,0,-1.7859082213567,0.196492944161622,0.134705025232233,-0,0
18.97,-1.13010167749279,0.626904531876332,0.429445836611564,-0,0,0.823536900387987,-0.437388963955623,-0.380456264815564,0,0,-1.78393659459997,0.197828613571919,0.132428856827334,-0,0
18.98,-1.12381129191614,0.631159380059758,0.421523800073583,-0,0,0.819144096947268,-0.441160822980259,-0.373915540111558,0,0,-1.78195172495755,0.199141521298169,0.130152688422433,-0,0
18.99,-1.11747875395948,0.635335007877803,0.413601763535605,-0,0,0.814713901952539,-0.444867274757854,-0.367374815407554,0,0,-1.77995384004628,0.200431667340368,0.127876520017534,-0,0
19,-1.11110485582647,0.63943141533047,0.405679726997625,-0,0,0.810246969476268,-0.44850831928841,-0.360834090703548,0,0,-1.77794316748302,0.201699051698519,0.125600351612633,-0,0
19.01,-1.10469038972076,0.643448602417757,0.397757690459644,-0,0,0.805743953590926,-0.452083956571926,-0.354293365999541,0,0,-1.77591993488459,0.202943674372621,0.123324183207733,-0,0
19.02,-1.098236147846,0.647386569139663,0.389835653921666,-0,0,0.801205508368986,-0.455594186608401,-0.347752641295538,0,0,-1.77388436986785,0.204165535362674,0.121048014802833,-0,0
19.03,-1.09174292240585,0.65124531549619,0.381913617383685,-0,0,0.796632287882916,-0.459039009397837,-0.341211916591531,0,0,-1.77183670004962,0.205364634668678,0.118771846397933,-0,0
19.04,-1.08521150560396,0.655024841487336,0.373991580845707,-0,0,0.792024946205187,-0.462418424940231,-0.334671191887527,0,0,-1.76977715304675,0.206540972290632,0.116495677993033,-0,0
19.05,-1.07864268964399,0.658725147113104,0.366069544307727,-0,0,0.787384137408268,-0.465732433235587,-0.328130467183521,0,0,-1.76770595647609,0.207694548228538,0.114219509588132,-0,0
19.06,-1.07203726672958,0.662346232373491,0.358147507769749,-0,0,0.782710515564632,-0.468981034283902,-0.321589742479517,0,0,-1.76562333795446,0.208825362482395,0.111943341183233,-0,0
19.07,-1.0653960290644,0.665888097268499,0.350225471231768,-0,0,0.778004734746747,-0.472164228085177,-0.315049017775511,0,0,-1.76352952509872,0.209933415052203,0.109667172778333,-0,0
19.08,-1.0587197688521,0.669350741798126,0.34230343469379,-0,0,0.773267449027085,-0.475282014639412,-0.308508293071507,0,0,-1.7614247455257,0.211018705937962,0.107391004373433,-0,0
19.09,-1.05200927829632,0.672734165962374,0.334381398155809,-0,0,0.768499312478115,-0.478334393946607,-0.3019675683675,0,0,-1.75930922685224,0.212081235139672,0.105114835968532,-0,0
19.1,-1.04526534960073,0.676038369761243,0.326459361617829,-0,0,0.763700979172309,-0.481321366006763,-0.295426843663494,0,0,-1.75718319669519,0.213121002657333,0.102838667563632,-0,0
19.11,-1.03848877496898,0.679263353194731,0.318537325079851,-0,0,0.758873103182137,-0.484242930819877,-0.28888611895949,0,0,-1.75504688267137,0.214138008490944,0.100562499158732,-0,0
19.12,-1.03168034660472,0.68240911626284,0.31061528854187,-0,0,0.754016338580068,-0.487099088385953,-0.282345394255484,0,0,-1.75290051239765,0.215132252640507,0.0982863307538323,-0,0
19.13,-1.02484085671161,0.685475658965568,0.302693252003892,-0,0,0.749131339438575,-0.489889838704987,-0.27580466955148,0,0,-1.75074431349084,0.216103735106021,0.0960101623489324,-0,0
19.14,-1.0179710974933,0.688462981302917,0.294771215465911,-0,0,0.744218759830125,-0.492615181776982,-0.269263944847474,0,0,-1.74857851356781,0.217052455887486,0.0937339939440322,-0,0
19.15,-1.01107186115344,0.691371083274886,0.286849178927933,-0,0,0.739279253827193,-0.495275117601936,-0.26272322014347,0,0,-1.74640334024537,0.217978414984901,0.0914578255391323,-0,0
19.16,-1.00414393989568,0.694199964881476,0.278927142389953,-0,0,0.734313475502244,-0.497869646179851,-0.256182495439464,0,0,-1.74421902114039,0.218881612398268,0.0891816571342322,-0,0
19.17,-0.99718812592369,0.696949626122686,0.271005105851972,-0,0,0.729322078927751,-0.500398767510726,-0.249641770735457,0,0,-1.74202578386969,0.219762048127586,0.0869054887293316,-0,0
19.18,-0.990205211441115,0.699620066998516,0.263083069313994,-0,0,0.724305718176186,-0.50286248159456,-0.243101046031453,0,0,-1.73982385605012,0.220619722172855,0.0846293203244321,-0,0
19.19,-0.983195988651605,0.702211287508966,0.255161032776013,-0,0,0.719265047320017,-0.505260788431355,-0.236560321327447,0,0,-1.73761346529851,0.221454634534075,0.0823531519195316,-0,0
19.2,-0.97616124975882,0.704723287654036,0.247238996238035,-0,0,0.714200720431716,-0.507593688021109,-0.230019596623443,0,0,-1.73539483923172,0.222266785211246,0.0800769835146321,-0,0
19.21,-0.969101786966409,0.707156067433726,0.239316959700055,-0,0,0.709113391583751,-0.509861180363824,-0.223478871919437,0,0,-1.73316820546657,0.223056174204367,0.0778008151097316,-0,0
19.22,-0.96201839247803,0.709509626848036,0.231394923162077,-0,0,0.704003714848596,-0.512063265459498,-0.216938147215433,0,0,-1.73093379161991,0.22382280151344,0.0755246467048321,-0,0
19.23,-0.954911858497333,0.711783965896968,0.223472886624096,-0,0,0.698872344298718,-0.514199943308132,-0.210397422511427,0,0,-1.72869182530858,0.224566667138464,0.0732484782999315,-0,0
19.24,-0.947782977227976,0.713979084580518,0.215550850086118,-0,0,0.693719934006591,-0.516271213909726,-0.203856697807423,0,0,-1.72644253414942,0.225287771079439,0.0709723098950318,-0,0
19.25,-0.940632540873608,0.71609498289869,0.207628813548138,-0,0,0.688547138044681,-0.518277077264281,-0.197315973103416,0,0,-1.72418614575927,0.225986113336365,0.0686961414901315,-0,0
19.26,-0.933461341637884,0.718131660851482,0.199706777010157,-0,0,0.683354610485461,-0.520217533371795,-0.19077524839941,0,0,-1.72192288775497,0.226661693909242,0.0664199730852312,-0,0
19.27,-0.926270171724463,0.720089118438893,0.191784740472179,-0,0,0.678143005401402,-0.522092582232269,-0.184234523695406,0,0,-1.71965298775337,0.227314512798069,0.0641438046803315,-0,0
19.28,-0.919059823336991,0.721967355660925,0.183862703934198,-0,0,0.672912976864972,-0.523902223845703,-0.1776937989914,0,0,-1.71737667337129,0.227944570002848,0.0618676362754311,-0,0
19.29,-0.911831088679129,0.723766372517577,0.17594066739622,-0,0,0.667665178948645,-0.525646458212097,-0.171153074287396,0,0,-1.71509417222559,0.228551865523578,0.0595914678705314,-0,0
19.3,-0.904584759954525,0.72548616900885,0.16801863085824,-0,0,0.662400265724887,-0.527325285331451,-0.16461234958339,0,0,-1.7128057119331,0.229136399360259,0.0573152994656311,-0,0
19.31,-0.897321629366837,0.727126745134742,0.160096594320262,-0,0,0.657118891266173,-0.528938705203765,-0.158071624879386,0,0,-1.71051152011066,0.229698171512891,0.0550391310607314,-0,0
19.32,-0.890042489119715,0.728688100895255,0.152174557782281,-0,0,0.651821709644969,-0.530486717829039,-0.151530900175379,0,0,-1.70821182437512,0.230237181981473,0.052762962655831,-0,0
19.33,-0.882748131416817,0.730170236290387,0.144252521244303,-0,0,0.646509374933749,-0.531969323207272,-0.144990175471375,0,0,-1.70590685234332,0.230753430766007,0.0504867942509313,-0,0
19.34,-0.875439348461792,0.731573151320141,0.136330484706322,-0,0,0.64118254120498,-0.533386521338466,-0.138449450767369,0,0,-1.70359683163208,0.231246917866492,0.048210625846031,-0,0
19.35,-0.868116932458296,0.732896845984514,0.128408448168341,-0,0,0.635841862531135,-0.53473831222262,-0.131908726063363,0,0,-1.70128198985826,0.231717643282928,0.0459344574411305,-0,0
19.36,-0.860781675609987,0.734141320283507,0.120486411630364,-0,0,0.630487992984685,-0.536024695859733,-0.125368001359359,0,0,-1.6989625546387,0.232165607015315,0.043658289036231,-0,0
19.37,-0.853434370120511,0.735306574217121,0.112564375092383,-0,0,0.625121586638097,-0.537245672249807,-0.118827276655352,0,0,-1.69663875359024,0.232590809063652,0.0413821206313305,-0,0
19.38,-0.846075808193529,0.736392607785355,0.104642338554405,-0,0,0.619743297563846,-0.53840124139284,-0.112286551951349,0,0,-1.69431081432971,0.232993249427941,0.0391059522264308,-0,0
19.39,-0.838706782032689,0.73739942098821,0.0967203020164242,-0,0,0.614353779834398,-0.539491403288834,-0.105745827247342,0,0,-1.69197896447396,0.233372928108181,0.0368297838215305,-0,0
19.4,-0.83132808384165,0.738327013825684,0.0887982654784463,-0,0,0.608953687522226,-0.540516157937787,-0.0992051025433383,0,0,-1.68964343163983,0.233729845104372,0.0345536154166308,-0,0
19.41,-0.82394050582406,0.739175386297778,0.0808762289404656,-0,0,0.603543674699799,-0.541475505339701,-0.092664377839332,0,0,-1.68730444344415,0.234064000416514,0.0322774470117304,-0,0
19.42,-0.816544840183577,0.739944538404493,0.0729541924024849,-0,0,0.598124395439587,-0.542369445494574,-0.0861236531353257,0,0,-1.68496222750378,0.234375394044606,0.03000127860683,-0,0
19.43,-0.809141879123855,0.740634470145828,0.065032155864507,-0,0,0.592696503814065,-0.543197978402407,-0.0795829284313218,0,0,-1.68261701143554,0.23466402598865,0.0277251102019304,-0,0
19.44,-0.801732414848545,0.741245181521783,0.0571101193265262,-0,0,0.587260653895696,-0.5439611040632,-0.0730422037273155,0,0,-1.68026902285628,0.234929896248645,0.02544894179703,-0,0
19.45,-0.794317239561305,0.741776672532359,0.0491880827885483,-0,0,0.581817499756958,-0.544658822476953,-0.0665014790233115,0,0,-1.67791848938285,0.235173004824591,0.0231727733921303,-0,0
19.46,-0.786897145465783,0.742228943177554,0.0412660462505676,-0,0,0.576367695470314,-0.545291133643667,-0.0599607543193052,0,0,-1.67556563863207,0.235393351716488,0.0208966049872299,-0,0
19.47,-0.779472924765638,0.74260199345737,0.0333440097125897,-0,0,0.570911895108241,-0.54585803756334,-0.0534200296153013,0,0,-1.6732106982208,0.235590936924335,0.0186204365823303,-0,0
19.48,-0.77204536966452,0.742895823371806,0.025421973174609,-0,0,0.565450752743205,-0.546359534235973,-0.046879304911295,0,0,-1.67085389576587,0.235765760448134,0.0163442681774299,-0,0
19.49,-0.764615272366087,0.743110432920862,0.017499936636631,-0,0,0.559984922447679,-0.546795623661566,-0.040338580207291,0,0,-1.66849545888412,0.235917822287884,0.0140680997725303,-0,0
19.5,-0.757183425073988,0.743245822104539,0.0095779000986503,-0,0,0.55451505829413,-0.547166305840118,-0.0337978555032848,0,0,-1.66613561519239,0.236047122443585,0.0117919313676298,-0,0
19.51,-0.749750619991879,0.743301990922835,0.00165586356066957,-0,0,0.549041814355032,-0.547471580771631,-0.0272571307992785,0,0,-1.66377459230752,0.236153660915237,0.00951576296272942,-0,0
19.52,-0.742317649323416,0.743278939375752,-0.00626617297730835,-0,0,0.543565844702855,-0.547711448456104,-0.0207164060952745,0,0,-1.66141261784636,0.236237437702839,0.0072395945578298,-0,0
19.53,-0.734885305272248,0.743176667463289,-0.0141882095152891,-0,0,0.538087803410066,-0.547885908893537,-0.0141756813912682,0,0,-1.65904991942575,0.236298452806393,0.00496342615292938,-0,0
19.54,-0.727454380042035,0.742995175185446,-0.022110246053267,-0,0,0.532608344549141,-0.547994962083929,-0.00763495668726429,0,0,-1.65668672466252,0.236336706225898,0.00268725774802977,-0,0
19.55,-0.720025665836425,0.742734462542224,-0.0300322825912477,-0,0,0.527128122192545,-0.548038608027282,-0.00109423198325796,0,0,-1.65432326117351,0.236352197961354,0.000411089343129369,-0,0
19.56,-0.712599954859076,0.742394529533621,-0.0379543191292256,-0,0,0.521647790412752,-0.548016846723595,0.00544649272074597,0,0,-1.65195975657557,0.236344928012761,-0.00186507906177027,-0,0
19.57,-0.705178039313637,0.741975376159639,-0.0458763556672064,-0,0,0.51616800328223,-0.547929678172867,0.0119872174247522,0,0,-1.64959643848554,0.236314896380118,-0.00414124746667072,-0,0
19.58,-0.697760711403768,0.741477002420277,-0.0537983922051843,-0,0,0.510689414873452,-0.5477771023751,0.0185279421287562,0,0,-1.64723353452025,0.236262103063427,-0.00641741587157031,-0,0
19.59,-0.690348763333116,0.740899408315535,-0.061720428743165,-0,0,0.505212679258885,-0.547559119330292,0.0250686668327625,0,0,-1.64487127229655,0.236186548062687,-0.00869358427647076,-0,0
19.6,-0.682942987305339,0.740242593845414,-0.0696424652811457,-0,0,0.499738450511001,-0.547275729038444,0.0316093915367688,0,0,-1.64250987943127,0.236088231377898,-0.0109697526813711,-0,0
19.61,-0.675544175524093,0.739506559009913,-0.0775645018191236,-0,0,0.494267382702273,-0.546926931499557,0.0381501162407727,0,0,-1.64014958354127,0.23596715300906,-0.0132459210862708,-0,0
19.62,-0.668153120193026,0.738691303809031,-0.0854865383571044,-0,0,0.488800129905167,-0.546512726713629,0.044690840944779,0,0,-1.63779061224337,0.235823312956173,-0.0155220894911711,-0,0
19.63,-0.660770613515797,0.73779682824277,-0.0934085748950823,-0,0,0.483337346192158,-0.546033114680661,0.051231565648783,0,0,-1.63543319315443,0.235656711219236,-0.0177982578960708,-0,0
19.64,-0.653397447696056,0.73682313231113,-0.101330611433063,-0,0,0.477879685635711,-0.545488095400653,0.0577722903527893,0,0,-1.63307755389127,0.235467347798251,-0.0200744263009713,-0,0
19.65,-0.64603441493746,0.735770216014109,-0.109252647971041,-0,0,0.472427802308302,-0.544877668873605,0.0643130150567932,0,0,-1.63072392207074,0.235255222693217,-0.0223505947058708,-0,0
19.66,-0.638682307443658,0.734638079351709,-0.117174684509022,-0,0,0.466982350282396,-0.544201835099517,0.0708537397607996,0,0,-1.62837252530968,0.235020335904133,-0.0246267631107713,-0,0
19.67,-0.631341917418308,0.733426722323928,-0.125096721047002,-0,0,0.461543983630466,-0.543460594078389,0.0773944644648057,0,0,-1.62602359122494,0.234762687431001,-0.0269029315156717,-0,0
19.68,-0.624014037065065,0.732136144930769,-0.13301875758498,-0,0,0.456113356424985,-0.542653945810221,0.0839351891688098,0,0,-1.62367734743334,0.23448227727382,-0.0291790999205714,-0,0
19.69,-0.616699458587577,0.730766347172229,-0.140940794122961,-0,0,0.450691122738419,-0.541781890295013,0.090475913872816,0,0,-1.62133402155174,0.23417910543259,-0.0314552683254717,-0,0
19.7,-0.609398974189505,0.72931732904831,-0.148862830660939,-0,0,0.445277936643242,-0.540844427532765,0.09701663857682,0,0,-1.61899384119697,0.233853171907311,-0.0337314367303714,-0,0
19.71,-0.602113376074496,0.72778909055901,-0.15678486719892,-0,0,0.439874452211921,-0.539841557523476,0.103557363280826,0,0,-1.61665703398588,0.233504476697983,-0.0360076051352717,-0,0
19.72,-0.59484345644621,0.726181631704331,-0.164706903736897,-0,0,0.43448132351693,-0.538773280267148,0.11009808798483,0,0,-1.61432382753529,0.233133019804605,-0.0382837735401714,-0,0
19.73,-0.587590007508294,0.724494952484272,-0.172628940274878,-0,0,0.429099204630735,-0.53763959576378,0.116638812688836,0,0,-1.61199444946206,0.232738801227179,-0.0405599419450718,-0,0
19.74,-0.580353821464409,0.722729052898834,-0.180550976812856,-0,0,0.423728749625811,-0.536440504013372,0.123179537392841,0,0,-1.60966912738303,0.232321820965704,-0.0428361103499715,-0,0
19.75,-0.573135690518203,0.720883932948015,-0.188473013350837,-0,0,0.418370612574624,-0.535176005015923,0.129720262096847,0,0,-1.60734808891503,0.23188207902018,-0.0451122787548718,-0,0
19.76,-0.565936406873331,0.718959592631817,-0.196395049888817,-0,0,0.413025447549648,-0.533846098771435,0.136260986800853,0,0,-1.60503156167491,0.231419575390606,-0.0473884471597722,-0,0
19.77,-0.558756762733451,0.716956031950239,-0.204317086426796,-0,0,0.407693908623353,-0.532450785279906,0.142801711504857,0,0,-1.6027197732795,0.230934310076984,-0.0496646155646719,-0,0
19.78,-0.551597550302211,0.714873250903281,-0.212239122964776,-0,0,0.402376649868207,-0.530990064541337,0.149342436208863,0,0,-1.60041295134565,0.230426283079313,-0.0519407839695724,-0,0
19.79,-0.54445956178327,0.712711249490943,-0.220161159502754,-0,0,0.397074325356683,-0.529463936555729,0.155883160912867,0,0,-1.59811132349019,0.229895494397593,-0.0542169523744719,-0,0
19.8,-0.537343589380277,0.710470027713226,-0.228083196040735,-0,0,0.391787589161249,-0.52787240132308,0.162423885616874,0,0,-1.59581511732998,0.229341944031823,-0.0564931207793724,-0,0
19.81,-0.530250425296891,0.708149585570129,-0.236005232578713,-0,0,0.386517095354378,-0.526215458843392,0.168964610320878,0,0,-1.59352456048184,0.228765631982005,-0.0587692891842719,-0,0
19.82,-0.52318086173676,0.705749923061652,-0.243927269116693,-0,0,0.381263498008538,-0.524493109116663,0.175505335024884,0,0,-1.59123988056262,0.228166558248138,-0.0610454575891725,-0,0
19.83,-0.516135690903543,0.703271040187795,-0.251849305654671,-0,0,0.376027451196202,-0.522705352142894,0.182046059728888,0,0,-1.58896130518915,0.227544722830222,-0.063321625994072,-0,0
19.84,-0.509115705000889,0.700712936948558,-0.259771342192652,-0,0,0.370809608989837,-0.520852187922085,0.188586784432894,0,0,-1.58668906197829,0.226900125728257,-0.0655977943989725,-0,0
19.85,-0.502121696232454,0.698075613343942,-0.267693378730633,-0,0,0.365610625461916,-0.518933616454236,0.1951275091369,0,0,-1.58442337854687,0.226232766942242,-0.0678739628038727,-0,0
19.86,-0.495154456801895,0.695359069373946,-0.275615415268611,-0,0,0.36043115468491,-0.516949637739347,0.201668233840904,0,0,-1.58216448251173,0.225542646472179,-0.0701501312087726,-0,0
19.87,-0.48821477891286,0.692563305038569,-0.283537451806592,-0,0,0.355271850731286,-0.514900251777417,0.20820895854491,0,0,-1.5799126014897,0.224829764318067,-0.0724262996136728,-0,0
19.88,-0.481303454769008,0.689688320337814,-0.291459488344569,-0,0,0.350133367673518,-0.512785458568449,0.214749683248915,0,0,-1.57766796309765,0.224094120479906,-0.0747024680185726,-0,0
19.89,-0.474421276573989,0.686734115271678,-0.29938152488255,-0,0,0.345016359584074,-0.510605258112439,0.221290407952921,0,0,-1.57543079495239,0.223335714957695,-0.0769786364234727,-0,0
19.9,-0.46756903653146,0.683700689840163,-0.307303561420528,-0,0,0.339921480535426,-0.508359650409391,0.227831132656925,0,0,-1.57320132467077,0.222554547751436,-0.0792548048283726,-0,0
19.91,-0.46074752684507,0.680588044043268,-0.315225597958509,-0,0,0.334849384600043,-0.506048635459301,0.234371857360931,0,0,-1.57097977986964,0.221750618861128,-0.0815309732332728,-0,0
19.92,-0.453957539718477,0.677396177880992,-0.323147634496489,-0,0,0.329800725850396,-0.503672213262171,0.240912582064937,0,0,-1.56876638816583,0.220923928286771,-0.0838071416381733,-0,0
19.93,-0.447199867355335,0.674125091353338,-0.331069671034467,-0,0,0.324776158358957,-0.501230383818002,0.247453306768941,0,0,-1.56656137717618,0.220074476028364,-0.0860833100430728,-0,0
19.94,-0.440475301959295,0.670774784460303,-0.338991707572448,-0,0,0.319776336198193,-0.498723147126792,0.253994031472948,0,0,-1.56436497451754,0.219202262085909,-0.0883594784479734,-0,0
19.95,-0.433784635734014,0.667345257201889,-0.346913744110426,-0,0,0.314801913440578,-0.496150503188544,0.260534756176951,0,0,-1.56217740780675,0.218307286459405,-0.0906356468528728,-0,0
19.96,-0.427128660883142,0.663836509578095,-0.354835780648407,-0,0,0.309853544158579,-0.493512452003254,0.267075480880958,0,0,-1.55999890466063,0.217389549148852,-0.0929118152577735,-0,0
19.97,-0.420508169610337,0.660248541588921,-0.362757817186385,-0,0,0.30493188242467,-0.490808993570925,0.273616205584962,0,0,-1.55782969269605,0.21644905015425,-0.0951879836626729,-0,0
19.98,-0.413923954119248,0.656581353234367,-0.370679853724366,-0,0,0.300037582311317,-0.488040127891554,0.280156930288968,0,0,-1.55566999952983,0.215485789475598,-0.0974641520675734,-0,0
19.99,-0.407376806613535,0.652834944514434,-0.378601890262343,-0,0,0.295171297890996,-0.485205854965145,0.286697654992972,0,0,-1.55352005277882,0.214499767112898,-0.0997403204724729,-0,0
20,-0.400867519296845,0.64900931542912,-0.386523926800324,-0,0,0.290333683236172,-0.482306174791695,0.293238379696978,0,0,-1.55138008005985,0.213490983066149,-0.102016488877374,-0,0
20.01,-0.394396884372835,0.645104465978426,-0.394445963338305,-0,0,0.285525392419317,-0.479341087371205,0.299779104400985,0,0,-1.54925030898977,0.21245943733535,-0.104292657282274,-0,0
20.02,-0.387965694045161,0.641120396162354,-0.402367999876282,-0,0,0.280747079512904,-0.476310592703676,0.306319829104988,0,0,-1.54713096718542,0.211405129920504,-0.106568825687174,-0,0
20.03,-0.381574740517473,0.637057105980901,-0.410290036414263,-0,0,0.275999398589401,-0.473214690789105,0.312860553808995,0,0,-1.54502228226364,0.210328060821607,-0.108844994092074,-0,0
20.04,-0.375224815993428,0.632914595434069,-0.418212072952241,-0,0,0.271283003721279,-0.470053381627496,0.319401278512999,0,0,-1.54292448184127,0.209228230038662,-0.111121162496974,-0,0
20.05,-0.368916712676676,0.628692864521856,-0.426134109490222,-0,0,0.266598548981008,-0.466826665218845,0.325942003217005,0,0,-1.54083779353515,0.208105637571668,-0.113397330901874,-0,0
20.06,-0.362651222770875,0.624391913244265,-0.4340561460282,-0,0,0.261946688441059,-0.463534541563156,0.332482727921009,0,0,-1.53876244496212,0.206960283420625,-0.115673499306773,-0,0
20.07,-0.356429138479676,0.620011741601292,-0.441978182566181,-0,0,0.257328076173901,-0.460177010660425,0.339023452625015,0,0,-1.53669866373902,0.205792167585532,-0.117949667711674,-0,0
20.08,-0.350251252006735,0.615552349592942,-0.449900219104158,-0,0,0.252743366252008,-0.456754072510656,0.345564177329019,0,0,-1.53464667748269,0.204601290066391,-0.120225836116574,-0,0
20.09,-0.344118355555702,0.611013737219209,-0.457822255642139,-0,0,0.248193212747846,-0.453265727113845,0.352104902033026,0,0,-1.53260671380997,0.203387650863201,-0.122502004521474,-0,0
20.1,-0.338031241330233,0.606395904480098,-0.46574429218012,-0,0,0.243678269733886,-0.449711974469994,0.358645626737032,0,0,-1.5305790003377,0.202151249975961,-0.124778172926375,-0,0
20.11,-0.331990701533985,0.601698851375607,-0.473666328718098,-0,0,0.239199191282603,-0.446092814579104,0.365186351441036,0,0,-1.52856376468273,0.200892087404673,-0.127054341331274,-0,0
20.12,-0.325997528370606,0.596922577905735,-0.481588365256079,-0,0,0.234756631466461,-0.442408247441173,0.371727076145042,0,0,-1.52656123446189,0.199610163149336,-0.129330509736174,-0,0
20.13,-0.320052514043755,0.592067084070486,-0.489510401794057,-0,0,0.230351244357936,-0.438658273056204,0.378267800849046,0,0,-1.52457163729203,0.19830547720995,-0.131606678141074,-0,0
20.14,-0.314156450757081,0.587132369869854,-0.497432438332037,-0,0,0.225983684029494,-0.434842891424193,0.384808525553052,0,0,-1.52259520078997,0.196978029586514,-0.133882846545975,-0,0
20.15,-0.308310130714242,0.582118435303845,-0.505354474870015,-0,0,0.221654604553609,-0.430962102545143,0.391349250257056,0,0,-1.52063215257258,0.195627820279031,-0.136159014950874,-0,0
20.16,-0.302514346118889,0.577025280372455,-0.513276511407996,-0,0,0.217364660002748,-0.427015906419052,0.397889974961062,0,0,-1.51868272025667,0.194254849287497,-0.138435183355774,-0,0
20.17,-0.296769889174676,0.571852905075684,-0.521198547945977,-0,0,0.213114504449384,-0.423004303045921,0.404430699665069,0,0,-1.5167471314591,0.192859116611915,-0.140711351760675,-0,0
20.18,-0.29107755208526,0.566601309413535,-0.529120584483955,-0,0,0.208904791965987,-0.418927292425751,0.410971424369073,0,0,-1.51482561379671,0.191440622252284,-0.142987520165575,-0,0
20.19,-0.28543812705429,0.561270493386005,-0.537042621021936,-0,0,0.204736176625025,-0.414784874558539,0.417512149073079,0,0,-1.51291839488634,0.189999366208603,-0.145263688570475,-0,0
20.2,-0.279852406285425,0.555860456993096,-0.544964657559913,-0,0,0.200609312498973,-0.410577049444289,0.424052873777083,0,0,-1.51102570234482,0.188535348480874,-0.147539856975374,-0,0
20.21,-0.274321181982313,0.550371200234807,-0.552886694097894,-0,0,0.196524853660297,-0.406303817082998,0.430593598481089,0,0,-1.509147763789,0.187048569069096,-0.149816025380275,-0,0
20.22,-0.268845246348614,0.544802723111139,-0.560808730635872,-0,0,0.19248345418147,-0.401965177474668,0.437134323185093,0,0,-1.50728480683572,0.185539027973269,-0.152092193785175,-0,0
20.23,-0.263425391587975,0.53915502562209,-0.568730767173853,-0,0,0.188485768134961,-0.397561130619296,0.443675047889099,0,0,-1.50543705910182,0.184006725193392,-0.154368362190075,-0,0
20.24,-0.258062409904056,0.533428107767662,-0.576652803711831,-0,0,0.184532449593241,-0.393091676516886,0.450215772593104,0,0,-1.50360474820413,0.182451660729467,-0.156644530594975,-0,0
20.25,-0.252757093500507,0.527621969547853,-0.584574840249811,-0,0,0.18062415262878,-0.388556815167434,0.45675649729711,0,0,-1.50178810175951,0.180873834581493,-0.158920698999876,-0,0
20.26,-0.247510051697167,0.521791476107246,-0.581523847871517,0,0,0.17676138041917,-0.384001815034368,0.454243529315881,-0,0,-1.49998728377949,0.179292328336324,-0.157380550033887,0,0
20.27,-0.242321162278616,0.515991492590423,-0.578472855493224,0,0,0.172944032562493,-0.379471944581117,0.451730561334652,-0,0,-1.49820220385448,0.177726223580815,-0.155840401067899,0,0
20.28,-0.237190120145613,0.510222018997381,-0.57542186311493,0,0,0.169171857761948,-0.374967203807676,0.449217593353423,-0,0,-1.49643270796958,0.176175520314966,-0.154300252101911,0,0
20.29,-0.232116620198923,0.504483055328125,-0.572370870736637,0,0,0.16544460472074,-0.370487592714048,0.446704625372194,-0,0,-1.49467864210988,0.174640218538777,-0.152760103135923,0,0
20.3,-0.227100357339305,0.498774601582649,-0.569319878358343,0,0,0.161762022142068,-0.366033111300232,0.444191657390965,-0,0,-1.4929398522605,0.173120318252247,-0.151219954169935,0,0
20.31,-0.222141026467524,0.493096657760958,-0.56626888598005,0,0,0.158123858729136,-0.361603759566229,0.441678689409736,-0,0,-1.49121618440654,0.171615819455378,-0.149679805203947,0,0
20.32,-0.21723832248434,0.487449223863048,-0.563217893601756,0,0,0.154529863185144,-0.357199537512037,0.439165721428507,-0,0,-1.4895074845331,0.170126722148169,-0.148139656237959,0,0
20.33,-0.212391940290517,0.481832299888923,-0.560166901223463,0,0,0.150979784213296,-0.352820445137659,0.436652753447279,-0,0,-1.48781359862528,0.168653026330619,-0.146599507271971,0,0
20.34,-0.207601574786816,0.476245885838579,-0.557115908845169,0,0,0.147473370516792,-0.348466482443092,0.434139785466049,-0,0,-1.48613437266819,0.167194732002729,-0.145059358305983,0,0
20.35,-0.202866920873998,0.470689981712018,-0.554064916466875,0,0,0.144010370798834,-0.344137649428337,0.43162681748482,-0,0,-1.48446965264692,0.165751839164499,-0.143519209339995,0,0
20.36,-0.198187673452829,0.465164587509242,-0.551013924088582,0,0,0.140590533762626,-0.339833946093396,0.429113849503591,-0,0,-1.4828192845466,0.164324347815929,-0.141979060374007,0,0
20.37,-0.193563527424068,0.459669703230247,-0.547962931710288,0,0,0.137213608111367,-0.335555372438265,0.426600881522362,-0,0,-1.48118311435231,0.162912257957019,-0.140438911408019,0,0
20.38,-0.188994177688479,0.454205328875036,-0.544911939331995,0,0,0.133879342548261,-0.331301928462949,0.424087913541133,-0,0,-1.47956098804916,0.161515569587769,-0.138898762442031,0,0
20.39,-0.184479319146821,0.448771464443607,-0.541860946953702,0,0,0.130587485776509,-0.327073614167443,0.421574945559904,-0,0,-1.47795275162225,0.160134282708179,-0.137358613476043,0,0
20.4,-0.180018646699861,0.443368109935963,-0.538809954575409,0,0,0.127337786499313,-0.322870429551751,0.419061977578676,-0,0,-1.4763582510567,0.158768397318248,-0.135818464510055,0,0
20.41,-0.175611855248356,0.437995265352099,-0.535758962197115,0,0,0.124129993419875,-0.31869237461587,0.416549009597446,-0,0,-1.47477733233759,0.157417913417977,-0.134278315544067,0,0
20.42,-0.171258639693072,0.432652930692019,-0.532707969818821,0,0,0.120963855241396,-0.314539449359801,0.414036041616217,-0,0,-1.47320984145004,0.156082831007367,-0.132738166578078,0,0
20.43,-0.16695869493477,0.427341105955723,-0.529656977440528,0,0,0.117839120667079,-0.310411653783545,0.411523073634988,-0,0,-1.47165562437914,0.154763150086416,-0.131198017612091,0,0
20.44,-0.162711715874211,0.422059791143208,-0.526605985062234,0,0,0.114755538400125,-0.306308987887101,0.409010105653759,-0,0,-1.47011452711001,0.153458870655125,-0.129657868646102,0,0
20.45,-0.15851739741216,0.416808986254478,-0.523554992683941,0,0,0.111712857143738,-0.30223145167047,0.406497137672531,-0,0,-1.46858639562774,0.152169992713494,-0.128117719680115,0,0
20.46,-0.154375434449376,0.41158869128953,-0.520504000305647,0,0,0.108710825601117,-0.298179045133651,0.403984169691301,-0,0,-1.46707107591744,0.150896516261523,-0.126577570714126,0,0
20.47,-0.150285521886624,0.406398906248366,-0.517453007927354,0,0,0.105749192475466,-0.294151768276644,0.401471201710073,-0,0,-1.46556841396421,0.149638441299211,-0.125037421748139,0,0
20.48,-0.146247354624663,0.401239631130983,-0.51440201554906,0,0,0.102827706469985,-0.290149621099449,0.398958233728843,-0,0,-1.46407825575316,0.14839576782656,-0.12349727278215,0,0
20.49,-0.142260627564258,0.396110865937385,-0.511351023170767,0,0,0.0999461162878775,-0.286172603602068,0.396445265747615,-0,0,-1.46260044726938,0.147168495843569,-0.121957123816163,0,0
20.5,-0.13832503560617,0.391012610667568,-0.508300030792473,0,0,0.0971041706323441,-0.282220715784497,0.393932297766385,-0,0,-1.46113483449799,0.145956625350237,-0.120416974850174,0,0
20.51,-0.13444027365116,0.385944865321534,-0.505249038414179,0,0,0.0943016182065873,-0.278293957646739,0.391419329785156,-0,0,-1.45968126342408,0.144760156346565,-0.118876825884186,0,0
20.52,-0.130606036599993,0.380907629899284,-0.502198046035886,0,0,0.0915382077138101,-0.274392329188794,0.388906361803928,-0,0,-1.45823958003276,0.143579088832553,-0.117336676918198,0,0
20.53,-0.126822019353428,0.375900904400816,-0.499147053657592,0,0,0.0888136878572122,-0.27051583041066,0.386393393822698,-0,0,-1.45680963030913,0.142413422808201,-0.11579652795221,0,0
20.54,-0.123087916812231,0.370924688826133,-0.496096061279299,0,0,0.0861278073399976,-0.26666446131234,0.38388042584147,-0,0,-1.4553912602383,0.141263158273509,-0.114256378986222,0,0
20.55,-0.11940342387716,0.36597898317523,-0.493045068901005,0,0,0.0834803148653662,-0.262838221893831,0.38136745786024,-0,0,-1.45398431580536,0.140128295228476,-0.112716230020234,0,0
20.56,-0.115768235448981,0.361063787448113,-0.489994076522713,0,0,0.0808709591365217,-0.259037112155136,0.378854489879012,-0,0,-1.45258864299543,0.139008833673104,-0.111176081054246,0,0
20.57,-0.112182046428452,0.356179101644776,-0.486943084144419,0,0,0.0782994888566642,-0.255261132096251,0.376341521897783,-0,0,-1.4512040877936,0.137904773607391,-0.109635932088258,0,0
20.58,-0.108644551716339,0.351324925765225,-0.483892091766126,0,0,0.0757656527289974,-0.25151028171718,0.373828553916554,-0,0,-1.44983049618498,0.136816115031339,-0.10809578312227,0,0
20.59,-0.105155446213402,0.346501259809454,-0.480841099387832,0,0,0.0732691994567213,-0.24778456101792,0.371315585935325,-0,0,-1.44846771415467,0.135742857944946,-0.106555634156282,0,0
20.6,-0.101714424820403,0.341708103777466,-0.477790107009538,0,0,0.0708098777430388,-0.244083969998473,0.368802617954095,-0,0,-1.44711558768778,0.134685002348213,-0.105015485190294,0,0
20.61,-0.0983211824381066,0.336945457669264,-0.474739114631245,0,0,0.0683874362911526,-0.240408508658838,0.366289649972867,-0,0,-1.44577396276941,0.13364254824114,-0.103475336224306,0,0
20.62,-0.094975413967272,0.332213321484842,-0.471688122252951,0,0,0.0660016238042628,-0.236758176999015,0.363776681991637,-0,0,-1.44444268538466,0.132615495623727,-0.101935187258318,0,0
20.63,-0.0916768143086639,0.327511695224205,-0.468637129874658,0,0,0.063652188985573,-0.233132975019006,0.361263714010409,-0,0,-1.44312160151864,0.131603844495974,-0.10039503829233,0,0
20.64,-0.0884250783630421,0.322840578887349,-0.465586137496364,0,0,0.0613388805382834,-0.229532902718807,0.35875074602918,-0,0,-1.44181055715644,0.13060759485788,-0.0988548893263418,0,0
20.65,-0.0852199010311711,0.318199972474278,-0.462535145118071,0,0,0.0590614471655976,-0.225957960098422,0.356237778047951,-0,0,-1.44050939828318,0.129626746709447,-0.097314740360354,0,0
20.66,-0.0820609772138108,0.313589875984988,-0.459484152739777,0,0,0.0568196375707157,-0.222408147157849,0.353724810066722,-0,0,-1.43921797088395,0.128661300050673,-0.0957745913943657,0,0
20.67,-0.0789480018117245,0.309010289419481,-0.456433160361483,0,0,0.0546132004568405,-0.218883463897087,0.351211842085492,-0,0,-1.43793612094387,0.12771125488156,-0.0942344424283775,0,0
20.68,-0.0758806697256754,0.304461212777758,-0.45338216798319,0,0,0.0524418845271747,-0.215383910316139,0.348698874104264,-0,0,-1.43666369444802,0.126776611202106,-0.0926942934623897,0,0
20.69,-0.0728586758564235,0.299942646059817,-0.450331175604896,0,0,0.0503054384849185,-0.211909486415002,0.346185906123035,-0,0,-1.43540053738153,0.125857369012312,-0.0911541444964013,0,0
20.7,-0.0698817151047332,0.29545458926566,-0.447280183226603,0,0,0.0482036110332753,-0.208460192193678,0.343672938141806,-0,0,-1.43414649572948,0.124953528312178,-0.0896139955304138,0,0
20.71,-0.0669494823713645,0.290997042395285,-0.444229190848309,0,0,0.0461361508754457,-0.205036027652166,0.341159970160577,-0,0,-1.43290141547698,0.124065089101704,-0.0880738465644254,0,0
20.72,-0.0640616725570817,0.286570005448694,-0.441178198470016,0,0,0.0441028067146327,-0.201636992790467,0.338647002179348,-0,0,-1.43166514260915,0.12319205138089,-0.0865336975984377,0,0
20.73,-0.0612179805626448,0.282173478425885,-0.438127206091722,0,0,0.042103327254037,-0.198263087608579,0.336134034198119,-0,0,-1.43043752311107,0.122334415149735,-0.0849935486324495,0,0
20.74,-0.0584181012888181,0.27780746132686,-0.43507621371343,0,0,0.0401374611968618,-0.194914312106505,0.33362106621689,-0,0,-1.42921840296785,0.12149218040824,-0.0834533996664617,0,0
20.75,-0.0556617296363618,0.273471954151617,-0.432025221335135,0,0,0.0382049572463077,-0.191590666284241,0.331108098235661,-0,0,-1.4280076281646,0.120665347156406,-0.0819132507004733,0,0
20.76,-0.0529485605060389,0.269166956900156,-0.428974228956842,0,0,0.036305564105577,-0.18829215014179,0.328595130254432,-0,0,-1.42680504468643,0.119853915394231,-0.0803731017344851,0,0
20.77,-0.0502782887986128,0.26489246957248,-0.425923236578549,0,0,0.0344390304778725,-0.185018763679153,0.326082162273203,-0,0,-1.42561049851842,0.119057885121716,-0.0788329527684973,0,0
20.78,-0.0476506094148436,0.260648492168585,-0.422872244200255,0,0,0.0326051050663947,-0.181770506896326,0.323569194291974,-0,0,-1.42442383564569,0.118277256338861,-0.0772928038025091,0,0
20.79,-0.0450652172554953,0.256435024688475,-0.419821251821962,0,0,0.0308035365743467,-0.178547379793314,0.321056226310745,-0,0,-1.42324490205334,0.117512029045666,-0.0757526548365213,0,0
20.8,-0.0425218072213282,0.252252067132146,-0.416770259443668,0,0,0.0290340737049291,-0.175349382370112,0.318543258329516,-0,0,-1.42207354372648,0.11676220324213,-0.0742125058705331,0,0
20.81,-0.0400200742131065,0.248099619499602,-0.413719267065375,0,0,0.0272964651613452,-0.172176514626723,0.316030290348287,-0,0,-1.4209096066502,0.116027778928255,-0.0726723569045453,0,0
20.82,-0.0375597131315904,0.243977681790839,-0.410668274687081,0,0,0.0255904596467954,-0.169028776563146,0.313517322367058,-0,0,-1.41975293680962,0.11530875610404,-0.0711322079385571,0,0
20.83,-0.0351404188775439,0.23988625400586,-0.407617282308788,0,0,0.0239158058644829,-0.165906168179382,0.31100435438583,-0,0,-1.41860338018982,0.114605134769484,-0.0695920589725694,0,0
20.84,-0.0327618863517274,0.235825336144663,-0.404566289930494,0,0,0.0222722525176085,-0.16280868947543,0.3084913864046,-0,0,-1.41746078277593,0.113916914924588,-0.068051910006581,0,0
20.85,-0.0304238104549039,0.231794928207249,-0.4015152975522,0,0,0.0206595483093744,-0.159736340451289,0.305978418423371,-0,0,-1.41632499055303,0.113244096569352,-0.0665117610405928,0,0
20.86,-0.0281258860878365,0.227795030193619,-0.398464305173907,0,0,0.0190774419429833,-0.156689121106962,0.303465450442142,-0,0,-1.41519584950624,0.112586679703776,-0.0649716120746051,0,0
20.87,-0.0258678081512857,0.223825642103771,-0.395413312795613,0,0,0.0175256821216359,-0.153667031442447,0.300952482460913,-0,0,-1.41407320562066,0.11194466432786,-0.0634314631086168,0,0
20.88,-0.0236492715460152,0.219886763937707,-0.39236232041732,0,0,0.0160040175485351,-0.150670071457744,0.298439514479685,-0,0,-1.41295690488139,0.111318050441604,-0.061891314142629,0,0
20.89,-0.0214699711727857,0.215978395695425,-0.389311328039026,0,0,0.0145121969268817,-0.147698241152853,0.295926546498455,-0,0,-1.41184679327353,0.110706838045008,-0.0603511651766408,0,0
20.9,-0.0193296019323609,0.212100537376927,-0.386260335660733,0,0,0.0130499689598787,-0.144751540527775,0.293413578517227,-0,0,-1.41074271678219,0.110111027138071,-0.0588110162106531,0,0
20.91,-0.0172278587255013,0.208253188982211,-0.383209343282439,0,0,0.0116170823507269,-0.141829969582509,0.290900610535997,-0,0,-1.40964452139247,0.109530617720795,-0.0572708672446647,0,0
20.92,-0.0151644364529701,0.204436350511277,-0.380158350904145,0,0,0.0102132858026287,-0.138933528317054,0.288387642554768,-0,0,-1.40855205308947,0.108965609793178,-0.0557307182786765,0,0
20.93,-0.0131390300155299,0.200650021964128,-0.377107358525853,0,0,0.0088383280187865,-0.136062216731413,0.285874674573539,-0,0,-1.40746515785831,0.108416003355221,-0.0541905693126888,0,0
20.94,-0.0111513343139417,0.19689420334076,-0.374056366147559,0,0,0.00749195770240114,-0.133216034825584,0.28336170659231,-0,0,-1.40638368168407,0.107881798406924,-0.0526504203467004,0,0
20.95,-0.00920104424896883,0.193168894641177,-0.371005373769266,0,0,0.00617392355667546,-0.130394982599567,0.280848738611082,-0,0,-1.40530747055187,0.107362994948287,-0.0511102713807127,0,0
20.96,-0.00728785472137227,0.189474095865375,-0.367954381390972,0,0,0.00488397428481047,-0.127599060053362,0.278335770629852,-0,0,-1.4042363704468,0.10685959297931,-0.0495701224147245,0,0
20.97,-0.00541146063191544,0.185809807013357,-0.364903389012679,0,0,0.0036218585900089,-0.12482826718697,0.275822802648624,-0,0,-1.40317022735398,0.106371592499993,-0.0480299734487368,0,0
20.98,-0.00357155688135927,0.182176028085122,-0.361852396634385,0,0,0.00238732517547178,-0.12208260400039,0.273309834667394,-0,0,-1.40210888725851,0.105898993510335,-0.0464898244827484,0,0
20.99,-0.00176783837046712,0.17857275908067,-0.358801404256092,0,0,0.00118012274440178,-0.119362070493623,0.270796866686166,-0,0,-1.40105219614548,0.105441796010338,-0.0449496755167607,0,0
21,-9.41827097120091e-18,0.175,-0.355750411877798,0,0,1.66646365089155e-17,-0.116666666666667,0.268283898704936,-0,0,-1.4,0.105,-0.0434095265507724,0,0
21.01,0.00173226332927936,0.171457750843113,-0.352699419499504,0,0,-0.00115329435453129,-0.113996392519523,0.265770930723707,-0,0,-1.39895214480718,0.104573605479322,-0.0418693775847842,0,0
21.02,0.00342925671660814,0.16794601161001,-0.349648427121211,0,0,-0.0022800116159898,-0.111351248052193,0.263257962742479,-0,0,-1.39790847655211,0.104162612448304,-0.0403292286187964,0,0
21.03,0.00509128526122538,0.164464782300689,-0.346597434742917,0,0,-0.00338040308117445,-0.108731233264674,0.260744994761249,-0,0,-1.39686884121991,0.103767020906946,-0.0387890796528082,0,0
21.04,0.00671865406236776,0.161014062915152,-0.343546442364624,0,0,-0.00445472004688259,-0.106136348156968,0.258232026780021,-0,0,-1.39583308479568,0.103386830855248,-0.0372489306868204,0,0
21.05,0.00831166821927429,0.157593853453397,-0.34049544998633,0,0,-0.00550321380991313,-0.103566592729073,0.255719058798791,-0,0,-1.39480105326451,0.10302204229321,-0.0357087817208321,0,0
21.06,0.00987063283118165,0.154204153915425,-0.337444457608037,0,0,-0.00652613566706342,-0.101021966980992,0.253206090817563,-0,0,-1.39377259261151,0.102672655220832,-0.0341686327548444,0,0
21.07,0.0113958529973287,0.150844964301236,-0.334393465229743,0,0,-0.00752373691513231,-0.0985024709127221,0.250693122836333,-0,0,-1.39274754882179,0.102338669638113,-0.0326284837888561,0,0
21.08,0.0128876338169522,0.147516284610831,-0.33134247285145,0,0,-0.00849626885091719,-0.0960081045242654,0.248180154855105,-0,0,-1.39172576788045,0.102020085545054,-0.0310883348228684,0,0
21.09,0.0143462803892911,0.144218114844207,-0.328291480473156,0,0,-0.00944398277121692,-0.0935388678156202,0.245667186873876,-0,0,-1.39070709577259,0.101716902941656,-0.0295481858568801,0,0
21.1,0.0157720978135827,0.140950455001366,-0.325240488094862,0,0,-0.0103671299728293,-0.0910947607867872,0.243154218892646,-0,0,-1.38969137848332,0.101429121827917,-0.0280080368908918,0,0
21.11,0.0171653911890644,0.13771330508231,-0.32218949571657,0,0,-0.011265961752552,-0.0886757834377673,0.240641250911418,-0,0,-1.38867846199774,0.101156742203838,-0.0264678879249041,0,0
21.12,0.0185264656149748,0.134506665087035,-0.319138503338276,0,0,-0.0121407294071839,-0.0862819357685589,0.238128282930188,-0,0,-1.38766819230095,0.100899764069419,-0.0249277389589158,0,0
21.13,0.019855626190551,0.131330535015545,-0.316087510959983,0,0,-0.0129916842335225,-0.0839132177791637,0.23561531494896,-0,0,-1.38666041537805,0.10065818742466,-0.0233875899929281,0,0
21.14,0.0211531780150316,0.128184914867836,-0.313036518581689,0,0,-0.0138190775283665,-0.0815696294695799,0.233102346967731,-0,0,-1.38565497721415,0.10043201226956,-0.0218474410269398,0,0
21.15,0.0224194261876536,0.125069804643911,-0.309985526203396,0,0,-0.0146231605885135,-0.0792511708398091,0.230589378986502,-0,0,-1.38465172379436,0.100221238604121,-0.0203072920609521,0,0
21.16,0.0236546758076557,0.121985204343768,-0.306934533825102,0,0,-0.015404184710762,-0.0769578418898499,0.228076411005273,-0,0,-1.38365050110377,0.100025866428341,-0.0187671430949638,0,0
21.17,0.0248592319742752,0.118931113967408,-0.303883541446808,0,0,-0.0161624011919101,-0.074689642619703,0.225563443024043,-0,0,-1.38265115512749,0.0998458957422213,-0.0172269941289755,0,0
21.18,0.0260333997867498,0.115907533514832,-0.300832549068515,0,0,-0.0168980613287555,-0.0724465730293691,0.223050475042815,-0,0,-1.38165353185063,0.0996813265457615,-0.0156868451629878,0,0
21.19,0.0271774843443178,0.112914462986038,-0.297781556690221,0,0,-0.0176114164180968,-0.0702286331188468,0.220537507061586,-0,0,-1.38065747725828,0.0995321588389615,-0.0141466961969995,0,0
21.2,0.0282917907462164,0.109951902381028,-0.294730564311928,0,0,-0.0183027177567318,-0.0680358228881375,0.218024539080357,-0,0,-1.37966283733555,0.0993983926218215,-0.0126065472310118,0,0
21.21,0.0293766240916843,0.107019851699799,-0.291679571933634,0,0,-0.0189722166414589,-0.0658681423372397,0.215511571099128,-0,0,-1.37866945806754,0.0992800278943412,-0.0110663982650235,0,0
21.22,0.0304322894799583,0.104118310942355,-0.288628579555341,0,0,-0.0196201643690759,-0.0637255914661551,0.212998603117899,-0,0,-1.37767718543936,0.0991770646565211,-0.00952624929903579,0,0
21.23,0.0314590920102772,0.101247280108693,-0.285577587177047,0,0,-0.0202468122363813,-0.0616081702748818,0.21048563513667,-0,0,-1.37668586543611,0.0990895029083607,-0.0079861003330475,0,0
21.24,0.0324573367818784,0.0984067591988132,-0.282526594798753,0,0,-0.0208524115401731,-0.059515878763421,0.20797266715544,-0,0,-1.3756953440429,0.0990173426498601,-0.00644595136705923,0,0
21.25,0.0334273288939994,0.0955967482127177,-0.27947560242046,0,0,-0.0214372135772491,-0.0574487169317732,0.205459699174212,-0,0,-1.37470546724482,0.0989605838810195,-0.00490580240107148,0,0
21.26,0.0343693734458786,0.0928172471504041,-0.276424610042166,0,0,-0.0220014696444079,-0.0554066847799368,0.202946731192983,-0,0,-1.37371608102698,0.0989192266018387,-0.00336565343508321,0,0
21.27,0.0352837755367534,0.0900682560118745,-0.273373617663873,0,0,-0.0225454310384472,-0.0533897823079136,0.200433763211754,-0,0,-1.37272703137448,0.0988932708123177,-0.00182550446909549,0,0
21.28,0.0361708402658621,0.0873497747971267,-0.270322625285579,0,0,-0.0230693490561655,-0.0513980095157018,0.197920795230525,-0,0,-1.37173816427243,0.0988827165124567,-0.000285355503107203,0,0
21.29,0.0370308727324418,0.084661803506163,-0.267271632907287,0,0,-0.0235734749943606,-0.0494313664033031,0.195407827249296,-0,0,-1.37074932570594,0.0988875637022557,0.00125479346288053,0,0
21.3,0.0378641780357312,0.0820043421389811,-0.264220640528993,0,0,-0.0240580601498309,-0.047489852970716,0.192894859268067,-0,0,-1.36976036166009,0.0989078123817144,0.00279494242886882,0,0
21.31,0.0386710612749677,0.0793773906955823,-0.261169648150699,0,0,-0.0245233558193745,-0.0455734692179412,0.190381891286838,-0,0,-1.36877111812,0.0989434625508331,0.00433509139485708,0,0
21.32,0.0394518275493888,0.0767809491759672,-0.258118655772406,0,0,-0.0249696132997891,-0.0436822151449793,0.187868923305609,-0,0,-1.36778144107077,0.0989945142096114,0.00587524036084484,0,0
21.33,0.0402067819582329,0.0742150175801343,-0.255067663394112,0,0,-0.0253970838878734,-0.0418160907518291,0.18535595532438,-0,0,-1.36679117649751,0.09906096735805,0.00741538932683307,0,0
21.34,0.0409362296007374,0.0716795959080851,-0.252016671015819,0,0,-0.0258060188804251,-0.0399750960384918,0.182842987343151,-0,0,-1.36580017038531,0.0991428219961483,0.00895553829282084,0,0
21.35,0.0416404755761405,0.069174684159818,-0.248965678637525,0,0,-0.0261966695742426,-0.0381592310049662,0.180330019361922,-0,0,-1.36480826871929,0.0992400781239064,0.0104956872588091,0,0
21.36,0.0423198249836796,0.0667002823353347,-0.245914686259232,0,0,-0.0265692872661237,-0.0363684956512535,0.177817051380693,-0,0,-1.36381531748454,0.0993527357413243,0.0120358362247968,0,0
21.37,0.0429745829225931,0.0642563904346335,-0.242863693880938,0,0,-0.026924123252867,-0.0346028899773524,0.175304083399464,-0,0,-1.36282116266616,0.0994807948484022,0.0135759851907851,0,0
21.38,0.0436050544921183,0.0618430084577161,-0.239812701502645,0,0,-0.0272614288312702,-0.0328624139832642,0.172791115418235,-0,0,-1.36182565024927,0.0996242554451401,0.0151161341567728,0,0
21.39,0.0442115447914933,0.0594601364045807,-0.236761709124351,0,0,-0.0275814552981316,-0.0311470676689877,0.170278147437006,-0,0,-1.36082862621896,0.0997831175315377,0.0166562831227612,0,0
21.4,0.044794358919956,0.0571077742752283,-0.233710716746057,0,0,-0.0278844539502494,-0.0294568510345236,0.167765179455777,-0,0,-1.35982993656034,0.0999573811075953,0.0181964320887494,0,0
21.41,0.0453538019767438,0.0547859220696597,-0.230659724367764,0,0,-0.0281706760844214,-0.0277917640798723,0.165252211474548,-0,0,-1.35882942725851,0.100147046173313,0.0197365810547372,0,0
21.42,0.0458901790610951,0.0524945797878731,-0.22760873198947,0,0,-0.0284403729974462,-0.0261518068050327,0.162739243493319,-0,0,-1.35782694429858,0.10035211272869,0.0212767300207254,0,0
21.43,0.0464037952722472,0.0502337474298703,-0.224557739611177,0,0,-0.0286937959861215,-0.0245369792100059,0.16022627551209,-0,0,-1.35682233366564,0.100572580773727,0.0228168789867132,0,0
21.44,0.0468949557094384,0.0480034249956498,-0.221506747232883,0,0,-0.0289311963472457,-0.022947281294791,0.157713307530861,-0,0,-1.3558154413448,0.100808450308424,0.0243570279527014,0,0
21.45,0.0473639654719062,0.0458036124852127,-0.21845575485459,0,0,-0.0291528253776167,-0.0213827130593888,0.155200339549633,-0,0,-1.35480611332117,0.101059721332781,0.0258971769186892,0,0
21.46,0.0478111296588886,0.043634309898558,-0.215404762476297,0,0,-0.0293589343740328,-0.0198432745037984,0.152687371568403,-0,0,-1.35379419557985,0.101326393846798,0.0274373258846774,0,0
21.47,0.0482367533696232,0.0414955172356869,-0.212353770098004,0,0,-0.029549774633292,-0.0183289656280208,0.150174403587175,-0,0,-1.35277953410594,0.101608467850475,0.0289774748506651,0,0
21.48,0.0486411417033482,0.0393872344965981,-0.20930277771971,0,0,-0.0297255974521926,-0.016839786432055,0.147661435605945,-0,0,-1.35176197488454,0.101905943343811,0.0305176238166535,0,0
21.49,0.0490245997593013,0.0373094616812921,-0.206251785341416,0,0,-0.0298866541275325,-0.0153757369159015,0.145148467624716,-0,0,-1.35074136390076,0.102218820326808,0.0320577727826418,0,0
21.5,0.0493874326367201,0.0352621987897698,-0.203200792963123,0,0,-0.03003319595611,-0.0139368170795607,0.142635499643487,-0,0,-1.3497175471397,0.102547098799464,0.0335979217486295,0,0
21.51,0.0497299454348426,0.0332454458220298,-0.200149800584829,0,0,-0.0301654742347231,-0.0125230269230318,0.140122531662258,-0,0,-1.34869037058647,0.102890778761781,0.0351380707146177,0,0
21.52,0.0500524432529065,0.0312592027780733,-0.197098808206536,0,0,-0.03028374026017,-0.0111343664463156,0.13760956368103,-0,0,-1.34765968022617,0.103249860213757,0.0366782196806055,0,0
21.53,0.05035523119015,0.0293034696578991,-0.194047815828242,0,0,-0.0303882453292488,-0.00977083564941124,0.1350965956998,-0,0,-1.3466253220439,0.103624343155393,0.0382183686465938,0,0
21.54,0.0506386143458105,0.0273782464615085,-0.190996823449949,0,0,-0.0304792407387576,-0.00843243453231961,0.132583627718572,-0,0,-1.34558714202476,0.104014227586688,0.0397585176125815,0,0
21.55,0.0509028978191261,0.0254835331889002,-0.187945831071655,0,0,-0.0305569777854946,-0.00711916309503988,0.130070659737342,-0,0,-1.34454498615387,0.104419513507644,0.0412986665785698,0,0
21.56,0.0511483867093345,0.0236193298400748,-0.184894838693361,0,0,-0.0306217077662578,-0.00583102133757233,0.127557691756113,-0,0,-1.34349870041631,0.10484020091826,0.042838815544558,0,0
21.57,0.0513753861156735,0.0217856364150331,-0.181843846315068,0,0,-0.0306736819778454,-0.00456800925991769,0.125044723774884,-0,0,-1.3424481307972,0.105276289818535,0.0443789645105458,0,0
21.58,0.0515842011373811,0.0199824529137735,-0.178792853936774,0,0,-0.0307131517170555,-0.00333012686207472,0.122531755793655,-0,0,-1.34139312328164,0.105727780208471,0.0459191134765341,0,0
21.59,0.0517751368736949,0.0182097793362977,-0.175741861558481,0,0,-0.0307403682806863,-0.0021173741440446,0.120018787812427,-0,0,-1.34033352385473,0.106194672088066,0.0474592624425218,0,0
21.6,0.051948498423853,0.0164676156826039,-0.172690869180187,0,0,-0.0307555829655358,-0.000929751105826214,0.117505819831197,-0,0,-1.33926917850158,0.106676965457321,0.04899941140851,0,0
21.61,0.0521045908870929,0.014755961952694,-0.169639876801894,0,0,-0.0307590470684022,0.000232742252579288,0.114992851849969,-0,0,-1.33819993320729,0.107174660316236,0.0505395603744977,0,0
21.62,0.0522437193626528,0.0130748181465662,-0.1665888844236,0,0,-0.0307510118860835,0.00137010593117308,0.112479883868739,-0,0,-1.33712563395696,0.107687756664811,0.0520797093404861,0,0
21.63,0.0523661889497702,0.0114241842642219,-0.163537892045307,0,0,-0.0307317287153781,0.00248233992995415,0.109966915887511,-0,0,-1.33604612673569,0.108216254503046,0.0536198583064738,0,0
21.64,0.0524723047476831,0.00980406030566011,-0.160486899667014,0,0,-0.0307014488530838,0.00356944424892324,0.107453947906282,-0,0,-1.3349612575286,0.108760153830941,0.055160007272462,0,0
21.65,0.0525623718556294,0.00821444627088117,-0.15743590728872,0,0,-0.030660423595999,0.0046314188880801,0.104940979925052,-0,0,-1.33387087232078,0.109319454648495,0.0567001562384503,0,0
21.66,0.0526366953728468,0.00665534215988575,-0.154384914910427,0,0,-0.0306089042409216,0.00566826384742426,0.102428011943824,-0,0,-1.33277481709733,0.10989415695571,0.058240305204438,0,0
21.67,0.052695580398573,0.00512674797267275,-0.151333922532133,0,0,-0.0305471420846498,0.00667997912695647,0.0999150439625943,-0,0,-1.33167293784336,0.110484260752584,0.0597804541704265,0,0
21.68,0.0527393320320461,0.00362866370924319,-0.14828293015384,0,0,-0.0304753884239819,0.00766656472667609,0.0974020759813659,-0,0,-1.33056508054398,0.111089766039118,0.0613206031364141,0,0
21.69,0.0527682553725039,0.002161089369596,-0.145231937775546,0,0,-0.0303938945557157,0.00862802064658377,0.0948891080001365,-0,0,-1.32945109118428,0.111710672815312,0.0628607521024024,0,0
21.7,0.052782655519184,0.000724024953732282,-0.142180945397253,0,0,-0.0303029117766496,0.00956434688667882,0.0923761400189081,-0,0,-1.32833081574937,0.112346981081166,0.0644009010683901,0,0
21.71,0.0527828375713244,-0.000682529538348943,-0.139129953018959,0,0,-0.0302026913835815,0.0104755434469619,0.0898631720376786,-0,0,-1.32720410022436,0.11299869083668,0.0659410500343783,0,0
21.72,0.052769106628163,-0.00205857410664683,-0.136078960640666,0,0,-0.0300934846733097,0.0113616103274323,0.0873502040564502,-0,0,-1.32607079059434,0.113665802081854,0.067481199000366,0,0
21.73,0.0527417677889374,-0.00340410875116222,-0.133027968262372,0,0,-0.0299755429426322,0.0122225475280908,0.0848372360752208,-0,0,-1.32493073284442,0.114348314816687,0.0690213479663545,0,0
21.74,0.0527011261528856,-0.00471913347189467,-0.129976975884078,0,0,-0.0298491174883472,0.013058355048937,0.0823242680939914,-0,0,-1.32378377295971,0.115046229041181,0.0705614969323427,0,0
21.75,0.0526474868192454,-0.00600364826884367,-0.126925983505785,0,0,-0.0297144596072528,0.0138690328899706,0.079811300112763,-0,0,-1.3226297569253,0.115759544755334,0.0721016458983304,0,0
21.76,0.0525811548872547,-0.00725765314201029,-0.123874991127491,0,0,-0.0295718205961472,0.0146545810511922,0.0772983321315335,-0,0,-1.3214685307263,0.116488261959148,0.0736417948643187,0,0
21.77,0.0525024354561513,-0.00848114809139352,-0.120823998749198,0,0,-0.0294214517518285,0.0154149995326013,0.0747853641503051,-0,0,-1.32029994034782,0.117232380652621,0.0751819438303064,0,0
21.78,0.0524116336251727,-0.00967413311699418,-0.117773006370904,0,0,-0.0292636043710945,0.0161502883341983,0.0722723961690757,-0,0,-1.31912383177495,0.117991900835754,0.0767220927962946,0,0
21.79,0.0523090544935574,-0.0108366082188115,-0.114722013992611,0,0,-0.0290985297507439,0.0168604474559828,0.0697594281878472,-0,0,-1.31794005099281,0.118766822508546,0.0782622417622823,0,0
21.8,0.0521950031605426,-0.0119685733968464,-0.111671021614317,0,0,-0.0289264791875743,0.0175454768979552,0.0672464602066178,-0,0,-1.31674844398648,0.119557145670999,0.0798023907282708,0,0
21.81,0.0520697847253663,-0.0130700286510982,-0.108620029236023,0,0,-0.028747703978384,0.0182053766601153,0.0647334922253885,-0,0,-1.31554885674109,0.120362870323112,0.0813425396942591,0,0
21.82,0.0519337042872666,-0.0141409739815668,-0.105569036857731,0,0,-0.0285624554199714,0.0188401467424629,0.06222052424416,-0,0,-1.31434113524172,0.121183996464884,0.0828826886602468,0,0
21.83,0.0517870669454809,-0.0151814093882528,-0.102518044479437,0,0,-0.0283709848091342,0.0194497871449985,0.0597075562629307,-0,0,-1.31312512547349,0.122020524096317,0.084422837626235,0,0
21.84,0.0516301777992474,-0.0161913348711555,-0.0994670521011436,0,0,-0.0281735434426708,0.0200342978677215,0.0571945882817021,-0,0,-1.3119006734215,0.122872453217409,0.0859629865922227,0,0
21.85,0.0514633419478037,-0.0171707504302755,-0.0964160597228497,0,0,-0.0279703826173791,0.0205936789106324,0.0546816203004728,-0,0,-1.31066762507084,0.123739783828161,0.0875031355582109,0,0
21.86,0.0512868644903878,-0.0181196560656125,-0.0933650673445568,0,0,-0.0277617536300575,0.021127930273731,0.0521686523192443,-0,0,-1.30942582640663,0.124622515928573,0.0890432845241986,0,0
21.87,0.0511010505262374,-0.0190380517771667,-0.0903140749662629,0,0,-0.0275479077775039,0.0216370519570173,0.0496556843380149,-0,0,-1.30817512341397,0.125520649518645,0.0905834334901871,0,0
21.88,0.0509062051545905,-0.0199259375649376,-0.0872630825879699,0,0,-0.0273290963565166,0.0221210439604912,0.0471427163567864,-0,0,-1.30691536207796,0.126434184598377,0.0921235824561748,0,0
21.89,0.0507026334746846,-0.020783313428926,-0.0842120902096759,0,0,-0.0271055706638934,0.022579906284153,0.044629748375557,-0,0,-1.30564638838371,0.127363121167769,0.0936637314221631,0,0
21.9,0.0504906405857579,-0.0216101793691314,-0.0811610978313819,0,0,-0.0268775819964328,0.0230136389280025,0.0421167803943277,-0,0,-1.30436804831631,0.12830745922682,0.0952038803881513,0,0
21.91,0.050270531587048,-0.0224065353855536,-0.078110105453089,0,0,-0.0266453816509328,0.0234222418920395,0.0396038124130992,-0,0,-1.30308018786087,0.129267198775532,0.096744029354139,0,0
21.92,0.0500426115777927,-0.0231723814781932,-0.0750591130747951,0,0,-0.0264092209241914,0.0238057151762645,0.0370908444318698,-0,0,-1.3017826530025,0.130242339813903,0.0982841783201273,0,0
21.93,0.0498071856572301,-0.0239077176470495,-0.0720081206965021,0,0,-0.0261693511130069,0.0241640587806769,0.0345778764506413,-0,0,-1.30047528972629,0.131232882341934,0.099824327286115,0,0
21.94,0.0495645589245976,-0.0246125438921232,-0.0689571283182082,0,0,-0.0259260235141772,0.0244972727052773,0.0320649084694119,-0,0,-1.29915794401736,0.132238826359626,0.101364476252103,0,0
21.95,0.0493150364791336,-0.0252868602134136,-0.0659061359399153,0,0,-0.0256794894245008,0.0248053569500652,0.0295519404881835,-0,0,-1.2978304618608,0.133260171866976,0.102904625218091,0,0
21.96,0.0490589234200754,-0.0259306666109214,-0.0628551435616213,0,0,-0.0254300001407754,0.0250883115150409,0.0270389725069541,-0,0,-1.29649268924172,0.134296918863987,0.104444774184079,0,0
21.97,0.048796524846661,-0.026543963084646,-0.0598041511833284,0,0,-0.0251778069597993,0.0253461364002042,0.0245260045257256,-0,0,-1.29514447214522,0.135349067350658,0.105984923150067,0,0
21.98,0.0485281458581284,-0.027126749634588,-0.0567531588050345,0,0,-0.0249231611783707,0.0255788316055555,0.0220130365444963,-0,0,-1.29378565655641,0.136416617326989,0.107525072116055,0,0
21.99,0.0482540915537152,-0.0276790262607469,-0.0537021664267404,0,0,-0.0246663140932875,0.0257863971310942,0.0195000685632668,-0,0,-1.29241608846039,0.137499568792979,0.109065221082044,0,0
22,0.0479746670326595,-0.0282007929631227,-0.0506511740484475,0,0,-0.0244075170013482,0.0259688329768207,0.0169871005820383,-0,0,-1.29103561384225,0.138597921748629,0.110605370048031,0,0
22.01,0.0476901773941986,-0.0286920497417158,-0.0476001816701535,0,0,-0.0241470211993504,0.026126139142735,0.014474132600809,-0,0,-1.28964407868711,0.13971167619394,0.11214551901402,0,0
22.02,0.0474009277375711,-0.0291527965965258,-0.0445491892918606,0,0,-0.0238850779840929,0.0262583156288369,0.0119611646195805,-0,0,-1.28824132898007,0.14084083212891,0.113685667980007,0,0
22.03,0.0471072231620141,-0.0295830335275529,-0.0414981969135667,0,0,-0.0236219386523731,0.0263653624351265,0.00944819663835113,-0,0,-1.28682721070624,0.14198538955354,0.115225816945996,0,0
22.04,0.0468093687667659,-0.0299827605347971,-0.0384472045352738,0,0,-0.0233578545009897,0.0264472795616039,0.00693522865712268,-0,0,-1.28540156985071,0.14314534846783,0.116765965911983,0,0
22.05,0.0465076696510641,-0.0303519776182584,-0.0353962121569798,0,0,-0.0230930768267404,0.026504067008269,0.0044222606758933,-0,0,-1.28396425239858,0.14432070887178,0.118306114877972,0,0
22.06,0.0462024309141465,-0.0306906847779369,-0.0323452197786859,0,0,-0.0228278569264235,0.0265357247751219,0.00190929269466399,-0,0,-1.28251510433497,0.145511470765389,0.11984626384396,0,0
22.07,0.0458939576552513,-0.0309988820138321,-0.0292942274003929,0,0,-0.0225624460968373,0.0265422528621623,-0.000603675286564527,-0,0,-1.28105397164498,0.146717634148659,0.121386412809948,0,0
22.08,0.045582554973616,-0.0312765693259447,-0.026243235022099,0,0,-0.0222970956347798,0.0265236512693906,-0.0031166432677939,-0,0,-1.2795807003137,0.147939199021588,0.122926561775936,0,0
22.09,0.0452685279684784,-0.0315237467142741,-0.023192242643806,0,0,-0.0220320568370489,0.0264799199968064,-0.00562961124902241,-0,0,-1.27809513632624,0.149176165384177,0.124466710741923,0,0
22.1,0.0449521817390764,-0.0317404141788209,-0.020141250265512,0,0,-0.021767581000443,0.0264110590444102,-0.00814257923025173,-0,0,-1.27659712566772,0.150428533236427,0.126006859707912,0,0
22.11,0.044633821384648,-0.0319265717195845,-0.0170902578872191,0,0,-0.0215039194217602,0.0263170684122015,-0.0106555472114802,-0,0,-1.27508651432322,0.151696302578336,0.1275470086739,0,0
22.12,0.0443137520044307,-0.0320822193365652,-0.0140392655089252,0,0,-0.0212413233977984,0.0261979481001805,-0.0131685151927096,-0,0,-1.27356314827785,0.152979473409905,0.129087157639888,0,0
22.13,0.0439922786976625,-0.032207357029763,-0.0109882731306323,0,0,-0.0209800442253558,0.0260536981083473,-0.0156814831739381,-0,0,-1.27202687351672,0.154278045731133,0.130627306605876,0,0
22.14,0.0436697065635814,-0.0323019847991778,-0.00793728075233834,0,0,-0.0207203332012308,0.0258843184367018,-0.0181944511551674,-0,0,-1.27047753602493,0.155592019542022,0.132167455571864,0,0
22.146,0.0434757627673053,-0.0323441166974109,-0.00610668532536217,0,0,-0.0205653638374161,0.0257706283874045,-0.0197022319439049,-0,0,-1.26954159934894,0.156387796543592,0.133091544951457,0,0
22.156,0.0431520205005617,-0.0324039132016105,-0.00585261551455256,0,0,-0.0203086416219503,0.0255739190246339,-0.0196396406102213,0,0,-1.26797110590067,0.157706983670169,0.130745880363833,-0,0
22.166,0.0428276929722668,-0.032461169007702,-0.00559854570374306,0,0,-0.0200538833705456,0.0253778355752001,-0.0195770492765378,0,0,-1.26638753786436,0.159002714150869,0.12840021577621,-0,0
22.176,0.0425028055894014,-0.0325158841156854,-0.00534447589293347,0,0,-0.0198010828240685,0.0251823780391031,-0.0195144579428542,0,0,-1.26479112980647,0.160274987985693,0.126054551188586,-0,0
22.186,0.0421773837589468,-0.0325680585255606,-0.00509040608212397,0,0,-0.0195502337233858,0.024987546416343,-0.0194518666091706,0,0,-1.26318211629346,0.16152380517464,0.123708886600963,-0,0
22.196,0.0418514528878839,-0.0326176922373278,-0.00483633627131437,0,0,-0.0193013298093639,0.0247933407069197,-0.019389275275487,0,0,-1.2615607318918,0.162749165717712,0.121363222013339,-0,0
22.206,0.0415250383831939,-0.0326647852509869,-0.00458226646050487,0,0,-0.0190543648228696,0.0245997609108333,-0.0193266839418034,0,0,-1.25992721116793,0.163951069614907,0.119017557425716,-0,0
22.216,0.0411981656518578,-0.0327093375665379,-0.00432819664969527,0,0,-0.0188093325047694,0.0244068070280836,-0.0192640926081198,0,0,-1.25828178868832,0.165129516866226,0.116671892838092,-0,0
22.226,0.0408708601008569,-0.0327513491839808,-0.00407412683888578,0,0,-0.0185662265959301,0.0242144790586709,-0.0192015012744363,0,0,-1.25662469901942,0.166284507471669,0.114326228250469,-0,0
22.236,0.0405431471371719,-0.0327908201033156,-0.00382005702807618,0,0,-0.0183250408372182,0.0240227770025949,-0.0191389099407527,0,0,-1.2549561767277,0.167416041431236,0.111980563662845,-0,0
22.246,0.0402150521677842,-0.0328277503245424,-0.0035659872172666,0,0,-0.0180857689695004,0.0238317008598558,-0.0190763186070691,0,0,-1.25327645637962,0.168524118744926,0.109634899075221,-0,0
22.256,0.0398866005996748,-0.032862139847661,-0.00331191740645709,0,0,-0.0178484047336433,0.0236412506304535,-0.0190137272733855,0,0,-1.25158577254162,0.16960873941274,0.107289234487598,-0,0
22.266,0.0395578178398246,-0.0328939886726715,-0.0030578475956475,0,0,-0.0176129418705135,0.0234514263143881,-0.018951135939702,0,0,-1.24988435978018,0.170669903434678,0.104943569899974,-0,0
22.276,0.0392287292952151,-0.0329232967995739,-0.002803777784838,0,0,-0.0173793741209778,0.0232622279116595,-0.0188885446060184,0,0,-1.24817245266175,0.17170761081074,0.102597905312351,-0,0
22.286,0.0388993603728269,-0.0329500642283683,-0.0025497079740284,0,0,-0.0171476952259026,0.0230736554222677,-0.0188259532723348,0,0,-1.24645028575279,0.172721861540925,0.100252240724727,-0,0
22.296,0.0385697364796414,-0.0329742909590545,-0.0022956381632189,0,0,-0.0169178989261547,0.0228857088462128,-0.0187633619386512,0,0,-1.24471809361975,0.173712655625234,0.0979065761371037,-0,0
22.306,0.0382398830226395,-0.0329959769916326,-0.0020415683524093,0,0,-0.0166899789626005,0.0226983881834947,-0.0187007706049676,0,0,-1.2429761108291,0.174679993063667,0.0955609115494797,-0,0
22.316,0.0379098254088024,-0.0330151223261027,-0.00178749854159972,0,0,-0.0164639290761069,0.0225116934341134,-0.0186381792712841,0,0,-1.2412245719473,0.175623873856224,0.0932152469618559,-0,0
22.326,0.0375795890451112,-0.0330317269624646,-0.00153342873079021,0,0,-0.0162397430075405,0.022325624598069,-0.0185755879376005,0,0,-1.2394637115408,0.176544298002904,0.0908695823742327,-0,0
22.336,0.0372491993385468,-0.0330457909007185,-0.00127935891998063,0,0,-0.0160174144977677,0.0221401816753614,-0.0185129966039169,0,0,-1.23769376417606,0.177441265503709,0.088523917786609,-0,0
22.346,0.0369186816960905,-0.0330573141408642,-0.00102528910917112,0,0,-0.0157969372876555,0.0219553646659907,-0.0184504052702333,0,0,-1.23591496441954,0.178314776358636,0.0861782531989858,-0,0
22.356,0.0365880615247232,-0.0330662966829019,-0.000771219298361526,0,0,-0.0155783051180701,0.0217711735699568,-0.0183878139365497,0,0,-1.23412754683771,0.179164830567688,0.0838325886113618,-0,0
22.366,0.0362573642314262,-0.0330727385268315,-0.000517149487552029,0,0,-0.0153615117298786,0.0215876083872597,-0.0183252226028662,0,0,-1.23233174599701,0.179991428130864,0.0814869240237388,-0,0
22.376,0.0359266152231803,-0.0330766396726529,-0.000263079676742435,0,0,-0.0151465508639472,0.0214046691178994,-0.0182626312691826,0,0,-1.23052779646391,0.180794569048163,0.0791412594361148,-0,0
22.386,0.0355958399069668,-0.0330780001203663,-9.00986593292945e-06,0,0,-0.0149334162611428,0.0212223557618761,-0.018200039935499,0,0,-1.22871593280486,0.181574253319586,0.0767955948484916,-0,0
22.396,0.0352650636897667,-0.0330768198699716,0.000245059944876657,0,0,-0.0147221016623319,0.0210406683191895,-0.0181374486018154,0,0,-1.22689638958634,0.182330480945133,0.0744499302608679,-0,0
22.406,0.034934311978561,-0.0330730989214688,0.000499129755686252,0,0,-0.0145126008083811,0.0208596067898397,-0.0180748572681319,0,0,-1.22506940137478,0.183063251924803,0.0721042656732439,-0,0
22.416,0.034603610180331,-0.0330668372748579,0.000753199566495749,0,0,-0.0143049074401573,0.0206791711738268,-0.0180122659344483,0,0,-1.22323520273666,0.183772566258598,0.0697586010856209,-0,0
22.426,0.0342729837020575,-0.0330580349301389,0.00100726937730534,0,0,-0.0140990152985268,0.0204993614711507,-0.0179496746007647,0,0,-1.22139402823843,0.184458423946516,0.0674129364979969,-0,0
22.436,0.0339424579507219,-0.0330466918873118,0.00126133918811485,0,0,-0.0138949181243565,0.0203201776818115,-0.0178870832670811,0,0,-1.21954611244655,0.185120824988558,0.0650672719103737,-0,0
22.446,0.033612058333305,-0.0330328081463766,0.00151540899892444,0,0,-0.0136926096585128,0.0201416198058091,-0.0178244919333975,0,0,-1.21769168992748,0.185759769384723,0.06272160732275,-0,0
22.456,0.0332818102567881,-0.0330163837073333,0.00176947880973394,0,0,-0.0134920836418625,0.0199636878431436,-0.017761900599714,0,0,-1.21583099524767,0.186375257135013,0.0603759427351268,-0,0
22.466,0.032951739128152,-0.0329974185701819,0.00202354862054353,0,0,-0.0132933338152722,0.0197863817938149,-0.0176993092660304,0,0,-1.2139642629736,0.186967288239426,0.0580302781475028,-0,0
22.476,0.0326218703543782,-0.0329759127349224,0.00227761843135304,0,0,-0.0130963539196085,0.019609701657823,-0.0176367179323468,0,0,-1.21209172767171,0.187535862697962,0.0556846135598799,-0,0
22.486,0.0322922293424473,-0.0329518662015548,0.00253168824216263,0,0,-0.0129011376957379,0.0194336474351679,-0.0175741265986632,0,0,-1.21021362390846,0.188080980510623,0.0533389489722557,-0,0
22.496,0.0319628414993406,-0.0329252789700792,0.00278575805297222,0,0,-0.0127076788845272,0.0192582191258497,-0.0175115352649796,0,0,-1.20833018625031,0.188602641677408,0.0509932843846318,-0,0
22.506,0.0316337322320394,-0.0328961510404954,0.00303982786378172,0,0,-0.0125159712268431,0.0190834167298683,-0.0174489439312961,0,0,-1.20644164926373,0.189100846198316,0.0486476197970089,-0,0
22.516,0.0313049269475245,-0.0328644824128035,0.00329389767459131,0,0,-0.0123260084635521,0.0189092402472238,-0.0173863525976125,0,0,-1.20454824751517,0.189575594073348,0.0463019552093849,-0,0
22.526,0.0309764510527771,-0.0328302730870036,0.00354796748540082,0,0,-0.0121377843355209,0.0187356896779161,-0.0173237612639289,0,0,-1.20265021557108,0.190026885302504,0.0439562906217617,-0,0
22.536,0.0306483299547781,-0.0327935230630955,0.00380203729621041,0,0,-0.011951292583616,0.0185627650219452,-0.0172611699302453,0,0,-1.20074778799793,0.190454719885783,0.0416106260341378,-0,0
22.546,0.0303205890605089,-0.0327542323410794,0.00405610710701991,0,0,-0.0117665269487042,0.0183904662793112,-0.0171985785965618,0,0,-1.19884119936219,0.190859097823186,0.0392649614465149,-0,0
22.556,0.0299932537769502,-0.0327124009209551,0.0043101769178295,0,0,-0.011583481171652,0.018218793450014,-0.0171359872628782,0,0,-1.19693068423029,0.191240019114713,0.036919296858891,-0,0
22.566,0.0296663495110833,-0.0326680288027228,0.00456424672863909,0,0,-0.0114021489933261,0.0180477465340536,-0.0170733959291946,0,0,-1.19501647716871,0.191597483760364,0.0345736322712669,-0,0
22.576,0.0293399016698895,-0.0326211159863823,0.0048183165394486,0,0,-0.0112225241545931,0.0178773255314301,-0.017010804595511,0,0,-1.1930988127439,0.191931491760139,0.0322279676836438,-0,0
22.586,0.0290139356603494,-0.0325716624719338,0.00507238635025819,0,0,-0.0110446003963197,0.0177075304421434,-0.0169482132618274,0,0,-1.19117792552233,0.192242043114037,0.0298823030960197,-0,0
22.596,0.0286884768894445,-0.0325196682593772,0.00532645616106769,0,0,-0.0108683714593725,0.0175383612661935,-0.0168856219281439,0,0,-1.18925405007044,0.192529137822059,0.0275366385083967,-0,0
22.606,0.0283635507641556,-0.0324651333487124,0.00558052597187729,0,0,-0.010693831084618,0.0173698180035805,-0.0168230305944603,0,0,-1.18732742095471,0.192792775884205,0.0251909739207728,-0,0
22.616,0.028039182691464,-0.0324080577399396,0.00583459578268678,0,0,-0.0105209730129231,0.0172019006543043,-0.0167604392607767,0,0,-1.18539827274158,0.193032957300475,0.0228453093331497,-0,0
22.626,0.0277153980783505,-0.0323484414330587,0.00608866559349638,0,0,-0.0103497909851542,0.017034609218365,-0.0166978479270931,0,0,-1.18346683999752,0.193249682070868,0.0204996447455258,-0,0
22.636,0.0273922223317965,-0.0322862844280697,0.00634273540430588,0,0,-0.010180278742178,0.0168679436957625,-0.0166352565934096,0,0,-1.18153335728898,0.193442950195385,0.0181539801579027,-0,0
22.646,0.0270696808587828,-0.0322215867249726,0.00659680521511547,0,0,-0.0100124300248611,0.0167019040864968,-0.016572665259726,0,0,-1.17959805918243,0.193612761674026,0.0158083155702788,-0,0
22.656,0.0267477990662906,-0.0321543483237674,0.00685087502592506,0,0,-0.00984623857407024,0.0165364903905679,-0.0165100739260424,0,0,-1.17766118024432,0.193759116506791,0.0134626509826549,-0,0
22.666,0.0264266023613012,-0.0320845692244541,0.00710494483673457,0,0,-0.00968169813067199,0.0163717026079759,-0.0164474825923588,0,0,-1.17572295504111,0.193882014693679,0.0111169863950317,-0,0
22.676,0.0261061161507952,-0.0320122494270327,0.00735901464754416,0,0,-0.00951880243553293,0.0162075407387208,-0.0163848912586752,0,0,-1.17378361813926,0.193981456234691,0.0087713218074078,-0,0
22.686,0.0257863658417542,-0.0319373889315032,0.00761308445835366,0,0,-0.0093575452295198,0.0160440047828025,-0.0163222999249917,0,0,-1.17184340410524,0.194057441129827,0.00642565721978475,-0,0
22.696,0.0254673768411589,-0.0318599877378656,0.00786715426916325,0,0,-0.0091979202534991,0.0158810947402209,-0.0162597085913081,0,0,-1.16990254750549,0.194109969379087,0.00407999263216087,-0,0
22.706,0.0251491745559906,-0.0317800458461199,0.00812122407997275,0,0,-0.00903992124833759,0.0157188106109763,-0.0161971172576245,0,0,-1.16796128290648,0.194139040982471,0.00173432804453769,-0,0
22.716,0.0248317843932302,-0.0316975632562662,0.00837529389078235,0,0,-0.00888354195490179,0.0155571523950684,-0.0161345259239409,0,0,-1.16601984487466,0.194144655939978,-0.000611336543086196,-0,0
22.726,0.024515231759859,-0.0316125399683043,0.00862936370159184,0,0,-0.00872877611405844,0.0153961200924975,-0.0160719345902574,0,0,-1.1640784679765,0.194126814251609,-0.00295700113070928,-0,0
22.736,0.0241995420628578,-0.0315249759822343,0.00888343351240144,0,0,-0.00857561746667406,0.0152357137032633,-0.0160093432565738,0,0,-1.16213738677845,0.194085515917364,-0.00530266571833326,-0,0
22.746,0.0238847407092079,-0.0314348712980562,0.00913750332321104,0,0,-0.00842405975361534,0.015075933227366,-0.0159467519228902,0,0,-1.16019683584697,0.194020760937242,-0.00764833030595718,-0,0
22.756,0.0235708531058904,-0.0313422259157701,0.00939157313402053,0,0,-0.00827409671574896,0.0149167786648055,-0.0158841605892066,0,0,-1.15825704974852,0.193932549311244,-0.00999399489358023,-0,0
22.766,0.0232579046598862,-0.0312470398353758,0.00964564294483013,0,0,-0.00812572209394145,0.0147582500155818,-0.015821569255523,0,0,-1.15631826304956,0.193820881039371,-0.0123396594812041,-0,0
22.776,0.0229459207781766,-0.0311493130568735,0.00989971275563963,0,0,-0.00797892962905954,0.0146003472796951,-0.0157589779218395,0,0,-1.15438071031655,0.19368575612162,-0.0146853240688273,-0,0
22.786,0.0226349268677424,-0.0310490455802631,0.0101537825664492,0,0,-0.00783371306196976,0.0144430704571451,-0.0156963865881559,0,0,-1.15244462611595,0.193527174557994,-0.0170309886564512,-0,0
22.796,0.022324948335565,-0.0309462374055445,0.0104078523772587,0,0,-0.00769006613353886,0.0142864195479319,-0.0156337952544723,0,0,-1.15051024501421,0.193345136348491,-0.0193766532440743,-0,0
22.806,0.0220160105886253,-0.0308408885327179,0.0106619221880683,0,0,-0.00754798258463334,0.0141303945520556,-0.0155712039207887,0,0,-1.1485778015778,0.193139641493112,-0.0217223178316981,-0,0
22.816,0.0217081390339043,-0.0307329989617831,0.0109159919988779,0,0,-0.00740745615611991,0.0139749954695161,-0.0155086125871051,0,0,-1.14664753037317,0.192910689991857,-0.0240679824193222,-0,0
22.826,0.0214013590783833,-0.0306225686927403,0.0111700618096874,0,0,-0.00726848058886524,0.0138202223003135,-0.0154460212534216,0,0,-1.14471966596678,0.192658281844726,-0.0264136470069452,-0,0
22.836,0.0210956961290432,-0.0305095977255894,0.011424131620497,0,0,-0.00713104962373585,0.0136660750444477,-0.015383429919738,0,0,-1.14279444292509,0.192382417051718,-0.0287593115945692,-0,0
22.846,0.0207911755928652,-0.0303940860603304,0.0116782014313065,0,0,-0.0069951570015985,0.0135125537019188,-0.0153208385860544,0,0,-1.14087209581457,0.192083095612835,-0.0311049761821922,-0,0
22.856,0.0204878228768303,-0.0302760336969633,0.0119322712421161,0,0,-0.00686079646331969,0.0133596582727266,-0.0152582472523708,0,0,-1.13895285920166,0.191760317528075,-0.0334506407698162,-0,0
22.866,0.0201856633879197,-0.0301554406354881,0.0121863410529256,0,0,-0.00672796174976618,0.0132073887568714,-0.0151956559186873,0,0,-1.13703696765283,0.191414082797438,-0.0357963053574392,-0,0
22.876,0.0198847225331142,-0.0300323068759048,0.0124404108637352,0,0,-0.00659664660180449,0.0130557451543529,-0.0151330645850037,0,0,-1.13512465573453,0.191044391420926,-0.0381419699450632,-0,0
22.886,0.0195850257193953,-0.0299066324182134,0.0126944806745447,0,0,-0.00646684476030134,0.0129047274651713,-0.0150704732513201,0,0,-1.13321615801323,0.190651243398537,-0.0404876345326863,-0,0
22.896,0.0192865983537437,-0.0297784172624139,0.0129485504853543,0,0,-0.00633854996612328,0.0127543356893265,-0.0150078819176365,0,0,-1.13131170905538,0.190234638730272,-0.0428332991203103,-0,0
22.906,0.0189894658431406,-0.0296476614085063,0.0132026202961639,0,0,-0.00621175596013698,0.0126045698268185,-0.0149452905839529,0,0,-1.12941154342744,0.189794577416131,-0.0451789637079342,-0,0
22.916,0.0186936535945672,-0.0295143648564906,0.0134566901069734,0,0,-0.00608645648320912,0.0124554298776474,-0.0148826992502694,0,0,-1.12751589569587,0.189331059456114,-0.0475246282955572,-0,0
22.926,0.0183991870150045,-0.0293785276063668,0.013710759917783,0,0,-0.00596264527620625,0.0123069158418131,-0.0148201079165858,0,0,-1.12562500042714,0.18884408485022,-0.0498702928831812,-0,0
22.936,0.0181060915114336,-0.0292401496581349,0.0139648297285925,0,0,-0.00584031607999507,0.0121590277193157,-0.0147575165829022,0,0,-1.12373909218769,0.18833365359845,-0.0522159574708043,-0,0
22.946,0.0178143924908355,-0.0290992310117949,0.0142188995394021,0,0,-0.00571946263544215,0.0120117655101551,-0.0146949252492186,0,0,-1.12185840554399,0.187799765700804,-0.0545616220584282,-0,0
22.956,0.0175241153601914,-0.0289557716673469,0.0144729693502116,0,0,-0.00560007868341419,0.0118651292143314,-0.014632333915535,0,0,-1.11998317506249,0.187242421157281,-0.0569072866460513,-0,0
22.966,0.0172352855264823,-0.0288097716247907,0.0147270391610212,0,0,-0.00548215796477774,0.0117191188318444,-0.0145697425818515,0,0,-1.11811363530966,0.186661619967883,-0.0592529512336752,-0,0
22.976,0.0169479283966893,-0.0286612308841265,0.0149811089718307,0,0,-0.00536569422039952,0.0115737343626943,-0.0145071512481679,0,0,-1.11625002085195,0.186057362132608,-0.0615986158212983,-0,0
22.986,0.0166620693777934,-0.0285101494453541,0.0152351787826402,0,0,-0.00525068119114607,0.011428975806881,-0.0144445599144843,0,0,-1.11439256625583,0.185429647651457,-0.0639442804089222,-0,0
22.996,0.0163777338767758,-0.0283565273084736,0.0154892485934498,0,0,-0.00513711261788407,0.0112848431644046,-0.0143819685808007,0,0,-1.11254150608774,0.184778476524429,-0.0662899449965462,-0,0
23.006,0.0160949473006177,-0.0282003644734851,0.0157433184042593,0,0,-0.00502498224148019,0.011141336435265,-0.0143193772471172,0,0,-1.11069707491416,0.184103848751526,-0.0686356095841693,-0,0
23.016,0.0158137350562998,-0.0280416609403885,0.0159973882150689,0,0,-0.00491428380280098,0.0109984556194623,-0.0142567859134336,0,0,-1.10885950730153,0.183405764332746,-0.0709812741717932,-0,0
23.026,0.0155341225508036,-0.0278804167091838,0.0162514580258784,0,0,-0.00480501104271316,0.0108562007169964,-0.01419419457975,0,0,-1.10702903781633,0.18268422326809,-0.0733269387594163,-0,0
23.036,0.0152561351911099,-0.0277166317798709,0.016505527836688,0,0,-0.00469715770208327,0.0107145717278673,-0.0141316032460664,0,0,-1.10520590102499,0.181939225557558,-0.0756726033470402,-0,0
23.046,0.0149797983841999,-0.02755030615245,0.0167595976474975,0,0,-0.00459071752177803,0.0105735686520751,-0.0140690119123828,0,0,-1.10339033149399,0.181170771201149,-0.0780182679346633,-0,0
23.056,0.0147051375370546,-0.0273814398269209,0.0170136674583071,0,0,-0.00448568424266399,0.0104331914896196,-0.0140064205786993,0,0,-1.10158256378979,0.180378860198864,-0.0803639325222872,-0,0
23.066,0.0144321780566551,-0.0272100328032838,0.0172677372691167,0,0,-0.00438205160560781,0.010293440240501,-0.0139438292450157,0,0,-1.09978283247884,0.179563492550703,-0.0827095971099112,-0,0
23.076,0.0141609453499826,-0.0270360850815386,0.0175218070799262,0,0,-0.00427981335147618,0.0101543149047193,-0.0138812379113321,0,0,-1.09799137212759,0.178724668256666,-0.0850552616975343,-0,0
23.086,0.013891464824018,-0.0268595966616853,0.0177758768907358,0,0,-0.00417896322113564,0.0100158154822744,-0.0138186465776485,0,0,-1.09620841730252,0.177862387316753,-0.0874009262851582,-0,0
23.096,0.0136237618857425,-0.0266805675437239,0.0180299467015454,0,0,-0.00407949495545287,0.0098779419731663,-0.0137560552439649,0,0,-1.09443420257008,0.176976649730963,-0.0897465908727821,-0,0
23.106,0.0133578619421372,-0.0264989977276544,0.0182840165123549,0,0,-0.00398140229529453,0.00974069437739509,-0.0136934639102814,0,0,-1.09266896249672,0.176067455499297,-0.0920922554604052,-0,0
23.116,0.0130937904001831,-0.0263148872134768,0.0185380863231645,0,0,-0.00388467898152718,0.00960407269496067,-0.0136308725765978,0,0,-1.09091293164891,0.175134804621755,-0.0944379200480291,-0,0
23.126,0.0128315726668614,-0.0261282360011911,0.018792156133974,0,0,-0.00378931875501753,0.00946807692586314,-0.0135682812429142,0,0,-1.08916634459311,0.174178697098336,-0.0967835846356522,-0,0
23.136,0.012571234149153,-0.0259390440907973,0.0190462259447836,0,0,-0.00369531535663214,0.0093327070701024,-0.0135056899092306,0,0,-1.08742943589576,0.173199132929042,-0.0991292492232762,-0,0
23.146,0.0123128002540392,-0.0257473114822954,0.0193002957555931,0,0,-0.0036026625272377,0.00919796312767854,-0.013443098575547,0,0,-1.08570244012335,0.172196112113871,-0.101474913810899,-0,0
23.156,0.0120562963885008,-0.0255530381756854,0.0195543655664027,0,0,-0.00351135400770078,0.00906384509859146,-0.0133805072418635,0,0,-1.08398559184231,0.171169634652824,-0.103820578398523,-0,0
23.166,0.0118017479595191,-0.0253562241709673,0.0198084353772123,0,0,-0.00342138353888805,0.00893035298284123,-0.0133179159081799,0,0,-1.08227912561911,0.1701197005459,-0.106166242986147,-0,0
23.176,0.0115491803740752,-0.0251568694681412,0.0200625051880218,0,0,-0.00333274486166617,0.00879748678042787,-0.0132553245744963,0,0,-1.08058327602021,0.169046309793101,-0.10851190757377,-0,0
23.186,0.01129861903915,-0.0249549740672069,0.0203165749988314,0,0,-0.00324543171690171,0.0086652464913513,-0.0131927332408127,0,0,-1.07889827761207,0.167949462394425,-0.110857572161394,-0,0
23.196,0.0110500893617247,-0.0247505379681646,0.0205706448096409,0,0,-0.00315943784546136,0.00853363211561162,-0.0131301419071292,0,0,-1.07722436496114,0.166829158349873,-0.113203236749017,-0,0
23.206,0.0108036167487804,-0.0245435611710141,0.0208247146204505,0,0,-0.00307475698821169,0.00840264365320873,-0.0130675505734456,0,0,-1.07556177263389,0.165685397659445,-0.115548901336641,-0,0
23.216,0.0105592266072982,-0.0243340436757556,0.02107878443126,0,0,-0.0029913828860194,0.00827228110414272,-0.013004959239762,0,0,-1.07391073519677,0.16451818032314,-0.117894565924264,-0,0
23.226,0.010316944344259,-0.0241219854823889,0.0213328542420696,0,0,-0.00290930927975105,0.00814254446841349,-0.0129423679060784,0,0,-1.07227148721624,0.163327506340959,-0.120240230511888,-0,0
23.236,0.0100767953666441,-0.0239073865909142,0.0215869240528791,0,0,-0.00282852991027334,0.00801343374602115,-0.0128797765723948,0,0,-1.07064426325877,0.162113375712902,-0.122585895099511,-0,0
23.246,0.00983880508143439,-0.0236902470013313,0.0218409938636887,0,0,-0.00274903851845284,0.00788494893696561,-0.0128171852387113,0,0,-1.06902929789081,0.160875788438969,-0.124931559687135,-0,0
23.256,0.00960299889561107,-0.0234705667136404,0.0220950636744982,0,0,-0.00267082884515622,0.00775709004124689,-0.0127545939050277,0,0,-1.06742682567881,0.159614744519159,-0.127277224274759,-0,0
23.266,0.00936940221615529,-0.0232483457278414,0.0223491334853077,0,0,-0.00259389463125012,0.00762985705886506,-0.0126920025713441,0,0,-1.06583708118924,0.158330243953474,-0.129622888862382,-0,0
23.276,0.00913804045004794,-0.0230235840439342,0.0226032032961173,0,0,-0.00251822961760113,0.00750324998982001,-0.0126294112376605,0,0,-1.06426029898856,0.157022286741912,-0.131968553450006,-0,0
23.286,0.0089089390042703,-0.022796281661919,0.0228572731069268,0,0,-0.00244382754507593,0.00737726883411185,-0.0125668199039769,0,0,-1.06269671364322,0.155690872884474,-0.134314218037629,-0,0
23.296,0.00868212328580327,-0.0225664385817957,0.0231113429177364,0,0,-0.00237068215454111,0.00725191359174048,-0.0125042285702934,0,0,-1.06114655971969,0.154336002381159,-0.136659882625253,-0,0
23.306,0.00845761870162809,-0.0223340548035643,0.0233654127285459,0,0,-0.00229878718686334,0.00712718426270599,-0.0124416372366098,0,0,-1.05961007178442,0.152957675231969,-0.139005547212876,-0,0
23.316,0.00823545065872569,-0.0220991303272248,0.0236194825393555,0,0,-0.0022281363829092,0.00700308084700829,-0.0123790459029262,0,0,-1.05808748440387,0.151555891436902,-0.1413512118005,-0,0
23.326,0.0080156445640773,-0.0218616651527772,0.023873552350165,0,0,-0.00215872348354538,0.00687960334464747,-0.0123164545692426,0,0,-1.0565790321445,0.150130650995959,-0.143696876388123,-0,0
23.336,0.00779822582466385,-0.0216216592802215,0.0241276221609746,0,0,-0.00209054222963846,0.00675675175562344,-0.012253863235559,0,0,-1.05508494957277,0.148681953909139,-0.146042540975747,-0,0
23.346,0.00758321984746649,-0.0213791127095577,0.0243816919717842,0,0,-0.0020235863620551,0.00663452607993625,-0.0121912719018755,0,0,-1.05360547125514,0.147209800176444,-0.148388205563371,-0,0
23.356,0.0073706520394664,-0.0211340254407858,0.0246357617825937,0,0,-0.00195784962166195,0.00651292631758594,-0.0121286805681919,0,0,-1.05214083175806,0.145714189797872,-0.150733870150994,-0,0
23.366,0.00716054780764448,-0.0208863974739058,0.0248898315934033,0,0,-0.0018933257493256,0.00639195246857242,-0.0120660892345083,0,0,-1.050691265648,0.144195122773424,-0.153079534738618,-0,0
23.376,0.00695293255898198,-0.0206362288089178,0.0251439014042128,0,0,-0.00183000848591272,0.00627160453289578,-0.0120034979008247,0,0,-1.04925700749141,0.1426525991031,-0.155425199326241,-0,0
23.386,0.00674783170045983,-0.0203835194458215,0.0253979712150224,0,0,-0.0017678915722899,0.00615188251055593,-0.0119409065671412,0,0,-1.04783829185476,0.141086618786899,-0.157770863913865,-0,0
23.396,0.00654527063905925,-0.0201282693846173,0.0256520410258319,0,0,-0.00170696874932381,0.00603278640155296,-0.0118783152334576,0,0,-1.0464353533045,0.139497181824822,-0.160116528501488,-0,0
23.406,0.00634527478176119,-0.0198704786253049,0.0259061108366415,0,0,-0.00164723375788105,0.00591431620588678,-0.011815723899774,0,0,-1.04504842640708,0.137884288216869,-0.162462193089112,-0,0
23.416,0.00614786953554679,-0.0196101471678844,0.0261601806474511,0,0,-0.00158868033882827,0.00579647192355744,-0.0117531325660904,0,0,-1.04367774572898,0.13624793796304,-0.164807857676736,-0,0
23.426,0.0059530803073972,-0.0193472750123559,0.0264142504582606,0,0,-0.00153130223303212,0.00567925355456498,-0.0116905412324068,0,0,-1.04232354583664,0.134588131063335,-0.167153522264359,-0,0
23.436,0.00576093250429337,-0.0190818621587192,0.0266683202690702,0,0,-0.00147509318135918,0.00556266109890931,-0.0116279498987233,0,0,-1.04098606129653,0.132904867517753,-0.169499186851983,-0,0
23.446,0.00557145153321651,-0.0188139086069745,0.0269223900798797,0,0,-0.00142004692467614,0.00544669455659052,-0.0115653585650397,0,0,-1.0396655266751,0.131198147326295,-0.171844851439606,-0,0
23.456,0.00538466280114758,-0.0185434143571216,0.0271764598906893,0,0,-0.00136615720384959,0.00533135392760852,-0.0115027672313561,0,0,-1.03836217653882,0.129467970488961,-0.17419051602723,-0,0
23.466,0.00520059171506779,-0.0182703794091607,0.0274305297014988,0,0,-0.00131341775974618,0.0052166392119634,-0.0114401758976725,0,0,-1.03707624545415,0.127714337005751,-0.176536180614853,-0,0
23.476,0.00501926368195807,-0.0179948037630917,0.0276845995123084,0,0,-0.00126182233323253,0.00510255040965508,-0.0113775845639889,0,0,-1.03580796798753,0.125937246876664,-0.178881845202477,-0,0
23.486,0.00484070410879965,-0.0177166874189146,0.0279386693231179,0,0,-0.00121136466517529,0.00498908752068362,-0.0113149932303054,0,0,-1.03455757870543,0.124136700101701,-0.1812275097901,-0,0
23.496,0.00466493840257348,-0.0174360303766293,0.0281927391339275,0,0,-0.00116203849644107,0.00487625054504897,-0.0112524018966218,0,0,-1.03332531217431,0.122312696680862,-0.183573174377724,-0,0
23.506,0.0044919919702607,-0.017152832636236,0.0284468089447371,0,0,-0.00111383756789651,0.00476403948275116,-0.0111898105629382,0,0,-1.03211140296063,0.120465236614146,-0.185918838965348,-0,0
23.516,0.00432189021884246,-0.0168670941977346,0.0287008787555466,0,0,-0.00106675562040826,0.00465245433379021,-0.0111272192292546,0,0,-1.03091608563085,0.118594319901555,-0.188264503552971,-0,0
23.526,0.00415465855529971,-0.016578815061125,0.0289549485663561,0,0,-0.00102078639484292,0.00454149509816607,-0.011064627895571,0,0,-1.02973959475142,0.116699946543087,-0.190610168140595,-0,0
23.536,0.00399032238661366,-0.0162879952264075,0.0292090183771656,0,0,-0.000975923632067152,0.00443116177587879,-0.0110020365618875,0,0,-1.02858216488881,0.114782116538743,-0.192955832728218,-0,0
23.546,0.00382890711976527,-0.0159946346935817,0.0294630881879752,0,0,-0.000932161072947555,0.00432145436692832,-0.0109394452282039,0,0,-1.02744403060947,0.112840829888522,-0.195301497315842,-0,0
23.556,0.00367043816173573,-0.015698733462648,0.0297171579987847,0,0,-0.000889492458350796,0.00421237287131472,-0.0108768538945203,0,0,-1.02632542647986,0.110876086592426,-0.197647161903465,-0,0
23.566,0.00351494091950601,-0.015400291533606,0.0299712278095943,0,0,-0.000847911529143474,0.00410391728903792,-0.0108142625608367,0,0,-1.02522658706644,0.108887886650453,-0.199992826491089,-0,0
23.576,0.0033624408000573,-0.0150993089064561,0.0302252976204038,0,0,-0.00080741202619225,0.00399608762009799,-0.0107516712271532,0,0,-1.02414774693567,0.106876230062605,-0.202338491078712,-0,0
23.586,0.00321296321037059,-0.014795785581198,0.0304793674312134,0,0,-0.000767987690363726,0.00388888386449486,-0.0106890798934696,0,0,-1.02308914065401,0.104841116828879,-0.204684155666336,-0,0
23.596,0.00306653355742699,-0.0144897215578318,0.030733437242023,0,0,-0.000729632262524551,0.00378230602222857,-0.010626488559786,0,0,-1.02205100278791,0.102782546949277,-0.20702982025396,-0,0
23.606,0.00292317724820765,-0.0141811168363575,0.0309875070528325,0,0,-0.000692339483541367,0.00367635409329914,-0.0105638972261024,0,0,-1.02103356790384,0.1007005204238,-0.209375484841583,-0,0
23.616,0.00278291968969354,-0.0138699714167751,0.0312415768636421,0,0,-0.00065610309428078,0.00357102807770652,-0.0105013058924188,0,0,-1.02003707056825,0.0985950372524455,-0.211721149429207,-0,0
23.626,0.00264578628886585,-0.0135562852990847,0.0314956466744516,0,0,-0.000620916835609449,0.00346632797545077,-0.0104387145587353,0,0,-1.01906174534761,0.0964660974352158,-0.21406681401683,-0,0
23.636,0.00251180245270555,-0.0132400584832861,0.0317497164852612,0,0,-0.000586774448393977,0.00336225378653182,-0.0103761232250517,0,0,-1.01810782680837,0.0943137009721091,-0.216412478604454,-0,0
23.646,0.00238099358819382,-0.0129212909693795,0.0320037862960707,0,0,-0.000553669673501025,0.00325880551094974,-0.0103135318913681,0,0,-1.01717554951699,0.0921378478631268,-0.218758143192077,-0,0
23.656,0.00225338510231166,-0.0125999827573647,0.0322578561068803,0,0,-0.000521596251797194,0.00315598314870446,-0.0102509405576845,0,0,-1.01626514803993,0.0899385381082676,-0.221103807779701,-0,0
23.666,0.00212900240204019,-0.0122761338472418,0.0325119259176899,0,0,-0.000490547924149137,0.00305378669979602,-0.0101883492240009,0,0,-1.01537685694364,0.0877157717075322,-0.223449472367325,-0,0
23.676,0.00200787089436052,-0.0119497442390109,0.0327659957284994,0,0,-0.000460518431423486,0.00295221616422445,-0.0101257578903174,0,0,-1.0145109107946,0.0854695486609213,-0.225795136954948,-0,0
23.686,0.00189001598625367,-0.0116208139326718,0.033020065539309,0,0,-0.000431501514486856,0.00285127154198968,-0.0100631665566338,0,0,-1.01366754415924,0.0831998689684332,-0.228140801542572,-0,0
23.696,0.00177546308470078,-0.0112893429282247,0.0332741353501185,0,0,-0.000403490914205903,0.00275095283309178,-0.0100005752229502,0,0,-1.01284699160405,0.0809067326300699,-0.230486466130195,-0,0
23.706,0.00166423759668287,-0.0109553312256695,0.0335282051609281,0,0,-0.000376480371447236,0.00265126003753068,-0.00993798388926664,0,0,-1.01204948769546,0.0785901396458295,-0.232832130717819,-0,0
23.716,0.00155636492918109,-0.0106187788250062,0.0337822749717376,0,0,-0.000350463627077501,0.00255219315530645,-0.00987539255558307,0,0,-1.01127526699995,0.0762500900157135,-0.235177795305442,-0,0
23.726,0.00145187048917644,-0.0102796857262347,0.0340363447825472,0,0,-0.000325434421963316,0.00245375218641902,-0.00981280122189948,0,0,-1.01052456408397,0.0738865837397207,-0.237523459893066,-0,0
23.736,0.0013507796836501,-0.00993805192935526,0.0342904145933567,0,0,-0.000301386496971337,0.00235593713086846,-0.00975020988821592,0,0,-1.00979761351397,0.0714996208178524,-0.239869124480689,-0,0
23.746,0.00125311791958304,-0.0095938774343676,0.0345444844041663,0,0,-0.000278313592968159,0.0022587479886547,-0.00968761855453233,0,0,-1.00909464985643,0.069089201250107,-0.242214789068313,-0,0
23.756,0.00115891060395641,-0.00924716224127183,0.0347985542149759,0,0,-0.000256209450820442,0.00216218475977779,-0.00962502722084874,0,0,-1.00841590767779,0.0666553250364854,-0.244560453655937,-0,0
23.766,0.0010681831437513,-0.00889790635006809,0.0350526240257854,0,0,-0.000235067811394818,0.00206624744423774,-0.00956243588716517,0,0,-1.00776162154452,0.0641979921769883,-0.24690611824356,-0,0
23.776,0.000980960945948742,-0.00854610976075614,0.035306693836595,0,0,-0.000214882415557898,0.00197093604203449,-0.00949984455348159,0,0,-1.00713202602307,0.0617172026716142,-0.249251782831184,-0,0
23.786,0.000897269417529868,-0.00819177247333621,0.0355607636474045,0,0,-0.000195647004176336,0.00187625055316811,-0.00943725321979802,0,0,-1.00652735567991,0.0592129565203647,-0.251597447418807,-0,0
23.796,0.000817133965475721,-0.00783489448780806,0.0358148334582141,0,0,-0.000177355318116752,0.00178219097763853,-0.00937466188611443,0,0,-1.00594784508148,0.0566852537232382,-0.253943112006431,-0,0
23.806,0.000740579996767409,-0.00747547580417194,0.0360689032690236,0,0,-0.000160001098245777,0.00168875731544582,-0.00931207055243087,0,0,-1.00539372879426,0.0541340942802363,-0.256288776594054,-0,0
23.816,0.000667632918385971,-0.0071135164224276,0.0363229730798331,0,0,-0.000143578085430041,0.00159594956658992,-0.00924947921874728,0,0,-1.0048652413847,0.0515594781913572,-0.258634441181678,-0,0
23.826,0.000598318137312546,-0.0067490163425753,0.0365770428906426,0,0,-0.000128080020536187,0.00150376773107088,-0.00918688788506371,0,0,-1.00436261741925,0.0489614054566028,-0.260980105769301,-0,0
23.836,0.000532661060528166,-0.00638197556461477,0.0368311127014522,0,0,-0.000113500644430839,0.00141221180888865,-0.00912429655138012,0,0,-1.00388609146439,0.0463398760759713,-0.263325770356925,-0,0
23.846,0.00047068709501393,-0.00601239408854614,0.0370851825122618,0,0,-9.98336979806242e-05,0.00132128180004325,-0.00906170521769653,0,0,-1.00343589808655,0.0436948900494635,-0.265671434944549,-0,0
23.856,0.000412421647750938,-0.00564027191436955,0.0373392523230713,0,0,-8.70729220521832e-05,0.00123097770453472,-0.00899911388401297,0,0,-1.00301227185222,0.0410264473770805,-0.268017099532172,-0,0
23.866,0.00035789012572023,-0.00526560904208473,0.0375933221338809,0,0,-7.52120575121373e-05,0.00114129952236299,-0.00893652255032938,0,0,-1.00261544732783,0.0383345480588202,-0.270362764119796,-0,0
23.876,0.000307117935902944,-0.00488840547169194,0.0378473919446904,0,0,-6.42448452271381e-05,0.00105224725352813,-0.00887393121664582,0,0,-1.00224565907986,0.0356191920946846,-0.272708428707419,-0,0
23.886,0.000260130485280088,-0.00450866120319093,0.0381014617555,0,0,-5.41650260637872e-05,0.000963820898030082,-0.00881133988296223,0,0,-1.00190314167476,0.0328803794846718,-0.275054093295043,-0,0
23.896,0.000216953180832811,-0.00412637623658196,0.0383555315663095,0,0,-4.49663408887408e-05,0.000876020455868892,-0.00874874854927866,0,0,-1.00158812967899,0.0301181102287838,-0.277399757882666,-0,0
23.906,0.000177611429542156,-0.00374155057186476,0.0386096013771191,0,0,-3.66425305686261e-05,0.000788845927044512,-0.00868615721559507,0,0,-1.001300857659,0.0273323843270186,-0.27974542247029,-0,0
23.916,0.000142130638389202,-0.00335418420903946,0.0388636711879287,0,0,-2.91873359700615e-05,0.000702297311556967,-0.00862356588191148,0,0,-1.00104156018127,0.0245232017793772,-0.282091087057914,-0,0
23.926,0.000110536214355057,-0.0029642771481062,0.0391177409987382,0,0,-2.25944979596926e-05,0.000616374609406284,-0.00856097454822792,0,0,-1.00081047181223,0.0216905625858605,-0.284436751645537,-0,0
23.936,8.28535644207668e-05,-0.00257182938906471,0.0393718108095478,0,0,-1.68577574041458e-05,0.000531077820592412,-0.00849838321454433,0,0,-1.00060782711837,0.0188344667464665,-0.286782416233161,-0,0
23.946,5.9108095567462e-05,-0.00217684093191526,0.0396258806203573,0,0,-1.19708551700615e-05,0.000446406945115402,-0.00843579188086076,0,0,-1.00043386066612,0.0159549142611974,-0.289128080820784,-0,0
23.956,3.93252147761648e-05,-0.00177931177665758,0.0398799504311669,0,0,-7.92753212405106e-06,0.000362361982975199,-0.00837320054717717,0,0,-1.00028880702196,0.013051905130051,-0.291473745408408,-0,0
23.966,2.35303290279901e-05,-0.00137924192329193,0.0401340202419764,0,0,-4.72152913275854e-06,0.000278942934171862,-0.00831060921349361,0,0,-1.00017290075234,0.0101254393530293,-0.293819409996031,-0,0
23.976,1.17488453040215e-05,-0.000976631371818067,0.040388090052786,0,0,-2.34658706282191e-06,0.000196149798705331,-0.00824801787981002,0,0,-1.00008637642372,0.00717551693013047,-0.296165074583655,-0,0
23.986,4.00617058533235e-06,-0.000571480122236238,0.0406421598635955,0,0,-7.96446780867735e-07,0.000113982576575662,-0.00818542654612645,0,0,-1.00002946860256,0.00420213786135638,-0.298510739171278,-0,0
23.996,3.27711852995834e-07,-0.000163788174546176,0.0408962296744051,0,0,-6.4849153522616e-08,3.24412677828039e-05,-0.00812283521244287,0,0,-1.00000241185531,0.00120530214670504,-0.300856403758902,-0,0
24,0,0,0.0409978575987288,0,0,0,0,-0.00809779867896944,0,0,-1,0,-0.301794669593951,-0,0
